[2026-09-15 19:35:31] Sprawdzam: https://www.otomoto.pl/oferta/przyklad-id123.html
[2026-09-15 19:35:32] Sprawdzam: https://www.olx.pl/oferta/przyklad-id456.html
[2026-09-15 19:35:32] Gotowe. Zapisano 2 ofert do tracker.xlsx i index.html
[2026-09-15 19:43:27] Sprawdzam: https://www.otomoto.pl/oferta/przyklad-id123.html
[2026-09-15 19:43:28] Sprawdzam: https://www.olx.pl/oferta/przyklad-id456.html
[2026-09-15 19:43:28] Sprawdzam: https://www.otomoto.pl/osobowe/oferta/volkswagen-scirocco-ID6IeDKy.html
[2026-09-15 19:43:29] Gotowe. Zapisano 3 ofert do tracker.xlsx i index.html
[2026-09-15 19:45:06] Sprawdzam: https://www.otomoto.pl/osobowe/oferta/volkswagen-scirocco-ID6IeDKy.html
[2026-09-15 19:45:07] Gotowe. Zapisano 1 ofert do tracker.xlsx i index.html
[2026-09-15 19:47:03] Sprawdzam: https://www.otomoto.pl/osobowe/oferta/volkswagen-scirocco-ID6IeDKy.html
[2026-09-15 19:47:04] Sprawdzam: https://www.olx.pl/d/oferta/volkswagen-scirocco-2-0-tdi-242-km-6-biegow-xenon-szyberdach-skora-krajowy-CID5-ID1bYhbH.html?reason=observed_ad
[2026-09-15 19:47:04] Gotowe. Zapisano 2 ofert do tracker.xlsx i index.html
[2026-09-15 20:02:19] Sprawdzam: https://www.otomoto.pl/osobowe/oferta/volkswagen-scirocco-ID6IeDKy.html
[2026-09-15 20:02:20] Sprawdzam: https://www.olx.pl/d/oferta/volkswagen-scirocco-2-0-tdi-242-km-6-biegow-xenon-szyberdach-skora-krajowy-CID5-ID1bYhbH.html?reason=observed_ad
[2026-09-15 20:02:20] Gotowe. Zapisano 2 ofert do tracker.xlsx i index.html
[2026-09-15 21:02:07] Sprawdzam: https://www.otomoto.pl/osobowe/oferta/volkswagen-scirocco-ID6IeDKy.html
[2026-09-15 21:02:09] Sprawdzam: https://www.olx.pl/d/oferta/volkswagen-scirocco-2-0-tdi-242-km-6-biegow-xenon-szyberdach-skora-krajowy-CID5-ID1bYhbH.html?reason=observed_ad
[2026-09-15 21:02:09] Gotowe. Zapisano 2 ofert do tracker.xlsx i index.html
[2026-09-15 22:02:17] Sprawdzam: https://www.otomoto.pl/osobowe/oferta/volkswagen-scirocco-ID6IeDKy.html
[2026-09-15 22:02:18] Sprawdzam: https://www.olx.pl/d/oferta/volkswagen-scirocco-2-0-tdi-242-km-6-biegow-xenon-szyberdach-skora-krajowy-CID5-ID1bYhbH.html?reason=observed_ad
[2026-09-15 22:02:19] Gotowe. Zapisano 2 ofert do tracker.xlsx i index.html
[2026-09-15 23:01:46] Sprawdzam: https://www.otomoto.pl/osobowe/oferta/volkswagen-scirocco-ID6IeDKy.html
[2026-09-15 23:01:46] Sprawdzam: https://www.olx.pl/d/oferta/volkswagen-scirocco-2-0-tdi-242-km-6-biegow-xenon-szyberdach-skora-krajowy-CID5-ID1bYhbH.html?reason=observed_ad
[2026-09-15 23:01:46] Gotowe. Zapisano 2 ofert do tracker.xlsx i index.html
[2026-09-16 00:02:21] Sprawdzam: https://www.otomoto.pl/osobowe/oferta/volkswagen-scirocco-ID6IeDKy.html
[2026-09-16 00:02:22] Sprawdzam: https://www.olx.pl/d/oferta/volkswagen-scirocco-2-0-tdi-242-km-6-biegow-xenon-szyberdach-skora-krajowy-CID5-ID1bYhbH.html?reason=observed_ad
[2026-09-16 00:02:23] Gotowe. Zapisano 2 ofert do tracker.xlsx i index.html
[2026-09-16 01:02:24] Sprawdzam: https://www.otomoto.pl/osobowe/oferta/volkswagen-scirocco-ID6IeDKy.html
[2026-09-16 01:02:24] Sprawdzam: https://www.olx.pl/d/oferta/volkswagen-scirocco-2-0-tdi-242-km-6-biegow-xenon-szyberdach-skora-krajowy-CID5-ID1bYhbH.html?reason=observed_ad
[2026-09-16 01:02:24] Gotowe. Zapisano 2 ofert do tracker.xlsx i index.html
[2026-09-16 02:02:08] Sprawdzam: https://www.otomoto.pl/osobowe/oferta/volkswagen-scirocco-ID6IeDKy.html
[2026-09-16 02:02:08] Sprawdzam: https://www.olx.pl/d/oferta/volkswagen-scirocco-2-0-tdi-242-km-6-biegow-xenon-szyberdach-skora-krajowy-CID5-ID1bYhbH.html?reason=observed_ad
[2026-09-16 02:02:09] Gotowe. Zapisano 2 ofert do tracker.xlsx i index.html
[2026-09-16 03:02:00] Sprawdzam: https://www.otomoto.pl/osobowe/oferta/volkswagen-scirocco-ID6IeDKy.html
[2026-09-16 03:02:02] Sprawdzam: https://www.olx.pl/d/oferta/volkswagen-scirocco-2-0-tdi-242-km-6-biegow-xenon-szyberdach-skora-krajowy-CID5-ID1bYhbH.html?reason=observed_ad
[2026-09-16 03:02:02] Gotowe. Zapisano 2 ofert do tracker.xlsx i index.html
[2026-09-16 04:01:55] Sprawdzam: https://www.otomoto.pl/osobowe/oferta/volkswagen-scirocco-ID6IeDKy.html
[2026-09-16 04:01:56] Sprawdzam: https://www.olx.pl/d/oferta/volkswagen-scirocco-2-0-tdi-242-km-6-biegow-xenon-szyberdach-skora-krajowy-CID5-ID1bYhbH.html?reason=observed_ad
[2026-09-16 04:01:56] Gotowe. Zapisano 2 ofert do tracker.xlsx i index.html
[2026-09-16 05:02:08] Sprawdzam: https://www.otomoto.pl/osobowe/oferta/volkswagen-scirocco-ID6IeDKy.html
[2026-09-16 05:02:08] Sprawdzam: https://www.olx.pl/d/oferta/volkswagen-scirocco-2-0-tdi-242-km-6-biegow-xenon-szyberdach-skora-krajowy-CID5-ID1bYhbH.html?reason=observed_ad
[2026-09-16 05:02:09] Gotowe. Zapisano 2 ofert do tracker.xlsx i index.html
[2026-09-16 06:02:26] Sprawdzam: https://www.otomoto.pl/osobowe/oferta/volkswagen-scirocco-ID6IeDKy.html
[2026-09-16 06:02:27] Sprawdzam: https://www.olx.pl/d/oferta/volkswagen-scirocco-2-0-tdi-242-km-6-biegow-xenon-szyberdach-skora-krajowy-CID5-ID1bYhbH.html?reason=observed_ad
[2026-09-16 06:02:27] Gotowe. Zapisano 2 ofert do tracker.xlsx i index.html
[2026-09-16 07:03:33] Sprawdzam: https://www.otomoto.pl/osobowe/oferta/volkswagen-scirocco-ID6IeDKy.html
[2026-09-16 07:03:34] Sprawdzam: https://www.olx.pl/d/oferta/volkswagen-scirocco-2-0-tdi-242-km-6-biegow-xenon-szyberdach-skora-krajowy-CID5-ID1bYhbH.html?reason=observed_ad
[2026-09-16 07:03:34] Gotowe. Zapisano 2 ofert do tracker.xlsx i index.html
[2026-09-16 08:02:22] Sprawdzam: https://www.otomoto.pl/osobowe/oferta/volkswagen-scirocco-ID6IeDKy.html
[2026-09-16 08:02:23] Sprawdzam: https://www.olx.pl/d/oferta/volkswagen-scirocco-2-0-tdi-242-km-6-biegow-xenon-szyberdach-skora-krajowy-CID5-ID1bYhbH.html?reason=observed_ad
[2026-09-16 08:02:23] Gotowe. Zapisano 2 ofert do tracker.xlsx i index.html
[2026-09-16 09:01:49] Sprawdzam: https://www.otomoto.pl/osobowe/oferta/volkswagen-scirocco-ID6IeDKy.html
[2026-09-16 09:01:50] Sprawdzam: https://www.olx.pl/d/oferta/volkswagen-scirocco-2-0-tdi-242-km-6-biegow-xenon-szyberdach-skora-krajowy-CID5-ID1bYhbH.html?reason=observed_ad
[2026-09-16 09:01:50] Gotowe. Zapisano 2 ofert do tracker.xlsx i index.html
[2026-09-16 10:02:06] Sprawdzam: https://www.otomoto.pl/osobowe/oferta/volkswagen-scirocco-ID6IeDKy.html
[2026-09-16 10:02:07] Sprawdzam: https://www.olx.pl/d/oferta/volkswagen-scirocco-2-0-tdi-242-km-6-biegow-xenon-szyberdach-skora-krajowy-CID5-ID1bYhbH.html?reason=observed_ad
[2026-09-16 10:02:07] Gotowe. Zapisano 2 ofert do tracker.xlsx i index.html
[2026-09-16 11:02:15] Sprawdzam: https://www.otomoto.pl/osobowe/oferta/volkswagen-scirocco-ID6IeDKy.html
[2026-09-16 11:02:16] Sprawdzam: https://www.olx.pl/d/oferta/volkswagen-scirocco-2-0-tdi-242-km-6-biegow-xenon-szyberdach-skora-krajowy-CID5-ID1bYhbH.html?reason=observed_ad
[2026-09-16 11:02:16] Gotowe. Zapisano 2 ofert do tracker.xlsx i index.html
[2026-09-16 12:02:29] Sprawdzam: https://www.otomoto.pl/osobowe/oferta/volkswagen-scirocco-ID6IeDKy.html
[2026-09-16 12:02:30] Sprawdzam: https://www.olx.pl/d/oferta/volkswagen-scirocco-2-0-tdi-242-km-6-biegow-xenon-szyberdach-skora-krajowy-CID5-ID1bYhbH.html?reason=observed_ad
[2026-09-16 12:02:30] Gotowe. Zapisano 2 ofert do tracker.xlsx i index.html
[2026-09-16 13:03:40] Sprawdzam: https://www.otomoto.pl/osobowe/oferta/volkswagen-scirocco-ID6IeDKy.html
[2026-09-16 13:03:40] Sprawdzam: https://www.olx.pl/d/oferta/volkswagen-scirocco-2-0-tdi-242-km-6-biegow-xenon-szyberdach-skora-krajowy-CID5-ID1bYhbH.html?reason=observed_ad
[2026-09-16 13:03:41] Gotowe. Zapisano 2 ofert do tracker.xlsx i index.html
[2026-09-16 14:02:49] Sprawdzam: https://www.otomoto.pl/osobowe/oferta/volkswagen-scirocco-ID6IeDKy.html
[2026-09-16 14:02:49] Sprawdzam: https://www.olx.pl/d/oferta/volkswagen-scirocco-2-0-tdi-242-km-6-biegow-xenon-szyberdach-skora-krajowy-CID5-ID1bYhbH.html?reason=observed_ad
[2026-09-16 14:02:50] Gotowe. Zapisano 2 ofert do tracker.xlsx i index.html
[2026-09-16 15:02:55] Sprawdzam: https://www.otomoto.pl/osobowe/oferta/volkswagen-scirocco-ID6IeDKy.html
[2026-09-16 15:02:56] Sprawdzam: https://www.olx.pl/d/oferta/volkswagen-scirocco-2-0-tdi-242-km-6-biegow-xenon-szyberdach-skora-krajowy-CID5-ID1bYhbH.html?reason=observed_ad
[2026-09-16 15:02:56] Gotowe. Zapisano 2 ofert do tracker.xlsx i index.html
[2026-09-16 16:02:40] Sprawdzam: https://www.otomoto.pl/osobowe/oferta/volkswagen-scirocco-ID6IeDKy.html
[2026-09-16 16:02:41] Sprawdzam: https://www.olx.pl/d/oferta/volkswagen-scirocco-2-0-tdi-242-km-6-biegow-xenon-szyberdach-skora-krajowy-CID5-ID1bYhbH.html?reason=observed_ad
[2026-09-16 16:02:41] Gotowe. Zapisano 2 ofert do tracker.xlsx i index.html
[2026-09-16 17:02:19] Sprawdzam: https://www.otomoto.pl/osobowe/oferta/volkswagen-scirocco-ID6IeDKy.html
[2026-09-16 17:02:20] Sprawdzam: https://www.olx.pl/d/oferta/volkswagen-scirocco-2-0-tdi-242-km-6-biegow-xenon-szyberdach-skora-krajowy-CID5-ID1bYhbH.html?reason=observed_ad
[2026-09-16 17:02:20] Gotowe. Zapisano 2 ofert do tracker.xlsx i index.html
[2026-09-16 18:02:16] Sprawdzam: https://www.otomoto.pl/osobowe/oferta/volkswagen-scirocco-ID6IeDKy.html
[2026-09-16 18:02:17] Sprawdzam: https://www.olx.pl/d/oferta/volkswagen-scirocco-2-0-tdi-242-km-6-biegow-xenon-szyberdach-skora-krajowy-CID5-ID1bYhbH.html?reason=observed_ad
[2026-09-16 18:02:17] Gotowe. Zapisano 2 ofert do tracker.xlsx i index.html
[2026-09-16 18:33:24] Sprawdzam: https://www.otomoto.pl/osobowe/oferta/volkswagen-scirocco-ID6IeDKy.html
[2026-09-16 18:33:25] Sprawdzam: https://www.olx.pl/d/oferta/volkswagen-scirocco-2-0-tdi-242-km-6-biegow-xenon-szyberdach-skora-krajowy-CID5-ID1bYhbH.html?reason=observed_ad
[2026-09-16 18:33:25] Sprawdzam: https://www.facebook.com/marketplace/item/1077529318369893
[2026-09-16 18:33:25] Gotowe. Zapisano 3 ofert do tracker.xlsx i index.html
[2026-09-16 18:33:46] Sprawdzam: https://www.otomoto.pl/osobowe/oferta/volkswagen-scirocco-ID6IeDKy.html
[2026-09-16 18:33:47] Sprawdzam: https://www.facebook.com/marketplace/item/1077529318369893
[2026-09-16 18:33:47] Sprawdzam: https://www.olx.pl/d/oferta/volkswagen-scirocco-2-0-tdi-242-km-6-biegow-xenon-szyberdach-skora-krajowy-CID5-ID1bYhbH.html?reason=observed_ad
[2026-09-16 18:33:48] Gotowe. Zapisano 3 ofert do tracker.xlsx i index.html
[2026-09-16 18:34:54] Sprawdzam: https://www.otomoto.pl/osobowe/oferta/volkswagen-scirocco-ID6IeDKy.html
[2026-09-16 18:34:55] Sprawdzam: https://www.facebook.com/marketplace/item/1077529318369893
[2026-09-16 18:34:55] Sprawdzam: https://www.olx.pl/d/oferta/volkswagen-scirocco-2-0-tdi-242-km-6-biegow-xenon-szyberdach-skora-krajowy-CID5-ID1bYhbH.html?reason=observed_ad
[2026-09-16 18:34:55] Sprawdzam: https://www.otomoto.pl/osobowe/oferta/volkswagen-scirocco-ID6IeoPJ.html?session_long_olx=19f5668af28xced6a111&session_olx=1a0ab7eb45cx47947b02
[2026-09-16 18:34:56] Gotowe. Zapisano 4 ofert do tracker.xlsx i index.html
[2026-09-16 19:02:00] Sprawdzam: https://www.otomoto.pl/osobowe/oferta/volkswagen-scirocco-ID6IeDKy.html
[2026-09-16 19:02:01] Sprawdzam: https://www.facebook.com/marketplace/item/1077529318369893
[2026-09-16 19:02:01] Sprawdzam: https://www.olx.pl/d/oferta/volkswagen-scirocco-2-0-tdi-242-km-6-biegow-xenon-szyberdach-skora-krajowy-CID5-ID1bYhbH.html?reason=observed_ad
[2026-09-16 19:02:02] Sprawdzam: https://www.otomoto.pl/osobowe/oferta/volkswagen-scirocco-ID6IeoPJ.html?session_long_olx=19f5668af28xced6a111&session_olx=1a0ab7eb45cx47947b02
[2026-09-16 19:02:02] Gotowe. Zapisano 4 ofert do tracker.xlsx i index.html
[2026-09-16 20:02:20] Sprawdzam: https://www.otomoto.pl/osobowe/oferta/volkswagen-scirocco-ID6IeDKy.html
[2026-09-16 20:02:21] Sprawdzam: https://www.facebook.com/marketplace/item/1077529318369893
[2026-09-16 20:02:21] Sprawdzam: https://www.olx.pl/d/oferta/volkswagen-scirocco-2-0-tdi-242-km-6-biegow-xenon-szyberdach-skora-krajowy-CID5-ID1bYhbH.html?reason=observed_ad
[2026-09-16 20:02:21] Sprawdzam: https://www.otomoto.pl/osobowe/oferta/volkswagen-scirocco-ID6IeoPJ.html?session_long_olx=19f5668af28xced6a111&session_olx=1a0ab7eb45cx47947b02
[2026-09-16 20:02:22] Gotowe. Zapisano 4 ofert do tracker.xlsx i index.html
[2026-09-16 21:02:03] Sprawdzam: https://www.otomoto.pl/osobowe/oferta/volkswagen-scirocco-ID6IeDKy.html
[2026-09-16 21:02:04] Sprawdzam: https://www.facebook.com/marketplace/item/1077529318369893
[2026-09-16 21:02:04] Sprawdzam: https://www.olx.pl/d/oferta/volkswagen-scirocco-2-0-tdi-242-km-6-biegow-xenon-szyberdach-skora-krajowy-CID5-ID1bYhbH.html?reason=observed_ad
[2026-09-16 21:02:04] Sprawdzam: https://www.otomoto.pl/osobowe/oferta/volkswagen-scirocco-ID6IeoPJ.html?session_long_olx=19f5668af28xced6a111&session_olx=1a0ab7eb45cx47947b02
[2026-09-16 21:02:05] Gotowe. Zapisano 4 ofert do tracker.xlsx i index.html
[2026-09-16 22:02:01] Sprawdzam: https://www.otomoto.pl/osobowe/oferta/volkswagen-scirocco-ID6IeDKy.html
[2026-09-16 22:02:02] Sprawdzam: https://www.facebook.com/marketplace/item/1077529318369893
[2026-09-16 22:02:03] Sprawdzam: https://www.olx.pl/d/oferta/volkswagen-scirocco-2-0-tdi-242-km-6-biegow-xenon-szyberdach-skora-krajowy-CID5-ID1bYhbH.html?reason=observed_ad
[2026-09-16 22:02:03] Sprawdzam: https://www.otomoto.pl/osobowe/oferta/volkswagen-scirocco-ID6IeoPJ.html?session_long_olx=19f5668af28xced6a111&session_olx=1a0ab7eb45cx47947b02
[2026-09-16 22:02:03] Gotowe. Zapisano 4 ofert do tracker.xlsx i index.html
[2026-09-16 23:01:58] Sprawdzam: https://www.otomoto.pl/osobowe/oferta/volkswagen-scirocco-ID6IeDKy.html
[2026-09-16 23:02:00] Sprawdzam: https://www.facebook.com/marketplace/item/1077529318369893
[2026-09-16 23:02:00] Sprawdzam: https://www.olx.pl/d/oferta/volkswagen-scirocco-2-0-tdi-242-km-6-biegow-xenon-szyberdach-skora-krajowy-CID5-ID1bYhbH.html?reason=observed_ad
[2026-09-16 23:02:00] Sprawdzam: https://www.otomoto.pl/osobowe/oferta/volkswagen-scirocco-ID6IeoPJ.html?session_long_olx=19f5668af28xced6a111&session_olx=1a0ab7eb45cx47947b02
[2026-09-16 23:02:01] Gotowe. Zapisano 4 ofert do tracker.xlsx i index.html
[2026-09-17 00:02:08] Sprawdzam: https://www.otomoto.pl/osobowe/oferta/volkswagen-scirocco-ID6IeDKy.html
[2026-09-17 00:02:09] Sprawdzam: https://www.facebook.com/marketplace/item/1077529318369893
[2026-09-17 00:02:09] Sprawdzam: https://www.olx.pl/d/oferta/volkswagen-scirocco-2-0-tdi-242-km-6-biegow-xenon-szyberdach-skora-krajowy-CID5-ID1bYhbH.html?reason=observed_ad
[2026-09-17 00:02:09] Sprawdzam: https://www.otomoto.pl/osobowe/oferta/volkswagen-scirocco-ID6IeoPJ.html?session_long_olx=19f5668af28xced6a111&session_olx=1a0ab7eb45cx47947b02
[2026-09-17 00:02:10] Gotowe. Zapisano 4 ofert do tracker.xlsx i index.html
[2026-09-17 01:02:43] Sprawdzam: https://www.otomoto.pl/osobowe/oferta/volkswagen-scirocco-ID6IeDKy.html
[2026-09-17 01:02:44] Sprawdzam: https://www.facebook.com/marketplace/item/1077529318369893
[2026-09-17 01:02:44] Sprawdzam: https://www.olx.pl/d/oferta/volkswagen-scirocco-2-0-tdi-242-km-6-biegow-xenon-szyberdach-skora-krajowy-CID5-ID1bYhbH.html?reason=observed_ad
[2026-09-17 01:02:45] Sprawdzam: https://www.otomoto.pl/osobowe/oferta/volkswagen-scirocco-ID6IeoPJ.html?session_long_olx=19f5668af28xced6a111&session_olx=1a0ab7eb45cx47947b02
[2026-09-17 01:02:45] Gotowe. Zapisano 4 ofert do tracker.xlsx i index.html
[2026-09-17 02:02:14] Sprawdzam: https://www.otomoto.pl/osobowe/oferta/volkswagen-scirocco-ID6IeDKy.html
[2026-09-17 02:02:15] Sprawdzam: https://www.facebook.com/marketplace/item/1077529318369893
[2026-09-17 02:02:15] Sprawdzam: https://www.olx.pl/d/oferta/volkswagen-scirocco-2-0-tdi-242-km-6-biegow-xenon-szyberdach-skora-krajowy-CID5-ID1bYhbH.html?reason=observed_ad
[2026-09-17 02:02:15] Sprawdzam: https://www.otomoto.pl/osobowe/oferta/volkswagen-scirocco-ID6IeoPJ.html?session_long_olx=19f5668af28xced6a111&session_olx=1a0ab7eb45cx47947b02
[2026-09-17 02:02:16] Gotowe. Zapisano 4 ofert do tracker.xlsx i index.html
[2026-09-17 03:02:05] Sprawdzam: https://www.otomoto.pl/osobowe/oferta/volkswagen-scirocco-ID6IeDKy.html
[2026-09-17 03:02:06] Sprawdzam: https://www.facebook.com/marketplace/item/1077529318369893
[2026-09-17 03:02:06] Sprawdzam: https://www.olx.pl/d/oferta/volkswagen-scirocco-2-0-tdi-242-km-6-biegow-xenon-szyberdach-skora-krajowy-CID5-ID1bYhbH.html?reason=observed_ad
[2026-09-17 03:02:07] Sprawdzam: https://www.otomoto.pl/osobowe/oferta/volkswagen-scirocco-ID6IeoPJ.html?session_long_olx=19f5668af28xced6a111&session_olx=1a0ab7eb45cx47947b02
[2026-09-17 03:02:08] Gotowe. Zapisano 4 ofert do tracker.xlsx i index.html
[2026-09-17 04:02:02] Sprawdzam: https://www.otomoto.pl/osobowe/oferta/volkswagen-scirocco-ID6IeDKy.html
[2026-09-17 04:02:03] Sprawdzam: https://www.facebook.com/marketplace/item/1077529318369893
[2026-09-17 04:02:03] Sprawdzam: https://www.olx.pl/d/oferta/volkswagen-scirocco-2-0-tdi-242-km-6-biegow-xenon-szyberdach-skora-krajowy-CID5-ID1bYhbH.html?reason=observed_ad
[2026-09-17 04:02:04] Sprawdzam: https://www.otomoto.pl/osobowe/oferta/volkswagen-scirocco-ID6IeoPJ.html?session_long_olx=19f5668af28xced6a111&session_olx=1a0ab7eb45cx47947b02
[2026-09-17 04:02:05] Gotowe. Zapisano 4 ofert do tracker.xlsx i index.html
[2026-09-17 05:02:25] Sprawdzam: https://www.otomoto.pl/osobowe/oferta/volkswagen-scirocco-ID6IeDKy.html
[2026-09-17 05:02:27] Sprawdzam: https://www.facebook.com/marketplace/item/1077529318369893
[2026-09-17 05:02:27] Sprawdzam: https://www.olx.pl/d/oferta/volkswagen-scirocco-2-0-tdi-242-km-6-biegow-xenon-szyberdach-skora-krajowy-CID5-ID1bYhbH.html?reason=observed_ad
[2026-09-17 05:02:27] Sprawdzam: https://www.otomoto.pl/osobowe/oferta/volkswagen-scirocco-ID6IeoPJ.html?session_long_olx=19f5668af28xced6a111&session_olx=1a0ab7eb45cx47947b02
[2026-09-17 05:02:27] Gotowe. Zapisano 4 ofert do tracker.xlsx i index.html
[2026-09-17 06:02:33] Sprawdzam: https://www.otomoto.pl/osobowe/oferta/volkswagen-scirocco-ID6IeDKy.html
[2026-09-17 06:02:34] Sprawdzam: https://www.facebook.com/marketplace/item/1077529318369893
[2026-09-17 06:02:34] Sprawdzam: https://www.olx.pl/d/oferta/volkswagen-scirocco-2-0-tdi-242-km-6-biegow-xenon-szyberdach-skora-krajowy-CID5-ID1bYhbH.html?reason=observed_ad
[2026-09-17 06:02:34] Sprawdzam: https://www.otomoto.pl/osobowe/oferta/volkswagen-scirocco-ID6IeoPJ.html?session_long_olx=19f5668af28xced6a111&session_olx=1a0ab7eb45cx47947b02
[2026-09-17 06:02:35] Gotowe. Zapisano 4 ofert do tracker.xlsx i index.html
[2026-09-17 07:03:53] Sprawdzam: https://www.otomoto.pl/osobowe/oferta/volkswagen-scirocco-ID6IeDKy.html
[2026-09-17 07:03:54] Sprawdzam: https://www.facebook.com/marketplace/item/1077529318369893
[2026-09-17 07:03:54] Sprawdzam: https://www.olx.pl/d/oferta/volkswagen-scirocco-2-0-tdi-242-km-6-biegow-xenon-szyberdach-skora-krajowy-CID5-ID1bYhbH.html?reason=observed_ad
[2026-09-17 07:03:54] Sprawdzam: https://www.otomoto.pl/osobowe/oferta/volkswagen-scirocco-ID6IeoPJ.html?session_long_olx=19f5668af28xced6a111&session_olx=1a0ab7eb45cx47947b02
[2026-09-17 07:03:55] Gotowe. Zapisano 4 ofert do tracker.xlsx i index.html
[2026-09-17 08:02:08] Sprawdzam: https://www.otomoto.pl/osobowe/oferta/volkswagen-scirocco-ID6IeDKy.html
[2026-09-17 08:02:09] Sprawdzam: https://www.facebook.com/marketplace/item/1077529318369893
[2026-09-17 08:02:09] Sprawdzam: https://www.olx.pl/d/oferta/volkswagen-scirocco-2-0-tdi-242-km-6-biegow-xenon-szyberdach-skora-krajowy-CID5-ID1bYhbH.html?reason=observed_ad
[2026-09-17 08:02:10] Sprawdzam: https://www.otomoto.pl/osobowe/oferta/volkswagen-scirocco-ID6IeoPJ.html?session_long_olx=19f5668af28xced6a111&session_olx=1a0ab7eb45cx47947b02
[2026-09-17 08:02:10] Gotowe. Zapisano 4 ofert do tracker.xlsx i index.html
[2026-09-17 09:02:20] Sprawdzam: https://www.otomoto.pl/osobowe/oferta/volkswagen-scirocco-ID6IeDKy.html
[2026-09-17 09:02:20] Sprawdzam: https://www.facebook.com/marketplace/item/1077529318369893
[2026-09-17 09:02:21] Sprawdzam: https://www.olx.pl/d/oferta/volkswagen-scirocco-2-0-tdi-242-km-6-biegow-xenon-szyberdach-skora-krajowy-CID5-ID1bYhbH.html?reason=observed_ad
[2026-09-17 09:02:21] Sprawdzam: https://www.otomoto.pl/osobowe/oferta/volkswagen-scirocco-ID6IeoPJ.html?session_long_olx=19f5668af28xced6a111&session_olx=1a0ab7eb45cx47947b02
[2026-09-17 09:02:21] Gotowe. Zapisano 4 ofert do tracker.xlsx i index.html
[2026-09-17 10:02:08] Sprawdzam: https://www.otomoto.pl/osobowe/oferta/volkswagen-scirocco-ID6IeDKy.html
[2026-09-17 10:02:09] Sprawdzam: https://www.facebook.com/marketplace/item/1077529318369893
[2026-09-17 10:02:09] Sprawdzam: https://www.olx.pl/d/oferta/volkswagen-scirocco-2-0-tdi-242-km-6-biegow-xenon-szyberdach-skora-krajowy-CID5-ID1bYhbH.html?reason=observed_ad
[2026-09-17 10:02:09] Sprawdzam: https://www.otomoto.pl/osobowe/oferta/volkswagen-scirocco-ID6IeoPJ.html?session_long_olx=19f5668af28xced6a111&session_olx=1a0ab7eb45cx47947b02
[2026-09-17 10:02:10] Gotowe. Zapisano 4 ofert do tracker.xlsx i index.html
[2026-09-17 11:02:24] Sprawdzam: https://www.otomoto.pl/osobowe/oferta/volkswagen-scirocco-ID6IeDKy.html
[2026-09-17 11:02:25] Sprawdzam: https://www.facebook.com/marketplace/item/1077529318369893
[2026-09-17 11:02:26] Sprawdzam: https://www.olx.pl/d/oferta/volkswagen-scirocco-2-0-tdi-242-km-6-biegow-xenon-szyberdach-skora-krajowy-CID5-ID1bYhbH.html?reason=observed_ad
[2026-09-17 11:02:26] Sprawdzam: https://www.otomoto.pl/osobowe/oferta/volkswagen-scirocco-ID6IeoPJ.html?session_long_olx=19f5668af28xced6a111&session_olx=1a0ab7eb45cx47947b02
[2026-09-17 11:02:27] Gotowe. Zapisano 4 ofert do tracker.xlsx i index.html
[2026-09-17 12:02:32] Sprawdzam: https://www.otomoto.pl/osobowe/oferta/volkswagen-scirocco-ID6IeDKy.html
[2026-09-17 12:02:34] Sprawdzam: https://www.facebook.com/marketplace/item/1077529318369893
[2026-09-17 12:02:34] Sprawdzam: https://www.olx.pl/d/oferta/volkswagen-scirocco-2-0-tdi-242-km-6-biegow-xenon-szyberdach-skora-krajowy-CID5-ID1bYhbH.html?reason=observed_ad
[2026-09-17 12:02:34] Sprawdzam: https://www.otomoto.pl/osobowe/oferta/volkswagen-scirocco-ID6IeoPJ.html?session_long_olx=19f5668af28xced6a111&session_olx=1a0ab7eb45cx47947b02
[2026-09-17 12:02:35] Gotowe. Zapisano 4 ofert do tracker.xlsx i index.html
[2026-09-17 13:03:44] Sprawdzam: https://www.otomoto.pl/osobowe/oferta/volkswagen-scirocco-ID6IeDKy.html
[2026-09-17 13:03:45] Sprawdzam: https://www.facebook.com/marketplace/item/1077529318369893
[2026-09-17 13:03:45] Sprawdzam: https://www.olx.pl/d/oferta/volkswagen-scirocco-2-0-tdi-242-km-6-biegow-xenon-szyberdach-skora-krajowy-CID5-ID1bYhbH.html?reason=observed_ad
[2026-09-17 13:03:45] Sprawdzam: https://www.otomoto.pl/osobowe/oferta/volkswagen-scirocco-ID6IeoPJ.html?session_long_olx=19f5668af28xced6a111&session_olx=1a0ab7eb45cx47947b02
[2026-09-17 13:03:46] Gotowe. Zapisano 4 ofert do tracker.xlsx i index.html
[2026-09-17 14:02:24] Sprawdzam: https://www.otomoto.pl/osobowe/oferta/volkswagen-scirocco-ID6IeDKy.html
[2026-09-17 14:02:26] Sprawdzam: https://www.facebook.com/marketplace/item/1077529318369893
[2026-09-17 14:02:26] Sprawdzam: https://www.olx.pl/d/oferta/volkswagen-scirocco-2-0-tdi-242-km-6-biegow-xenon-szyberdach-skora-krajowy-CID5-ID1bYhbH.html?reason=observed_ad
[2026-09-17 14:02:26] Sprawdzam: https://www.otomoto.pl/osobowe/oferta/volkswagen-scirocco-ID6IeoPJ.html?session_long_olx=19f5668af28xced6a111&session_olx=1a0ab7eb45cx47947b02
[2026-09-17 14:02:28] Gotowe. Zapisano 4 ofert do tracker.xlsx i index.html
[2026-09-17 15:02:32] Sprawdzam: https://www.otomoto.pl/osobowe/oferta/volkswagen-scirocco-ID6IeDKy.html
[2026-09-17 15:02:33] Sprawdzam: https://www.facebook.com/marketplace/item/1077529318369893
[2026-09-17 15:02:33] Sprawdzam: https://www.olx.pl/d/oferta/volkswagen-scirocco-2-0-tdi-242-km-6-biegow-xenon-szyberdach-skora-krajowy-CID5-ID1bYhbH.html?reason=observed_ad
[2026-09-17 15:02:33] Sprawdzam: https://www.otomoto.pl/osobowe/oferta/volkswagen-scirocco-ID6IeoPJ.html?session_long_olx=19f5668af28xced6a111&session_olx=1a0ab7eb45cx47947b02
[2026-09-17 15:02:34] Gotowe. Zapisano 4 ofert do tracker.xlsx i index.html
[2026-09-17 16:02:32] Sprawdzam: https://www.otomoto.pl/osobowe/oferta/volkswagen-scirocco-ID6IeDKy.html
[2026-09-17 16:02:33] Sprawdzam: https://www.facebook.com/marketplace/item/1077529318369893
[2026-09-17 16:02:33] Sprawdzam: https://www.olx.pl/d/oferta/volkswagen-scirocco-2-0-tdi-242-km-6-biegow-xenon-szyberdach-skora-krajowy-CID5-ID1bYhbH.html?reason=observed_ad
[2026-09-17 16:02:34] Sprawdzam: https://www.otomoto.pl/osobowe/oferta/volkswagen-scirocco-ID6IeoPJ.html?session_long_olx=19f5668af28xced6a111&session_olx=1a0ab7eb45cx47947b02
[2026-09-17 16:02:35] Gotowe. Zapisano 4 ofert do tracker.xlsx i index.html
[2026-09-17 17:01:55] Sprawdzam: https://www.otomoto.pl/osobowe/oferta/volkswagen-scirocco-ID6IeDKy.html
[2026-09-17 17:01:57] Sprawdzam: https://www.facebook.com/marketplace/item/1077529318369893
[2026-09-17 17:01:57] Sprawdzam: https://www.olx.pl/d/oferta/volkswagen-scirocco-2-0-tdi-242-km-6-biegow-xenon-szyberdach-skora-krajowy-CID5-ID1bYhbH.html?reason=observed_ad
[2026-09-17 17:01:57] Sprawdzam: https://www.otomoto.pl/osobowe/oferta/volkswagen-scirocco-ID6IeoPJ.html?session_long_olx=19f5668af28xced6a111&session_olx=1a0ab7eb45cx47947b02
[2026-09-17 17:01:58] Gotowe. Zapisano 4 ofert do tracker.xlsx i index.html
[2026-09-17 18:02:31] Sprawdzam: https://www.otomoto.pl/osobowe/oferta/volkswagen-scirocco-ID6IeDKy.html
[2026-09-17 18:02:32] Sprawdzam: https://www.facebook.com/marketplace/item/1077529318369893
[2026-09-17 18:02:32] Sprawdzam: https://www.olx.pl/d/oferta/volkswagen-scirocco-2-0-tdi-242-km-6-biegow-xenon-szyberdach-skora-krajowy-CID5-ID1bYhbH.html?reason=observed_ad
[2026-09-17 18:02:33] Sprawdzam: https://www.otomoto.pl/osobowe/oferta/volkswagen-scirocco-ID6IeoPJ.html?session_long_olx=19f5668af28xced6a111&session_olx=1a0ab7eb45cx47947b02
[2026-09-17 18:02:33] Gotowe. Zapisano 4 ofert do tracker.xlsx i index.html
[2026-09-17 19:02:09] Sprawdzam: https://www.otomoto.pl/osobowe/oferta/volkswagen-scirocco-ID6IeDKy.html
[2026-09-17 19:02:10] Sprawdzam: https://www.facebook.com/marketplace/item/1077529318369893
[2026-09-17 19:02:10] Sprawdzam: https://www.olx.pl/d/oferta/volkswagen-scirocco-2-0-tdi-242-km-6-biegow-xenon-szyberdach-skora-krajowy-CID5-ID1bYhbH.html?reason=observed_ad
[2026-09-17 19:02:10] Sprawdzam: https://www.otomoto.pl/osobowe/oferta/volkswagen-scirocco-ID6IeoPJ.html?session_long_olx=19f5668af28xced6a111&session_olx=1a0ab7eb45cx47947b02
[2026-09-17 19:02:11] Gotowe. Zapisano 4 ofert do tracker.xlsx i index.html
[2026-09-17 20:02:02] Sprawdzam: https://www.otomoto.pl/osobowe/oferta/volkswagen-scirocco-ID6IeDKy.html
[2026-09-17 20:02:03] Sprawdzam: https://www.facebook.com/marketplace/item/1077529318369893
[2026-09-17 20:02:03] Sprawdzam: https://www.olx.pl/d/oferta/volkswagen-scirocco-2-0-tdi-242-km-6-biegow-xenon-szyberdach-skora-krajowy-CID5-ID1bYhbH.html?reason=observed_ad
[2026-09-17 20:02:03] Sprawdzam: https://www.otomoto.pl/osobowe/oferta/volkswagen-scirocco-ID6IeoPJ.html?session_long_olx=19f5668af28xced6a111&session_olx=1a0ab7eb45cx47947b02
[2026-09-17 20:02:04] Gotowe. Zapisano 4 ofert do tracker.xlsx i index.html
[2026-09-17 21:02:13] Sprawdzam: https://www.otomoto.pl/osobowe/oferta/volkswagen-scirocco-ID6IeDKy.html
[2026-09-17 21:02:14] Sprawdzam: https://www.facebook.com/marketplace/item/1077529318369893
[2026-09-17 21:02:15] Sprawdzam: https://www.olx.pl/d/oferta/volkswagen-scirocco-2-0-tdi-242-km-6-biegow-xenon-szyberdach-skora-krajowy-CID5-ID1bYhbH.html?reason=observed_ad
[2026-09-17 21:02:15] Sprawdzam: https://www.otomoto.pl/osobowe/oferta/volkswagen-scirocco-ID6IeoPJ.html?session_long_olx=19f5668af28xced6a111&session_olx=1a0ab7eb45cx47947b02
[2026-09-17 21:02:15] Gotowe. Zapisano 4 ofert do tracker.xlsx i index.html
[2026-09-17 22:02:12] Sprawdzam: https://www.otomoto.pl/osobowe/oferta/volkswagen-scirocco-ID6IeDKy.html
[2026-09-17 22:02:13] Sprawdzam: https://www.facebook.com/marketplace/item/1077529318369893
[2026-09-17 22:02:13] Sprawdzam: https://www.olx.pl/d/oferta/volkswagen-scirocco-2-0-tdi-242-km-6-biegow-xenon-szyberdach-skora-krajowy-CID5-ID1bYhbH.html?reason=observed_ad
[2026-09-17 22:02:13] Sprawdzam: https://www.otomoto.pl/osobowe/oferta/volkswagen-scirocco-ID6IeoPJ.html?session_long_olx=19f5668af28xced6a111&session_olx=1a0ab7eb45cx47947b02
[2026-09-17 22:02:14] Gotowe. Zapisano 4 ofert do tracker.xlsx i index.html
[2026-09-17 23:01:46] Sprawdzam: https://www.otomoto.pl/osobowe/oferta/volkswagen-scirocco-ID6IeDKy.html
[2026-09-17 23:01:46] Sprawdzam: https://www.facebook.com/marketplace/item/1077529318369893
[2026-09-17 23:01:47] Sprawdzam: https://www.olx.pl/d/oferta/volkswagen-scirocco-2-0-tdi-242-km-6-biegow-xenon-szyberdach-skora-krajowy-CID5-ID1bYhbH.html?reason=observed_ad
[2026-09-17 23:01:47] Sprawdzam: https://www.otomoto.pl/osobowe/oferta/volkswagen-scirocco-ID6IeoPJ.html?session_long_olx=19f5668af28xced6a111&session_olx=1a0ab7eb45cx47947b02
[2026-09-17 23:01:48] Gotowe. Zapisano 4 ofert do tracker.xlsx i index.html
[2026-09-18 00:02:23] Sprawdzam: https://www.otomoto.pl/osobowe/oferta/volkswagen-scirocco-ID6IeDKy.html
[2026-09-18 00:02:23] Sprawdzam: https://www.facebook.com/marketplace/item/1077529318369893
[2026-09-18 00:02:24] Sprawdzam: https://www.olx.pl/d/oferta/volkswagen-scirocco-2-0-tdi-242-km-6-biegow-xenon-szyberdach-skora-krajowy-CID5-ID1bYhbH.html?reason=observed_ad
[2026-09-18 00:02:24] Sprawdzam: https://www.otomoto.pl/osobowe/oferta/volkswagen-scirocco-ID6IeoPJ.html?session_long_olx=19f5668af28xced6a111&session_olx=1a0ab7eb45cx47947b02
[2026-09-18 00:02:25] Gotowe. Zapisano 4 ofert do tracker.xlsx i index.html
[2026-09-18 01:02:06] Sprawdzam: https://www.otomoto.pl/osobowe/oferta/volkswagen-scirocco-ID6IeDKy.html
[2026-09-18 01:02:07] Sprawdzam: https://www.facebook.com/marketplace/item/1077529318369893
[2026-09-18 01:02:07] Sprawdzam: https://www.olx.pl/d/oferta/volkswagen-scirocco-2-0-tdi-242-km-6-biegow-xenon-szyberdach-skora-krajowy-CID5-ID1bYhbH.html?reason=observed_ad
[2026-09-18 01:02:07] Sprawdzam: https://www.otomoto.pl/osobowe/oferta/volkswagen-scirocco-ID6IeoPJ.html?session_long_olx=19f5668af28xced6a111&session_olx=1a0ab7eb45cx47947b02
[2026-09-18 01:02:08] Gotowe. Zapisano 4 ofert do tracker.xlsx i index.html
[2026-09-18 02:02:04] Sprawdzam: https://www.otomoto.pl/osobowe/oferta/volkswagen-scirocco-ID6IeDKy.html
[2026-09-18 02:02:05] Sprawdzam: https://www.facebook.com/marketplace/item/1077529318369893
[2026-09-18 02:02:06] Sprawdzam: https://www.olx.pl/d/oferta/volkswagen-scirocco-2-0-tdi-242-km-6-biegow-xenon-szyberdach-skora-krajowy-CID5-ID1bYhbH.html?reason=observed_ad
[2026-09-18 02:02:06] Sprawdzam: https://www.otomoto.pl/osobowe/oferta/volkswagen-scirocco-ID6IeoPJ.html?session_long_olx=19f5668af28xced6a111&session_olx=1a0ab7eb45cx47947b02
[2026-09-18 02:02:07] Gotowe. Zapisano 4 ofert do tracker.xlsx i index.html
[2026-09-18 03:01:59] Sprawdzam: https://www.otomoto.pl/osobowe/oferta/volkswagen-scirocco-ID6IeDKy.html
[2026-09-18 03:02:00] Sprawdzam: https://www.facebook.com/marketplace/item/1077529318369893
[2026-09-18 03:02:00] Sprawdzam: https://www.olx.pl/d/oferta/volkswagen-scirocco-2-0-tdi-242-km-6-biegow-xenon-szyberdach-skora-krajowy-CID5-ID1bYhbH.html?reason=observed_ad
[2026-09-18 03:02:00] Sprawdzam: https://www.otomoto.pl/osobowe/oferta/volkswagen-scirocco-ID6IeoPJ.html?session_long_olx=19f5668af28xced6a111&session_olx=1a0ab7eb45cx47947b02
[2026-09-18 03:02:01] Gotowe. Zapisano 4 ofert do tracker.xlsx i index.html
[2026-09-18 04:02:39] Sprawdzam: https://www.otomoto.pl/osobowe/oferta/volkswagen-scirocco-ID6IeDKy.html
[2026-09-18 04:02:40] Sprawdzam: https://www.facebook.com/marketplace/item/1077529318369893
[2026-09-18 04:02:40] Sprawdzam: https://www.olx.pl/d/oferta/volkswagen-scirocco-2-0-tdi-242-km-6-biegow-xenon-szyberdach-skora-krajowy-CID5-ID1bYhbH.html?reason=observed_ad
[2026-09-18 04:02:41] Sprawdzam: https://www.otomoto.pl/osobowe/oferta/volkswagen-scirocco-ID6IeoPJ.html?session_long_olx=19f5668af28xced6a111&session_olx=1a0ab7eb45cx47947b02
[2026-09-18 04:02:41] Gotowe. Zapisano 4 ofert do tracker.xlsx i index.html
[2026-09-18 05:01:54] Sprawdzam: https://www.otomoto.pl/osobowe/oferta/volkswagen-scirocco-ID6IeDKy.html
[2026-09-18 05:01:55] Sprawdzam: https://www.facebook.com/marketplace/item/1077529318369893
[2026-09-18 05:01:55] Sprawdzam: https://www.olx.pl/d/oferta/volkswagen-scirocco-2-0-tdi-242-km-6-biegow-xenon-szyberdach-skora-krajowy-CID5-ID1bYhbH.html?reason=observed_ad
[2026-09-18 05:01:55] Sprawdzam: https://www.otomoto.pl/osobowe/oferta/volkswagen-scirocco-ID6IeoPJ.html?session_long_olx=19f5668af28xced6a111&session_olx=1a0ab7eb45cx47947b02
[2026-09-18 05:01:56] Gotowe. Zapisano 4 ofert do tracker.xlsx i index.html
[2026-09-18 06:02:16] Sprawdzam: https://www.otomoto.pl/osobowe/oferta/volkswagen-scirocco-ID6IeDKy.html
[2026-09-18 06:02:16] Sprawdzam: https://www.facebook.com/marketplace/item/1077529318369893
[2026-09-18 06:02:16] Sprawdzam: https://www.olx.pl/d/oferta/volkswagen-scirocco-2-0-tdi-242-km-6-biegow-xenon-szyberdach-skora-krajowy-CID5-ID1bYhbH.html?reason=observed_ad
[2026-09-18 06:02:17] Sprawdzam: https://www.otomoto.pl/osobowe/oferta/volkswagen-scirocco-ID6IeoPJ.html?session_long_olx=19f5668af28xced6a111&session_olx=1a0ab7eb45cx47947b02
[2026-09-18 06:02:17] Gotowe. Zapisano 4 ofert do tracker.xlsx i index.html
[2026-09-18 07:02:16] Sprawdzam: https://www.otomoto.pl/osobowe/oferta/volkswagen-scirocco-ID6IeDKy.html
[2026-09-18 07:02:17] Sprawdzam: https://www.facebook.com/marketplace/item/1077529318369893
[2026-09-18 07:02:17] Sprawdzam: https://www.olx.pl/d/oferta/volkswagen-scirocco-2-0-tdi-242-km-6-biegow-xenon-szyberdach-skora-krajowy-CID5-ID1bYhbH.html?reason=observed_ad
[2026-09-18 07:02:17] Sprawdzam: https://www.otomoto.pl/osobowe/oferta/volkswagen-scirocco-ID6IeoPJ.html?session_long_olx=19f5668af28xced6a111&session_olx=1a0ab7eb45cx47947b02
[2026-09-18 07:02:18] Gotowe. Zapisano 4 ofert do tracker.xlsx i index.html
[2026-09-18 08:02:08] Sprawdzam: https://www.otomoto.pl/osobowe/oferta/volkswagen-scirocco-ID6IeDKy.html
[2026-09-18 08:02:09] Sprawdzam: https://www.facebook.com/marketplace/item/1077529318369893
[2026-09-18 08:02:10] Sprawdzam: https://www.olx.pl/d/oferta/volkswagen-scirocco-2-0-tdi-242-km-6-biegow-xenon-szyberdach-skora-krajowy-CID5-ID1bYhbH.html?reason=observed_ad
[2026-09-18 08:02:10] Sprawdzam: https://www.otomoto.pl/osobowe/oferta/volkswagen-scirocco-ID6IeoPJ.html?session_long_olx=19f5668af28xced6a111&session_olx=1a0ab7eb45cx47947b02
[2026-09-18 08:02:10] Gotowe. Zapisano 4 ofert do tracker.xlsx i index.html
[2026-09-18 09:01:55] Sprawdzam: https://www.otomoto.pl/osobowe/oferta/volkswagen-scirocco-ID6IeDKy.html
[2026-09-18 09:01:56] Sprawdzam: https://www.facebook.com/marketplace/item/1077529318369893
[2026-09-18 09:01:56] Sprawdzam: https://www.olx.pl/d/oferta/volkswagen-scirocco-2-0-tdi-242-km-6-biegow-xenon-szyberdach-skora-krajowy-CID5-ID1bYhbH.html?reason=observed_ad
[2026-09-18 09:01:57] Sprawdzam: https://www.otomoto.pl/osobowe/oferta/volkswagen-scirocco-ID6IeoPJ.html?session_long_olx=19f5668af28xced6a111&session_olx=1a0ab7eb45cx47947b02
[2026-09-18 09:01:57] Gotowe. Zapisano 4 ofert do tracker.xlsx i index.html
[2026-09-18 10:01:57] Sprawdzam: https://www.otomoto.pl/osobowe/oferta/volkswagen-scirocco-ID6IeDKy.html
[2026-09-18 10:01:58] Sprawdzam: https://www.facebook.com/marketplace/item/1077529318369893
[2026-09-18 10:01:58] Sprawdzam: https://www.olx.pl/d/oferta/volkswagen-scirocco-2-0-tdi-242-km-6-biegow-xenon-szyberdach-skora-krajowy-CID5-ID1bYhbH.html?reason=observed_ad
[2026-09-18 10:01:59] Sprawdzam: https://www.otomoto.pl/osobowe/oferta/volkswagen-scirocco-ID6IeoPJ.html?session_long_olx=19f5668af28xced6a111&session_olx=1a0ab7eb45cx47947b02
[2026-09-18 10:02:00] Gotowe. Zapisano 4 ofert do tracker.xlsx i index.html
[2026-09-18 11:01:52] Sprawdzam: https://www.otomoto.pl/osobowe/oferta/volkswagen-scirocco-ID6IeDKy.html
[2026-09-18 11:01:53] Sprawdzam: https://www.facebook.com/marketplace/item/1077529318369893
[2026-09-18 11:01:53] Sprawdzam: https://www.olx.pl/d/oferta/volkswagen-scirocco-2-0-tdi-242-km-6-biegow-xenon-szyberdach-skora-krajowy-CID5-ID1bYhbH.html?reason=observed_ad
[2026-09-18 11:01:54] Sprawdzam: https://www.otomoto.pl/osobowe/oferta/volkswagen-scirocco-ID6IeoPJ.html?session_long_olx=19f5668af28xced6a111&session_olx=1a0ab7eb45cx47947b02
[2026-09-18 11:01:54] Gotowe. Zapisano 4 ofert do tracker.xlsx i index.html
[2026-09-18 12:02:15] Sprawdzam: https://www.otomoto.pl/osobowe/oferta/volkswagen-scirocco-ID6IeDKy.html
[2026-09-18 12:02:16] Sprawdzam: https://www.facebook.com/marketplace/item/1077529318369893
[2026-09-18 12:02:16] Sprawdzam: https://www.olx.pl/d/oferta/volkswagen-scirocco-2-0-tdi-242-km-6-biegow-xenon-szyberdach-skora-krajowy-CID5-ID1bYhbH.html?reason=observed_ad
[2026-09-18 12:02:16] Sprawdzam: https://www.otomoto.pl/osobowe/oferta/volkswagen-scirocco-ID6IeoPJ.html?session_long_olx=19f5668af28xced6a111&session_olx=1a0ab7eb45cx47947b02
[2026-09-18 12:02:17] Gotowe. Zapisano 4 ofert do tracker.xlsx i index.html
[2026-09-18 13:02:00] Sprawdzam: https://www.otomoto.pl/osobowe/oferta/volkswagen-scirocco-ID6IeDKy.html
[2026-09-18 13:02:00] Sprawdzam: https://www.facebook.com/marketplace/item/1077529318369893
[2026-09-18 13:02:01] Sprawdzam: https://www.olx.pl/d/oferta/volkswagen-scirocco-2-0-tdi-242-km-6-biegow-xenon-szyberdach-skora-krajowy-CID5-ID1bYhbH.html?reason=observed_ad
[2026-09-18 13:02:02] Sprawdzam: https://www.otomoto.pl/osobowe/oferta/volkswagen-scirocco-ID6IeoPJ.html?session_long_olx=19f5668af28xced6a111&session_olx=1a0ab7eb45cx47947b02
[2026-09-18 13:02:02] Gotowe. Zapisano 4 ofert do tracker.xlsx i index.html
[2026-09-18 14:02:00] Sprawdzam: https://www.otomoto.pl/osobowe/oferta/volkswagen-scirocco-ID6IeDKy.html
[2026-09-18 14:02:01] Sprawdzam: https://www.facebook.com/marketplace/item/1077529318369893
[2026-09-18 14:02:01] Sprawdzam: https://www.olx.pl/d/oferta/volkswagen-scirocco-2-0-tdi-242-km-6-biegow-xenon-szyberdach-skora-krajowy-CID5-ID1bYhbH.html?reason=observed_ad
[2026-09-18 14:02:01] Sprawdzam: https://www.otomoto.pl/osobowe/oferta/volkswagen-scirocco-ID6IeoPJ.html?session_long_olx=19f5668af28xced6a111&session_olx=1a0ab7eb45cx47947b02
[2026-09-18 14:02:02] Gotowe. Zapisano 4 ofert do tracker.xlsx i index.html
[2026-09-18 15:02:21] Sprawdzam: https://www.otomoto.pl/osobowe/oferta/volkswagen-scirocco-ID6IeDKy.html
[2026-09-18 15:02:22] Sprawdzam: https://www.facebook.com/marketplace/item/1077529318369893
[2026-09-18 15:02:22] Sprawdzam: https://www.olx.pl/d/oferta/volkswagen-scirocco-2-0-tdi-242-km-6-biegow-xenon-szyberdach-skora-krajowy-CID5-ID1bYhbH.html?reason=observed_ad
[2026-09-18 15:02:23] Sprawdzam: https://www.otomoto.pl/osobowe/oferta/volkswagen-scirocco-ID6IeoPJ.html?session_long_olx=19f5668af28xced6a111&session_olx=1a0ab7eb45cx47947b02
[2026-09-18 15:02:24] Gotowe. Zapisano 4 ofert do tracker.xlsx i index.html
[2026-09-18 16:01:55] Sprawdzam: https://www.otomoto.pl/osobowe/oferta/volkswagen-scirocco-ID6IeDKy.html
[2026-09-18 16:01:56] Sprawdzam: https://www.facebook.com/marketplace/item/1077529318369893
[2026-09-18 16:01:56] Sprawdzam: https://www.olx.pl/d/oferta/volkswagen-scirocco-2-0-tdi-242-km-6-biegow-xenon-szyberdach-skora-krajowy-CID5-ID1bYhbH.html?reason=observed_ad
[2026-09-18 16:01:57] Sprawdzam: https://www.otomoto.pl/osobowe/oferta/volkswagen-scirocco-ID6IeoPJ.html?session_long_olx=19f5668af28xced6a111&session_olx=1a0ab7eb45cx47947b02
[2026-09-18 16:01:57] Gotowe. Zapisano 4 ofert do tracker.xlsx i index.html
[2026-09-18 17:02:26] Sprawdzam: https://www.otomoto.pl/osobowe/oferta/volkswagen-scirocco-ID6IeDKy.html
[2026-09-18 17:02:27] Sprawdzam: https://www.facebook.com/marketplace/item/1077529318369893
[2026-09-18 17:02:28] Sprawdzam: https://www.olx.pl/d/oferta/volkswagen-scirocco-2-0-tdi-242-km-6-biegow-xenon-szyberdach-skora-krajowy-CID5-ID1bYhbH.html?reason=observed_ad
[2026-09-18 17:02:28] Sprawdzam: https://www.otomoto.pl/osobowe/oferta/volkswagen-scirocco-ID6IeoPJ.html?session_long_olx=19f5668af28xced6a111&session_olx=1a0ab7eb45cx47947b02
[2026-09-18 17:02:29] Gotowe. Zapisano 4 ofert do tracker.xlsx i index.html
[2026-09-18 18:02:22] Sprawdzam: https://www.otomoto.pl/osobowe/oferta/volkswagen-scirocco-ID6IeDKy.html
[2026-09-18 18:02:24] Sprawdzam: https://www.facebook.com/marketplace/item/1077529318369893
[2026-09-18 18:02:25] Sprawdzam: https://www.olx.pl/d/oferta/volkswagen-scirocco-2-0-tdi-242-km-6-biegow-xenon-szyberdach-skora-krajowy-CID5-ID1bYhbH.html?reason=observed_ad
[2026-09-18 18:02:25] Sprawdzam: https://www.otomoto.pl/osobowe/oferta/volkswagen-scirocco-ID6IeoPJ.html?session_long_olx=19f5668af28xced6a111&session_olx=1a0ab7eb45cx47947b02
[2026-09-18 18:02:26] Gotowe. Zapisano 4 ofert do tracker.xlsx i index.html
[2026-09-18 19:02:32] Sprawdzam: https://www.otomoto.pl/osobowe/oferta/volkswagen-scirocco-ID6IeDKy.html
[2026-09-18 19:02:33] Sprawdzam: https://www.facebook.com/marketplace/item/1077529318369893
[2026-09-18 19:02:33] Sprawdzam: https://www.olx.pl/d/oferta/volkswagen-scirocco-2-0-tdi-242-km-6-biegow-xenon-szyberdach-skora-krajowy-CID5-ID1bYhbH.html?reason=observed_ad
[2026-09-18 19:02:34] Sprawdzam: https://www.otomoto.pl/osobowe/oferta/volkswagen-scirocco-ID6IeoPJ.html?session_long_olx=19f5668af28xced6a111&session_olx=1a0ab7eb45cx47947b02
[2026-09-18 19:02:34] Gotowe. Zapisano 4 ofert do tracker.xlsx i index.html
[2026-09-18 20:02:02] Sprawdzam: https://www.otomoto.pl/osobowe/oferta/volkswagen-scirocco-ID6IeDKy.html
[2026-09-18 20:02:03] Sprawdzam: https://www.facebook.com/marketplace/item/1077529318369893
[2026-09-18 20:02:03] Sprawdzam: https://www.olx.pl/d/oferta/volkswagen-scirocco-2-0-tdi-242-km-6-biegow-xenon-szyberdach-skora-krajowy-CID5-ID1bYhbH.html?reason=observed_ad
[2026-09-18 20:02:03] Sprawdzam: https://www.otomoto.pl/osobowe/oferta/volkswagen-scirocco-ID6IeoPJ.html?session_long_olx=19f5668af28xced6a111&session_olx=1a0ab7eb45cx47947b02
[2026-09-18 20:02:04] Gotowe. Zapisano 4 ofert do tracker.xlsx i index.html
[2026-09-18 21:02:01] Sprawdzam: https://www.otomoto.pl/osobowe/oferta/volkswagen-scirocco-ID6IeDKy.html
[2026-09-18 21:02:03] Sprawdzam: https://www.facebook.com/marketplace/item/1077529318369893
[2026-09-18 21:02:03] Sprawdzam: https://www.olx.pl/d/oferta/volkswagen-scirocco-2-0-tdi-242-km-6-biegow-xenon-szyberdach-skora-krajowy-CID5-ID1bYhbH.html?reason=observed_ad
[2026-09-18 21:02:03] Sprawdzam: https://www.otomoto.pl/osobowe/oferta/volkswagen-scirocco-ID6IeoPJ.html?session_long_olx=19f5668af28xced6a111&session_olx=1a0ab7eb45cx47947b02
[2026-09-18 21:02:04] Gotowe. Zapisano 4 ofert do tracker.xlsx i index.html
[2026-09-18 22:01:50] Sprawdzam: https://www.otomoto.pl/osobowe/oferta/volkswagen-scirocco-ID6IeDKy.html
[2026-09-18 22:01:51] Sprawdzam: https://www.facebook.com/marketplace/item/1077529318369893
[2026-09-18 22:01:51] Sprawdzam: https://www.olx.pl/d/oferta/volkswagen-scirocco-2-0-tdi-242-km-6-biegow-xenon-szyberdach-skora-krajowy-CID5-ID1bYhbH.html?reason=observed_ad
[2026-09-18 22:01:51] Sprawdzam: https://www.otomoto.pl/osobowe/oferta/volkswagen-scirocco-ID6IeoPJ.html?session_long_olx=19f5668af28xced6a111&session_olx=1a0ab7eb45cx47947b02
[2026-09-18 22:01:52] Gotowe. Zapisano 4 ofert do tracker.xlsx i index.html
[2026-09-18 23:02:03] Sprawdzam: https://www.otomoto.pl/osobowe/oferta/volkswagen-scirocco-ID6IeDKy.html
[2026-09-18 23:02:03] Sprawdzam: https://www.facebook.com/marketplace/item/1077529318369893
[2026-09-18 23:02:04] Sprawdzam: https://www.olx.pl/d/oferta/volkswagen-scirocco-2-0-tdi-242-km-6-biegow-xenon-szyberdach-skora-krajowy-CID5-ID1bYhbH.html?reason=observed_ad
[2026-09-18 23:02:04] Sprawdzam: https://www.otomoto.pl/osobowe/oferta/volkswagen-scirocco-ID6IeoPJ.html?session_long_olx=19f5668af28xced6a111&session_olx=1a0ab7eb45cx47947b02
[2026-09-18 23:02:07] Gotowe. Zapisano 4 ofert do tracker.xlsx i index.html
[2026-09-19 00:02:11] Sprawdzam: https://www.otomoto.pl/osobowe/oferta/volkswagen-scirocco-ID6IeDKy.html
[2026-09-19 00:02:12] Sprawdzam: https://www.facebook.com/marketplace/item/1077529318369893
[2026-09-19 00:02:12] Sprawdzam: https://www.olx.pl/d/oferta/volkswagen-scirocco-2-0-tdi-242-km-6-biegow-xenon-szyberdach-skora-krajowy-CID5-ID1bYhbH.html?reason=observed_ad
[2026-09-19 00:02:12] Sprawdzam: https://www.otomoto.pl/osobowe/oferta/volkswagen-scirocco-ID6IeoPJ.html?session_long_olx=19f5668af28xced6a111&session_olx=1a0ab7eb45cx47947b02
[2026-09-19 00:02:14] Gotowe. Zapisano 4 ofert do tracker.xlsx i index.html
[2026-09-19 01:01:36] Sprawdzam: https://www.otomoto.pl/osobowe/oferta/volkswagen-scirocco-ID6IeDKy.html
[2026-09-19 01:01:37] Sprawdzam: https://www.facebook.com/marketplace/item/1077529318369893
[2026-09-19 01:01:38] Sprawdzam: https://www.olx.pl/d/oferta/volkswagen-scirocco-2-0-tdi-242-km-6-biegow-xenon-szyberdach-skora-krajowy-CID5-ID1bYhbH.html?reason=observed_ad
[2026-09-19 01:01:38] Sprawdzam: https://www.otomoto.pl/osobowe/oferta/volkswagen-scirocco-ID6IeoPJ.html?session_long_olx=19f5668af28xced6a111&session_olx=1a0ab7eb45cx47947b02
[2026-09-19 01:01:39] Gotowe. Zapisano 4 ofert do tracker.xlsx i index.html
[2026-09-19 02:01:59] Sprawdzam: https://www.otomoto.pl/osobowe/oferta/volkswagen-scirocco-ID6IeDKy.html
[2026-09-19 02:02:00] Sprawdzam: https://www.facebook.com/marketplace/item/1077529318369893
[2026-09-19 02:02:01] Sprawdzam: https://www.olx.pl/d/oferta/volkswagen-scirocco-2-0-tdi-242-km-6-biegow-xenon-szyberdach-skora-krajowy-CID5-ID1bYhbH.html?reason=observed_ad
[2026-09-19 02:02:01] Sprawdzam: https://www.otomoto.pl/osobowe/oferta/volkswagen-scirocco-ID6IeoPJ.html?session_long_olx=19f5668af28xced6a111&session_olx=1a0ab7eb45cx47947b02
[2026-09-19 02:02:02] Gotowe. Zapisano 4 ofert do tracker.xlsx i index.html
[2026-09-19 03:01:50] Sprawdzam: https://www.otomoto.pl/osobowe/oferta/volkswagen-scirocco-ID6IeDKy.html
[2026-09-19 03:01:51] Sprawdzam: https://www.facebook.com/marketplace/item/1077529318369893
[2026-09-19 03:01:51] Sprawdzam: https://www.olx.pl/d/oferta/volkswagen-scirocco-2-0-tdi-242-km-6-biegow-xenon-szyberdach-skora-krajowy-CID5-ID1bYhbH.html?reason=observed_ad
[2026-09-19 03:01:51] Sprawdzam: https://www.otomoto.pl/osobowe/oferta/volkswagen-scirocco-ID6IeoPJ.html?session_long_olx=19f5668af28xced6a111&session_olx=1a0ab7eb45cx47947b02
[2026-09-19 03:01:52] Gotowe. Zapisano 4 ofert do tracker.xlsx i index.html
[2026-09-19 04:02:14] Sprawdzam: https://www.otomoto.pl/osobowe/oferta/volkswagen-scirocco-ID6IeDKy.html
[2026-09-19 04:02:15] Sprawdzam: https://www.facebook.com/marketplace/item/1077529318369893
[2026-09-19 04:02:15] Sprawdzam: https://www.olx.pl/d/oferta/volkswagen-scirocco-2-0-tdi-242-km-6-biegow-xenon-szyberdach-skora-krajowy-CID5-ID1bYhbH.html?reason=observed_ad
[2026-09-19 04:02:15] Sprawdzam: https://www.otomoto.pl/osobowe/oferta/volkswagen-scirocco-ID6IeoPJ.html?session_long_olx=19f5668af28xced6a111&session_olx=1a0ab7eb45cx47947b02
[2026-09-19 04:02:16] Gotowe. Zapisano 4 ofert do tracker.xlsx i index.html
[2026-09-19 05:01:54] Sprawdzam: https://www.otomoto.pl/osobowe/oferta/volkswagen-scirocco-ID6IeDKy.html
[2026-09-19 05:01:55] Sprawdzam: https://www.facebook.com/marketplace/item/1077529318369893
[2026-09-19 05:01:55] Sprawdzam: https://www.olx.pl/d/oferta/volkswagen-scirocco-2-0-tdi-242-km-6-biegow-xenon-szyberdach-skora-krajowy-CID5-ID1bYhbH.html?reason=observed_ad
[2026-09-19 05:01:56] Sprawdzam: https://www.otomoto.pl/osobowe/oferta/volkswagen-scirocco-ID6IeoPJ.html?session_long_olx=19f5668af28xced6a111&session_olx=1a0ab7eb45cx47947b02
[2026-09-19 05:01:57] Gotowe. Zapisano 4 ofert do tracker.xlsx i index.html
[2026-09-19 06:02:18] Sprawdzam: https://www.otomoto.pl/osobowe/oferta/volkswagen-scirocco-ID6IeDKy.html
[2026-09-19 06:02:18] Sprawdzam: https://www.facebook.com/marketplace/item/1077529318369893
[2026-09-19 06:02:19] Sprawdzam: https://www.olx.pl/d/oferta/volkswagen-scirocco-2-0-tdi-242-km-6-biegow-xenon-szyberdach-skora-krajowy-CID5-ID1bYhbH.html?reason=observed_ad
[2026-09-19 06:02:19] Sprawdzam: https://www.otomoto.pl/osobowe/oferta/volkswagen-scirocco-ID6IeoPJ.html?session_long_olx=19f5668af28xced6a111&session_olx=1a0ab7eb45cx47947b02
[2026-09-19 06:02:20] Gotowe. Zapisano 4 ofert do tracker.xlsx i index.html
[2026-09-19 07:01:53] Sprawdzam: https://www.otomoto.pl/osobowe/oferta/volkswagen-scirocco-ID6IeDKy.html
[2026-09-19 07:01:54] Sprawdzam: https://www.facebook.com/marketplace/item/1077529318369893
[2026-09-19 07:01:54] Sprawdzam: https://www.olx.pl/d/oferta/volkswagen-scirocco-2-0-tdi-242-km-6-biegow-xenon-szyberdach-skora-krajowy-CID5-ID1bYhbH.html?reason=observed_ad
[2026-09-19 07:01:54] Sprawdzam: https://www.otomoto.pl/osobowe/oferta/volkswagen-scirocco-ID6IeoPJ.html?session_long_olx=19f5668af28xced6a111&session_olx=1a0ab7eb45cx47947b02
[2026-09-19 07:01:55] Gotowe. Zapisano 4 ofert do tracker.xlsx i index.html
[2026-09-19 08:02:08] Sprawdzam: https://www.otomoto.pl/osobowe/oferta/volkswagen-scirocco-ID6IeDKy.html
[2026-09-19 08:02:09] Sprawdzam: https://www.facebook.com/marketplace/item/1077529318369893
[2026-09-19 08:02:09] Sprawdzam: https://www.olx.pl/d/oferta/volkswagen-scirocco-2-0-tdi-242-km-6-biegow-xenon-szyberdach-skora-krajowy-CID5-ID1bYhbH.html?reason=observed_ad
[2026-09-19 08:02:10] Sprawdzam: https://www.otomoto.pl/osobowe/oferta/volkswagen-scirocco-ID6IeoPJ.html?session_long_olx=19f5668af28xced6a111&session_olx=1a0ab7eb45cx47947b02
[2026-09-19 08:02:10] Gotowe. Zapisano 4 ofert do tracker.xlsx i index.html
[2026-09-19 09:01:52] Sprawdzam: https://www.otomoto.pl/osobowe/oferta/volkswagen-scirocco-ID6IeDKy.html
[2026-09-19 09:01:53] Sprawdzam: https://www.facebook.com/marketplace/item/1077529318369893
[2026-09-19 09:01:53] Sprawdzam: https://www.olx.pl/d/oferta/volkswagen-scirocco-2-0-tdi-242-km-6-biegow-xenon-szyberdach-skora-krajowy-CID5-ID1bYhbH.html?reason=observed_ad
[2026-09-19 09:01:53] Sprawdzam: https://www.otomoto.pl/osobowe/oferta/volkswagen-scirocco-ID6IeoPJ.html?session_long_olx=19f5668af28xced6a111&session_olx=1a0ab7eb45cx47947b02
[2026-09-19 09:01:54] Gotowe. Zapisano 4 ofert do tracker.xlsx i index.html
[2026-09-19 10:02:15] Sprawdzam: https://www.otomoto.pl/osobowe/oferta/volkswagen-scirocco-ID6IeDKy.html
[2026-09-19 10:02:15] Sprawdzam: https://www.facebook.com/marketplace/item/1077529318369893
[2026-09-19 10:02:15] Sprawdzam: https://www.olx.pl/d/oferta/volkswagen-scirocco-2-0-tdi-242-km-6-biegow-xenon-szyberdach-skora-krajowy-CID5-ID1bYhbH.html?reason=observed_ad
[2026-09-19 10:02:16] Sprawdzam: https://www.otomoto.pl/osobowe/oferta/volkswagen-scirocco-ID6IeoPJ.html?session_long_olx=19f5668af28xced6a111&session_olx=1a0ab7eb45cx47947b02
[2026-09-19 10:02:16] Gotowe. Zapisano 4 ofert do tracker.xlsx i index.html
[2026-09-19 11:02:00] Sprawdzam: https://www.otomoto.pl/osobowe/oferta/volkswagen-scirocco-ID6IeDKy.html
[2026-09-19 11:02:01] Sprawdzam: https://www.facebook.com/marketplace/item/1077529318369893
[2026-09-19 11:02:01] Sprawdzam: https://www.olx.pl/d/oferta/volkswagen-scirocco-2-0-tdi-242-km-6-biegow-xenon-szyberdach-skora-krajowy-CID5-ID1bYhbH.html?reason=observed_ad
[2026-09-19 11:02:01] Sprawdzam: https://www.otomoto.pl/osobowe/oferta/volkswagen-scirocco-ID6IeoPJ.html?session_long_olx=19f5668af28xced6a111&session_olx=1a0ab7eb45cx47947b02
[2026-09-19 11:02:02] Gotowe. Zapisano 4 ofert do tracker.xlsx i index.html
[2026-09-19 12:01:52] Sprawdzam: https://www.otomoto.pl/osobowe/oferta/volkswagen-scirocco-ID6IeDKy.html
[2026-09-19 12:01:54] Sprawdzam: https://www.facebook.com/marketplace/item/1077529318369893
[2026-09-19 12:01:54] Sprawdzam: https://www.olx.pl/d/oferta/volkswagen-scirocco-2-0-tdi-242-km-6-biegow-xenon-szyberdach-skora-krajowy-CID5-ID1bYhbH.html?reason=observed_ad
[2026-09-19 12:01:54] Sprawdzam: https://www.otomoto.pl/osobowe/oferta/volkswagen-scirocco-ID6IeoPJ.html?session_long_olx=19f5668af28xced6a111&session_olx=1a0ab7eb45cx47947b02
[2026-09-19 12:01:55] Gotowe. Zapisano 4 ofert do tracker.xlsx i index.html
[2026-09-19 13:01:59] Sprawdzam: https://www.otomoto.pl/osobowe/oferta/volkswagen-scirocco-ID6IeDKy.html
[2026-09-19 13:02:00] Sprawdzam: https://www.facebook.com/marketplace/item/1077529318369893
[2026-09-19 13:02:00] Sprawdzam: https://www.olx.pl/d/oferta/volkswagen-scirocco-2-0-tdi-242-km-6-biegow-xenon-szyberdach-skora-krajowy-CID5-ID1bYhbH.html?reason=observed_ad
[2026-09-19 13:02:00] Sprawdzam: https://www.otomoto.pl/osobowe/oferta/volkswagen-scirocco-ID6IeoPJ.html?session_long_olx=19f5668af28xced6a111&session_olx=1a0ab7eb45cx47947b02
[2026-09-19 13:02:01] Gotowe. Zapisano 4 ofert do tracker.xlsx i index.html
[2026-09-19 14:02:01] Sprawdzam: https://www.otomoto.pl/osobowe/oferta/volkswagen-scirocco-ID6IeDKy.html
[2026-09-19 14:02:02] Sprawdzam: https://www.facebook.com/marketplace/item/1077529318369893
[2026-09-19 14:02:02] Sprawdzam: https://www.olx.pl/d/oferta/volkswagen-scirocco-2-0-tdi-242-km-6-biegow-xenon-szyberdach-skora-krajowy-CID5-ID1bYhbH.html?reason=observed_ad
[2026-09-19 14:02:03] Sprawdzam: https://www.otomoto.pl/osobowe/oferta/volkswagen-scirocco-ID6IeoPJ.html?session_long_olx=19f5668af28xced6a111&session_olx=1a0ab7eb45cx47947b02
[2026-09-19 14:02:03] Gotowe. Zapisano 4 ofert do tracker.xlsx i index.html
[2026-09-19 15:01:47] Sprawdzam: https://www.otomoto.pl/osobowe/oferta/volkswagen-scirocco-ID6IeDKy.html
[2026-09-19 15:01:48] Sprawdzam: https://www.facebook.com/marketplace/item/1077529318369893
[2026-09-19 15:01:48] Sprawdzam: https://www.olx.pl/d/oferta/volkswagen-scirocco-2-0-tdi-242-km-6-biegow-xenon-szyberdach-skora-krajowy-CID5-ID1bYhbH.html?reason=observed_ad
[2026-09-19 15:01:49] Sprawdzam: https://www.otomoto.pl/osobowe/oferta/volkswagen-scirocco-ID6IeoPJ.html?session_long_olx=19f5668af28xced6a111&session_olx=1a0ab7eb45cx47947b02
[2026-09-19 15:01:49] Gotowe. Zapisano 4 ofert do tracker.xlsx i index.html
[2026-09-19 16:01:50] Sprawdzam: https://www.otomoto.pl/osobowe/oferta/volkswagen-scirocco-ID6IeDKy.html
[2026-09-19 16:01:51] Sprawdzam: https://www.facebook.com/marketplace/item/1077529318369893
[2026-09-19 16:01:52] Sprawdzam: https://www.olx.pl/d/oferta/volkswagen-scirocco-2-0-tdi-242-km-6-biegow-xenon-szyberdach-skora-krajowy-CID5-ID1bYhbH.html?reason=observed_ad
[2026-09-19 16:01:52] Sprawdzam: https://www.otomoto.pl/osobowe/oferta/volkswagen-scirocco-ID6IeoPJ.html?session_long_olx=19f5668af28xced6a111&session_olx=1a0ab7eb45cx47947b02
[2026-09-19 16:01:53] Gotowe. Zapisano 4 ofert do tracker.xlsx i index.html
[2026-09-19 17:01:55] Sprawdzam: https://www.otomoto.pl/osobowe/oferta/volkswagen-scirocco-ID6IeDKy.html
[2026-09-19 17:01:56] Sprawdzam: https://www.facebook.com/marketplace/item/1077529318369893
[2026-09-19 17:01:56] Sprawdzam: https://www.olx.pl/d/oferta/volkswagen-scirocco-2-0-tdi-242-km-6-biegow-xenon-szyberdach-skora-krajowy-CID5-ID1bYhbH.html?reason=observed_ad
[2026-09-19 17:01:56] Sprawdzam: https://www.otomoto.pl/osobowe/oferta/volkswagen-scirocco-ID6IeoPJ.html?session_long_olx=19f5668af28xced6a111&session_olx=1a0ab7eb45cx47947b02
[2026-09-19 17:01:57] Gotowe. Zapisano 4 ofert do tracker.xlsx i index.html
[2026-09-19 18:02:05] Sprawdzam: https://www.otomoto.pl/osobowe/oferta/volkswagen-scirocco-ID6IeDKy.html
[2026-09-19 18:02:06] Sprawdzam: https://www.facebook.com/marketplace/item/1077529318369893
[2026-09-19 18:02:06] Sprawdzam: https://www.olx.pl/d/oferta/volkswagen-scirocco-2-0-tdi-242-km-6-biegow-xenon-szyberdach-skora-krajowy-CID5-ID1bYhbH.html?reason=observed_ad
[2026-09-19 18:02:06] Sprawdzam: https://www.otomoto.pl/osobowe/oferta/volkswagen-scirocco-ID6IeoPJ.html?session_long_olx=19f5668af28xced6a111&session_olx=1a0ab7eb45cx47947b02
[2026-09-19 18:02:07] Gotowe. Zapisano 4 ofert do tracker.xlsx i index.html
[2026-09-19 19:01:52] Sprawdzam: https://www.otomoto.pl/osobowe/oferta/volkswagen-scirocco-ID6IeDKy.html
[2026-09-19 19:01:53] Sprawdzam: https://www.facebook.com/marketplace/item/1077529318369893
[2026-09-19 19:01:53] Sprawdzam: https://www.olx.pl/d/oferta/volkswagen-scirocco-2-0-tdi-242-km-6-biegow-xenon-szyberdach-skora-krajowy-CID5-ID1bYhbH.html?reason=observed_ad
[2026-09-19 19:01:53] Sprawdzam: https://www.otomoto.pl/osobowe/oferta/volkswagen-scirocco-ID6IeoPJ.html?session_long_olx=19f5668af28xced6a111&session_olx=1a0ab7eb45cx47947b02
[2026-09-19 19:01:54] Gotowe. Zapisano 4 ofert do tracker.xlsx i index.html
[2026-09-19 20:01:58] Sprawdzam: https://www.otomoto.pl/osobowe/oferta/volkswagen-scirocco-ID6IeDKy.html
[2026-09-19 20:01:59] Sprawdzam: https://www.facebook.com/marketplace/item/1077529318369893
[2026-09-19 20:01:59] Sprawdzam: https://www.olx.pl/d/oferta/volkswagen-scirocco-2-0-tdi-242-km-6-biegow-xenon-szyberdach-skora-krajowy-CID5-ID1bYhbH.html?reason=observed_ad
[2026-09-19 20:01:59] Sprawdzam: https://www.otomoto.pl/osobowe/oferta/volkswagen-scirocco-ID6IeoPJ.html?session_long_olx=19f5668af28xced6a111&session_olx=1a0ab7eb45cx47947b02
[2026-09-19 20:02:00] Gotowe. Zapisano 4 ofert do tracker.xlsx i index.html
[2026-09-19 21:01:48] Sprawdzam: https://www.otomoto.pl/osobowe/oferta/volkswagen-scirocco-ID6IeDKy.html
[2026-09-19 21:01:49] Sprawdzam: https://www.facebook.com/marketplace/item/1077529318369893
[2026-09-19 21:01:50] Sprawdzam: https://www.olx.pl/d/oferta/volkswagen-scirocco-2-0-tdi-242-km-6-biegow-xenon-szyberdach-skora-krajowy-CID5-ID1bYhbH.html?reason=observed_ad
[2026-09-19 21:01:50] Sprawdzam: https://www.otomoto.pl/osobowe/oferta/volkswagen-scirocco-ID6IeoPJ.html?session_long_olx=19f5668af28xced6a111&session_olx=1a0ab7eb45cx47947b02
[2026-09-19 21:01:50] Gotowe. Zapisano 4 ofert do tracker.xlsx i index.html
[2026-09-19 22:01:51] Sprawdzam: https://www.otomoto.pl/osobowe/oferta/volkswagen-scirocco-ID6IeDKy.html
[2026-09-19 22:01:52] Sprawdzam: https://www.facebook.com/marketplace/item/1077529318369893
[2026-09-19 22:01:52] Sprawdzam: https://www.olx.pl/d/oferta/volkswagen-scirocco-2-0-tdi-242-km-6-biegow-xenon-szyberdach-skora-krajowy-CID5-ID1bYhbH.html?reason=observed_ad
[2026-09-19 22:01:53] Sprawdzam: https://www.otomoto.pl/osobowe/oferta/volkswagen-scirocco-ID6IeoPJ.html?session_long_olx=19f5668af28xced6a111&session_olx=1a0ab7eb45cx47947b02
[2026-09-19 22:01:54] Gotowe. Zapisano 4 ofert do tracker.xlsx i index.html
[2026-09-19 23:01:57] Sprawdzam: https://www.otomoto.pl/osobowe/oferta/volkswagen-scirocco-ID6IeDKy.html
[2026-09-19 23:01:58] Sprawdzam: https://www.facebook.com/marketplace/item/1077529318369893
[2026-09-19 23:01:58] Sprawdzam: https://www.olx.pl/d/oferta/volkswagen-scirocco-2-0-tdi-242-km-6-biegow-xenon-szyberdach-skora-krajowy-CID5-ID1bYhbH.html?reason=observed_ad
[2026-09-19 23:01:58] Sprawdzam: https://www.otomoto.pl/osobowe/oferta/volkswagen-scirocco-ID6IeoPJ.html?session_long_olx=19f5668af28xced6a111&session_olx=1a0ab7eb45cx47947b02
[2026-09-19 23:01:59] Gotowe. Zapisano 4 ofert do tracker.xlsx i index.html
[2026-09-20 00:02:19] Sprawdzam: https://www.otomoto.pl/osobowe/oferta/volkswagen-scirocco-ID6IeDKy.html
[2026-09-20 00:02:19] Sprawdzam: https://www.facebook.com/marketplace/item/1077529318369893
[2026-09-20 00:02:20] Sprawdzam: https://www.olx.pl/d/oferta/volkswagen-scirocco-2-0-tdi-242-km-6-biegow-xenon-szyberdach-skora-krajowy-CID5-ID1bYhbH.html?reason=observed_ad
[2026-09-20 00:02:20] Sprawdzam: https://www.otomoto.pl/osobowe/oferta/volkswagen-scirocco-ID6IeoPJ.html?session_long_olx=19f5668af28xced6a111&session_olx=1a0ab7eb45cx47947b02
[2026-09-20 00:02:21] Gotowe. Zapisano 4 ofert do tracker.xlsx i index.html
[2026-09-20 01:01:56] Sprawdzam: https://www.otomoto.pl/osobowe/oferta/volkswagen-scirocco-ID6IeDKy.html
[2026-09-20 01:01:56] Sprawdzam: https://www.facebook.com/marketplace/item/1077529318369893
[2026-09-20 01:01:57] Sprawdzam: https://www.olx.pl/d/oferta/volkswagen-scirocco-2-0-tdi-242-km-6-biegow-xenon-szyberdach-skora-krajowy-CID5-ID1bYhbH.html?reason=observed_ad
[2026-09-20 01:01:57] Sprawdzam: https://www.otomoto.pl/osobowe/oferta/volkswagen-scirocco-ID6IeoPJ.html?session_long_olx=19f5668af28xced6a111&session_olx=1a0ab7eb45cx47947b02
[2026-09-20 01:01:58] Gotowe. Zapisano 4 ofert do tracker.xlsx i index.html
[2026-09-20 02:02:18] Sprawdzam: https://www.otomoto.pl/osobowe/oferta/volkswagen-scirocco-ID6IeDKy.html
[2026-09-20 02:02:19] Sprawdzam: https://www.facebook.com/marketplace/item/1077529318369893
[2026-09-20 02:02:19] Sprawdzam: https://www.olx.pl/d/oferta/volkswagen-scirocco-2-0-tdi-242-km-6-biegow-xenon-szyberdach-skora-krajowy-CID5-ID1bYhbH.html?reason=observed_ad
[2026-09-20 02:02:19] Sprawdzam: https://www.otomoto.pl/osobowe/oferta/volkswagen-scirocco-ID6IeoPJ.html?session_long_olx=19f5668af28xced6a111&session_olx=1a0ab7eb45cx47947b02
[2026-09-20 02:02:20] Gotowe. Zapisano 4 ofert do tracker.xlsx i index.html
[2026-09-20 03:02:00] Sprawdzam: https://www.otomoto.pl/osobowe/oferta/volkswagen-scirocco-ID6IeDKy.html
[2026-09-20 03:02:01] Sprawdzam: https://www.facebook.com/marketplace/item/1077529318369893
[2026-09-20 03:02:01] Sprawdzam: https://www.olx.pl/d/oferta/volkswagen-scirocco-2-0-tdi-242-km-6-biegow-xenon-szyberdach-skora-krajowy-CID5-ID1bYhbH.html?reason=observed_ad
[2026-09-20 03:02:01] Sprawdzam: https://www.otomoto.pl/osobowe/oferta/volkswagen-scirocco-ID6IeoPJ.html?session_long_olx=19f5668af28xced6a111&session_olx=1a0ab7eb45cx47947b02
[2026-09-20 03:02:02] Gotowe. Zapisano 4 ofert do tracker.xlsx i index.html
[2026-09-20 04:02:05] Sprawdzam: https://www.otomoto.pl/osobowe/oferta/volkswagen-scirocco-ID6IeDKy.html
[2026-09-20 04:02:06] Sprawdzam: https://www.facebook.com/marketplace/item/1077529318369893
[2026-09-20 04:02:06] Sprawdzam: https://www.olx.pl/d/oferta/volkswagen-scirocco-2-0-tdi-242-km-6-biegow-xenon-szyberdach-skora-krajowy-CID5-ID1bYhbH.html?reason=observed_ad
[2026-09-20 04:02:06] Sprawdzam: https://www.otomoto.pl/osobowe/oferta/volkswagen-scirocco-ID6IeoPJ.html?session_long_olx=19f5668af28xced6a111&session_olx=1a0ab7eb45cx47947b02
[2026-09-20 04:02:07] Gotowe. Zapisano 4 ofert do tracker.xlsx i index.html
[2026-09-20 05:01:58] Sprawdzam: https://www.otomoto.pl/osobowe/oferta/volkswagen-scirocco-ID6IeDKy.html
[2026-09-20 05:01:59] Sprawdzam: https://www.facebook.com/marketplace/item/1077529318369893
[2026-09-20 05:02:00] Sprawdzam: https://www.olx.pl/d/oferta/volkswagen-scirocco-2-0-tdi-242-km-6-biegow-xenon-szyberdach-skora-krajowy-CID5-ID1bYhbH.html?reason=observed_ad
[2026-09-20 05:02:01] Sprawdzam: https://www.otomoto.pl/osobowe/oferta/volkswagen-scirocco-ID6IeoPJ.html?session_long_olx=19f5668af28xced6a111&session_olx=1a0ab7eb45cx47947b02
[2026-09-20 05:02:01] Gotowe. Zapisano 4 ofert do tracker.xlsx i index.html
[2026-09-20 06:02:16] Sprawdzam: https://www.otomoto.pl/osobowe/oferta/volkswagen-scirocco-ID6IeDKy.html
[2026-09-20 06:02:18] Sprawdzam: https://www.facebook.com/marketplace/item/1077529318369893
[2026-09-20 06:02:18] Sprawdzam: https://www.olx.pl/d/oferta/volkswagen-scirocco-2-0-tdi-242-km-6-biegow-xenon-szyberdach-skora-krajowy-CID5-ID1bYhbH.html?reason=observed_ad
[2026-09-20 06:02:18] Sprawdzam: https://www.otomoto.pl/osobowe/oferta/volkswagen-scirocco-ID6IeoPJ.html?session_long_olx=19f5668af28xced6a111&session_olx=1a0ab7eb45cx47947b02
[2026-09-20 06:02:19] Gotowe. Zapisano 4 ofert do tracker.xlsx i index.html
[2026-09-20 07:01:45] Sprawdzam: https://www.otomoto.pl/osobowe/oferta/volkswagen-scirocco-ID6IeDKy.html
[2026-09-20 07:01:46] Sprawdzam: https://www.facebook.com/marketplace/item/1077529318369893
[2026-09-20 07:01:47] Sprawdzam: https://www.olx.pl/d/oferta/volkswagen-scirocco-2-0-tdi-242-km-6-biegow-xenon-szyberdach-skora-krajowy-CID5-ID1bYhbH.html?reason=observed_ad
[2026-09-20 07:01:47] Sprawdzam: https://www.otomoto.pl/osobowe/oferta/volkswagen-scirocco-ID6IeoPJ.html?session_long_olx=19f5668af28xced6a111&session_olx=1a0ab7eb45cx47947b02
[2026-09-20 07:01:47] Gotowe. Zapisano 4 ofert do tracker.xlsx i index.html
[2026-09-20 08:02:00] Sprawdzam: https://www.otomoto.pl/osobowe/oferta/volkswagen-scirocco-ID6IeDKy.html
[2026-09-20 08:02:01] Sprawdzam: https://www.facebook.com/marketplace/item/1077529318369893
[2026-09-20 08:02:01] Sprawdzam: https://www.olx.pl/d/oferta/volkswagen-scirocco-2-0-tdi-242-km-6-biegow-xenon-szyberdach-skora-krajowy-CID5-ID1bYhbH.html?reason=observed_ad
[2026-09-20 08:02:01] Sprawdzam: https://www.otomoto.pl/osobowe/oferta/volkswagen-scirocco-ID6IeoPJ.html?session_long_olx=19f5668af28xced6a111&session_olx=1a0ab7eb45cx47947b02
[2026-09-20 08:02:02] Gotowe. Zapisano 4 ofert do tracker.xlsx i index.html
[2026-09-20 09:02:08] Sprawdzam: https://www.otomoto.pl/osobowe/oferta/volkswagen-scirocco-ID6IeDKy.html
[2026-09-20 09:02:09] Sprawdzam: https://www.facebook.com/marketplace/item/1077529318369893
[2026-09-20 09:02:09] Sprawdzam: https://www.olx.pl/d/oferta/volkswagen-scirocco-2-0-tdi-242-km-6-biegow-xenon-szyberdach-skora-krajowy-CID5-ID1bYhbH.html?reason=observed_ad
[2026-09-20 09:02:09] Sprawdzam: https://www.otomoto.pl/osobowe/oferta/volkswagen-scirocco-ID6IeoPJ.html?session_long_olx=19f5668af28xced6a111&session_olx=1a0ab7eb45cx47947b02
[2026-09-20 09:02:10] Gotowe. Zapisano 4 ofert do tracker.xlsx i index.html
[2026-09-20 10:02:03] Sprawdzam: https://www.otomoto.pl/osobowe/oferta/volkswagen-scirocco-ID6IeDKy.html
[2026-09-20 10:02:04] Sprawdzam: https://www.facebook.com/marketplace/item/1077529318369893
[2026-09-20 10:02:04] Sprawdzam: https://www.olx.pl/d/oferta/volkswagen-scirocco-2-0-tdi-242-km-6-biegow-xenon-szyberdach-skora-krajowy-CID5-ID1bYhbH.html?reason=observed_ad
[2026-09-20 10:02:04] Sprawdzam: https://www.otomoto.pl/osobowe/oferta/volkswagen-scirocco-ID6IeoPJ.html?session_long_olx=19f5668af28xced6a111&session_olx=1a0ab7eb45cx47947b02
[2026-09-20 10:02:06] Gotowe. Zapisano 4 ofert do tracker.xlsx i index.html
[2026-09-20 11:01:59] Sprawdzam: https://www.otomoto.pl/osobowe/oferta/volkswagen-scirocco-ID6IeDKy.html
[2026-09-20 11:02:00] Sprawdzam: https://www.facebook.com/marketplace/item/1077529318369893
[2026-09-20 11:02:00] Sprawdzam: https://www.olx.pl/d/oferta/volkswagen-scirocco-2-0-tdi-242-km-6-biegow-xenon-szyberdach-skora-krajowy-CID5-ID1bYhbH.html?reason=observed_ad
[2026-09-20 11:02:00] Sprawdzam: https://www.otomoto.pl/osobowe/oferta/volkswagen-scirocco-ID6IeoPJ.html?session_long_olx=19f5668af28xced6a111&session_olx=1a0ab7eb45cx47947b02
[2026-09-20 11:02:01] Gotowe. Zapisano 4 ofert do tracker.xlsx i index.html
[2026-09-20 12:01:57] Sprawdzam: https://www.otomoto.pl/osobowe/oferta/volkswagen-scirocco-ID6IeDKy.html
[2026-09-20 12:01:58] Sprawdzam: https://www.facebook.com/marketplace/item/1077529318369893
[2026-09-20 12:01:58] Sprawdzam: https://www.olx.pl/d/oferta/volkswagen-scirocco-2-0-tdi-242-km-6-biegow-xenon-szyberdach-skora-krajowy-CID5-ID1bYhbH.html?reason=observed_ad
[2026-09-20 12:01:58] Sprawdzam: https://www.otomoto.pl/osobowe/oferta/volkswagen-scirocco-ID6IeoPJ.html?session_long_olx=19f5668af28xced6a111&session_olx=1a0ab7eb45cx47947b02
[2026-09-20 12:01:59] Gotowe. Zapisano 4 ofert do tracker.xlsx i index.html
[2026-09-20 13:01:34] Sprawdzam: https://www.otomoto.pl/osobowe/oferta/volkswagen-scirocco-ID6IeDKy.html
[2026-09-20 13:01:35] Sprawdzam: https://www.facebook.com/marketplace/item/1077529318369893
[2026-09-20 13:01:35] Sprawdzam: https://www.olx.pl/d/oferta/volkswagen-scirocco-2-0-tdi-242-km-6-biegow-xenon-szyberdach-skora-krajowy-CID5-ID1bYhbH.html?reason=observed_ad
[2026-09-20 13:01:35] Sprawdzam: https://www.otomoto.pl/osobowe/oferta/volkswagen-scirocco-ID6IeoPJ.html?session_long_olx=19f5668af28xced6a111&session_olx=1a0ab7eb45cx47947b02
[2026-09-20 13:01:36] Gotowe. Zapisano 4 ofert do tracker.xlsx i index.html
[2026-09-20 14:01:59] Sprawdzam: https://www.otomoto.pl/osobowe/oferta/volkswagen-scirocco-ID6IeDKy.html
[2026-09-20 14:02:00] Sprawdzam: https://www.facebook.com/marketplace/item/1077529318369893
[2026-09-20 14:02:00] Sprawdzam: https://www.olx.pl/d/oferta/volkswagen-scirocco-2-0-tdi-242-km-6-biegow-xenon-szyberdach-skora-krajowy-CID5-ID1bYhbH.html?reason=observed_ad
[2026-09-20 14:02:01] Sprawdzam: https://www.otomoto.pl/osobowe/oferta/volkswagen-scirocco-ID6IeoPJ.html?session_long_olx=19f5668af28xced6a111&session_olx=1a0ab7eb45cx47947b02
[2026-09-20 14:02:02] Gotowe. Zapisano 4 ofert do tracker.xlsx i index.html
[2026-09-20 15:01:50] Sprawdzam: https://www.otomoto.pl/osobowe/oferta/volkswagen-scirocco-ID6IeDKy.html
[2026-09-20 15:01:50] Sprawdzam: https://www.facebook.com/marketplace/item/1077529318369893
[2026-09-20 15:01:51] Sprawdzam: https://www.olx.pl/d/oferta/volkswagen-scirocco-2-0-tdi-242-km-6-biegow-xenon-szyberdach-skora-krajowy-CID5-ID1bYhbH.html?reason=observed_ad
[2026-09-20 15:01:51] Sprawdzam: https://www.otomoto.pl/osobowe/oferta/volkswagen-scirocco-ID6IeoPJ.html?session_long_olx=19f5668af28xced6a111&session_olx=1a0ab7eb45cx47947b02
[2026-09-20 15:01:52] Gotowe. Zapisano 4 ofert do tracker.xlsx i index.html
[2026-09-20 16:02:02] Sprawdzam: https://www.otomoto.pl/osobowe/oferta/volkswagen-scirocco-ID6IeDKy.html
[2026-09-20 16:02:02] Sprawdzam: https://www.facebook.com/marketplace/item/1077529318369893
[2026-09-20 16:02:03] Sprawdzam: https://www.olx.pl/d/oferta/volkswagen-scirocco-2-0-tdi-242-km-6-biegow-xenon-szyberdach-skora-krajowy-CID5-ID1bYhbH.html?reason=observed_ad
[2026-09-20 16:02:03] Sprawdzam: https://www.otomoto.pl/osobowe/oferta/volkswagen-scirocco-ID6IeoPJ.html?session_long_olx=19f5668af28xced6a111&session_olx=1a0ab7eb45cx47947b02
[2026-09-20 16:02:04] Gotowe. Zapisano 4 ofert do tracker.xlsx i index.html
[2026-09-20 17:01:49] Sprawdzam: https://www.otomoto.pl/osobowe/oferta/volkswagen-scirocco-ID6IeDKy.html
[2026-09-20 17:01:50] Sprawdzam: https://www.facebook.com/marketplace/item/1077529318369893
[2026-09-20 17:01:51] Sprawdzam: https://www.olx.pl/d/oferta/volkswagen-scirocco-2-0-tdi-242-km-6-biegow-xenon-szyberdach-skora-krajowy-CID5-ID1bYhbH.html?reason=observed_ad
[2026-09-20 17:01:51] Sprawdzam: https://www.otomoto.pl/osobowe/oferta/volkswagen-scirocco-ID6IeoPJ.html?session_long_olx=19f5668af28xced6a111&session_olx=1a0ab7eb45cx47947b02
[2026-09-20 17:01:51] Gotowe. Zapisano 4 ofert do tracker.xlsx i index.html
[2026-09-20 18:02:10] Sprawdzam: https://www.otomoto.pl/osobowe/oferta/volkswagen-scirocco-ID6IeDKy.html
[2026-09-20 18:02:10] Sprawdzam: https://www.facebook.com/marketplace/item/1077529318369893
[2026-09-20 18:02:11] Sprawdzam: https://www.olx.pl/d/oferta/volkswagen-scirocco-2-0-tdi-242-km-6-biegow-xenon-szyberdach-skora-krajowy-CID5-ID1bYhbH.html?reason=observed_ad
[2026-09-20 18:02:11] Sprawdzam: https://www.otomoto.pl/osobowe/oferta/volkswagen-scirocco-ID6IeoPJ.html?session_long_olx=19f5668af28xced6a111&session_olx=1a0ab7eb45cx47947b02
[2026-09-20 18:02:12] Gotowe. Zapisano 4 ofert do tracker.xlsx i index.html
[2026-09-20 19:02:01] Sprawdzam: https://www.otomoto.pl/osobowe/oferta/volkswagen-scirocco-ID6IeDKy.html
[2026-09-20 19:02:02] Sprawdzam: https://www.facebook.com/marketplace/item/1077529318369893
[2026-09-20 19:02:02] Sprawdzam: https://www.olx.pl/d/oferta/volkswagen-scirocco-2-0-tdi-242-km-6-biegow-xenon-szyberdach-skora-krajowy-CID5-ID1bYhbH.html?reason=observed_ad
[2026-09-20 19:02:02] Sprawdzam: https://www.otomoto.pl/osobowe/oferta/volkswagen-scirocco-ID6IeoPJ.html?session_long_olx=19f5668af28xced6a111&session_olx=1a0ab7eb45cx47947b02
[2026-09-20 19:02:03] Gotowe. Zapisano 4 ofert do tracker.xlsx i index.html
[2026-09-20 20:02:02] Sprawdzam: https://www.otomoto.pl/osobowe/oferta/volkswagen-scirocco-ID6IeDKy.html
[2026-09-20 20:02:03] Sprawdzam: https://www.facebook.com/marketplace/item/1077529318369893
[2026-09-20 20:02:03] Sprawdzam: https://www.olx.pl/d/oferta/volkswagen-scirocco-2-0-tdi-242-km-6-biegow-xenon-szyberdach-skora-krajowy-CID5-ID1bYhbH.html?reason=observed_ad
[2026-09-20 20:02:03] Sprawdzam: https://www.otomoto.pl/osobowe/oferta/volkswagen-scirocco-ID6IeoPJ.html?session_long_olx=19f5668af28xced6a111&session_olx=1a0ab7eb45cx47947b02
[2026-09-20 20:02:04] Gotowe. Zapisano 4 ofert do tracker.xlsx i index.html
[2026-09-20 21:02:10] Sprawdzam: https://www.otomoto.pl/osobowe/oferta/volkswagen-scirocco-ID6IeDKy.html
[2026-09-20 21:02:11] Sprawdzam: https://www.facebook.com/marketplace/item/1077529318369893
[2026-09-20 21:02:11] Sprawdzam: https://www.olx.pl/d/oferta/volkswagen-scirocco-2-0-tdi-242-km-6-biegow-xenon-szyberdach-skora-krajowy-CID5-ID1bYhbH.html?reason=observed_ad
[2026-09-20 21:02:12] Sprawdzam: https://www.otomoto.pl/osobowe/oferta/volkswagen-scirocco-ID6IeoPJ.html?session_long_olx=19f5668af28xced6a111&session_olx=1a0ab7eb45cx47947b02
[2026-09-20 21:02:12] Gotowe. Zapisano 4 ofert do tracker.xlsx i index.html
[2026-09-20 22:01:44] Sprawdzam: https://www.otomoto.pl/osobowe/oferta/volkswagen-scirocco-ID6IeDKy.html
[2026-09-20 22:01:45] Sprawdzam: https://www.facebook.com/marketplace/item/1077529318369893
[2026-09-20 22:01:45] Sprawdzam: https://www.olx.pl/d/oferta/volkswagen-scirocco-2-0-tdi-242-km-6-biegow-xenon-szyberdach-skora-krajowy-CID5-ID1bYhbH.html?reason=observed_ad
[2026-09-20 22:01:45] Sprawdzam: https://www.otomoto.pl/osobowe/oferta/volkswagen-scirocco-ID6IeoPJ.html?session_long_olx=19f5668af28xced6a111&session_olx=1a0ab7eb45cx47947b02
[2026-09-20 22:01:46] Gotowe. Zapisano 4 ofert do tracker.xlsx i index.html
[2026-09-20 23:01:51] Sprawdzam: https://www.otomoto.pl/osobowe/oferta/volkswagen-scirocco-ID6IeDKy.html
[2026-09-20 23:01:52] Sprawdzam: https://www.facebook.com/marketplace/item/1077529318369893
[2026-09-20 23:01:52] Sprawdzam: https://www.olx.pl/d/oferta/volkswagen-scirocco-2-0-tdi-242-km-6-biegow-xenon-szyberdach-skora-krajowy-CID5-ID1bYhbH.html?reason=observed_ad
[2026-09-20 23:01:53] Sprawdzam: https://www.otomoto.pl/osobowe/oferta/volkswagen-scirocco-ID6IeoPJ.html?session_long_olx=19f5668af28xced6a111&session_olx=1a0ab7eb45cx47947b02
[2026-09-20 23:01:53] Gotowe. Zapisano 4 ofert do tracker.xlsx i index.html
[2026-09-21 00:02:15] Sprawdzam: https://www.otomoto.pl/osobowe/oferta/volkswagen-scirocco-ID6IeDKy.html
[2026-09-21 00:02:16] Sprawdzam: https://www.facebook.com/marketplace/item/1077529318369893
[2026-09-21 00:02:16] Sprawdzam: https://www.olx.pl/d/oferta/volkswagen-scirocco-2-0-tdi-242-km-6-biegow-xenon-szyberdach-skora-krajowy-CID5-ID1bYhbH.html?reason=observed_ad
[2026-09-21 00:02:16] Sprawdzam: https://www.otomoto.pl/osobowe/oferta/volkswagen-scirocco-ID6IeoPJ.html?session_long_olx=19f5668af28xced6a111&session_olx=1a0ab7eb45cx47947b02
[2026-09-21 00:02:17] Gotowe. Zapisano 4 ofert do tracker.xlsx i index.html
[2026-09-21 01:02:21] Sprawdzam: https://www.otomoto.pl/osobowe/oferta/volkswagen-scirocco-ID6IeDKy.html
[2026-09-21 01:02:22] Sprawdzam: https://www.facebook.com/marketplace/item/1077529318369893
[2026-09-21 01:02:22] Sprawdzam: https://www.olx.pl/d/oferta/volkswagen-scirocco-2-0-tdi-242-km-6-biegow-xenon-szyberdach-skora-krajowy-CID5-ID1bYhbH.html?reason=observed_ad
[2026-09-21 01:02:22] Sprawdzam: https://www.otomoto.pl/osobowe/oferta/volkswagen-scirocco-ID6IeoPJ.html?session_long_olx=19f5668af28xced6a111&session_olx=1a0ab7eb45cx47947b02
[2026-09-21 01:02:23] Gotowe. Zapisano 4 ofert do tracker.xlsx i index.html
[2026-09-21 02:01:52] Sprawdzam: https://www.otomoto.pl/osobowe/oferta/volkswagen-scirocco-ID6IeDKy.html
[2026-09-21 02:01:53] Sprawdzam: https://www.facebook.com/marketplace/item/1077529318369893
[2026-09-21 02:01:53] Sprawdzam: https://www.olx.pl/d/oferta/volkswagen-scirocco-2-0-tdi-242-km-6-biegow-xenon-szyberdach-skora-krajowy-CID5-ID1bYhbH.html?reason=observed_ad
[2026-09-21 02:01:53] Sprawdzam: https://www.otomoto.pl/osobowe/oferta/volkswagen-scirocco-ID6IeoPJ.html?session_long_olx=19f5668af28xced6a111&session_olx=1a0ab7eb45cx47947b02
[2026-09-21 02:01:54] Gotowe. Zapisano 4 ofert do tracker.xlsx i index.html
[2026-09-21 03:02:25] Sprawdzam: https://www.otomoto.pl/osobowe/oferta/volkswagen-scirocco-ID6IeDKy.html
[2026-09-21 03:02:26] Sprawdzam: https://www.facebook.com/marketplace/item/1077529318369893
[2026-09-21 03:02:26] Sprawdzam: https://www.olx.pl/d/oferta/volkswagen-scirocco-2-0-tdi-242-km-6-biegow-xenon-szyberdach-skora-krajowy-CID5-ID1bYhbH.html?reason=observed_ad
[2026-09-21 03:02:26] Sprawdzam: https://www.otomoto.pl/osobowe/oferta/volkswagen-scirocco-ID6IeoPJ.html?session_long_olx=19f5668af28xced6a111&session_olx=1a0ab7eb45cx47947b02
[2026-09-21 03:02:27] Gotowe. Zapisano 4 ofert do tracker.xlsx i index.html
[2026-09-21 04:02:01] Sprawdzam: https://www.otomoto.pl/osobowe/oferta/volkswagen-scirocco-ID6IeDKy.html
[2026-09-21 04:02:03] Sprawdzam: https://www.facebook.com/marketplace/item/1077529318369893
[2026-09-21 04:02:03] Sprawdzam: https://www.olx.pl/d/oferta/volkswagen-scirocco-2-0-tdi-242-km-6-biegow-xenon-szyberdach-skora-krajowy-CID5-ID1bYhbH.html?reason=observed_ad
[2026-09-21 04:02:04] Sprawdzam: https://www.otomoto.pl/osobowe/oferta/volkswagen-scirocco-ID6IeoPJ.html?session_long_olx=19f5668af28xced6a111&session_olx=1a0ab7eb45cx47947b02
[2026-09-21 04:02:04] Gotowe. Zapisano 4 ofert do tracker.xlsx i index.html
[2026-09-21 05:02:31] Sprawdzam: https://www.otomoto.pl/osobowe/oferta/volkswagen-scirocco-ID6IeDKy.html
[2026-09-21 05:02:32] Sprawdzam: https://www.facebook.com/marketplace/item/1077529318369893
[2026-09-21 05:02:32] Sprawdzam: https://www.olx.pl/d/oferta/volkswagen-scirocco-2-0-tdi-242-km-6-biegow-xenon-szyberdach-skora-krajowy-CID5-ID1bYhbH.html?reason=observed_ad
[2026-09-21 05:02:32] Sprawdzam: https://www.otomoto.pl/osobowe/oferta/volkswagen-scirocco-ID6IeoPJ.html?session_long_olx=19f5668af28xced6a111&session_olx=1a0ab7eb45cx47947b02
[2026-09-21 05:02:33] Gotowe. Zapisano 4 ofert do tracker.xlsx i index.html
[2026-09-21 06:02:40] Sprawdzam: https://www.otomoto.pl/osobowe/oferta/volkswagen-scirocco-ID6IeDKy.html
[2026-09-21 06:02:41] Sprawdzam: https://www.facebook.com/marketplace/item/1077529318369893
[2026-09-21 06:02:41] Sprawdzam: https://www.olx.pl/d/oferta/volkswagen-scirocco-2-0-tdi-242-km-6-biegow-xenon-szyberdach-skora-krajowy-CID5-ID1bYhbH.html?reason=observed_ad
[2026-09-21 06:02:41] Sprawdzam: https://www.otomoto.pl/osobowe/oferta/volkswagen-scirocco-ID6IeoPJ.html?session_long_olx=19f5668af28xced6a111&session_olx=1a0ab7eb45cx47947b02
[2026-09-21 06:02:41] Gotowe. Zapisano 4 ofert do tracker.xlsx i index.html
[2026-09-21 07:03:52] Sprawdzam: https://www.otomoto.pl/osobowe/oferta/volkswagen-scirocco-ID6IeDKy.html
[2026-09-21 07:03:53] Sprawdzam: https://www.facebook.com/marketplace/item/1077529318369893
[2026-09-21 07:03:53] Sprawdzam: https://www.olx.pl/d/oferta/volkswagen-scirocco-2-0-tdi-242-km-6-biegow-xenon-szyberdach-skora-krajowy-CID5-ID1bYhbH.html?reason=observed_ad
[2026-09-21 07:03:53] Sprawdzam: https://www.otomoto.pl/osobowe/oferta/volkswagen-scirocco-ID6IeoPJ.html?session_long_olx=19f5668af28xced6a111&session_olx=1a0ab7eb45cx47947b02
[2026-09-21 07:03:54] Gotowe. Zapisano 4 ofert do tracker.xlsx i index.html
[2026-09-21 08:01:57] Sprawdzam: https://www.otomoto.pl/osobowe/oferta/volkswagen-scirocco-ID6IeDKy.html
[2026-09-21 08:01:58] Sprawdzam: https://www.facebook.com/marketplace/item/1077529318369893
[2026-09-21 08:01:58] Sprawdzam: https://www.olx.pl/d/oferta/volkswagen-scirocco-2-0-tdi-242-km-6-biegow-xenon-szyberdach-skora-krajowy-CID5-ID1bYhbH.html?reason=observed_ad
[2026-09-21 08:01:58] Sprawdzam: https://www.otomoto.pl/osobowe/oferta/volkswagen-scirocco-ID6IeoPJ.html?session_long_olx=19f5668af28xced6a111&session_olx=1a0ab7eb45cx47947b02
[2026-09-21 08:01:59] Gotowe. Zapisano 4 ofert do tracker.xlsx i index.html
[2026-09-21 09:02:07] Sprawdzam: https://www.otomoto.pl/osobowe/oferta/volkswagen-scirocco-ID6IeDKy.html
[2026-09-21 09:02:07] Sprawdzam: https://www.facebook.com/marketplace/item/1077529318369893
[2026-09-21 09:02:07] Sprawdzam: https://www.olx.pl/d/oferta/volkswagen-scirocco-2-0-tdi-242-km-6-biegow-xenon-szyberdach-skora-krajowy-CID5-ID1bYhbH.html?reason=observed_ad
[2026-09-21 09:02:08] Sprawdzam: https://www.otomoto.pl/osobowe/oferta/volkswagen-scirocco-ID6IeoPJ.html?session_long_olx=19f5668af28xced6a111&session_olx=1a0ab7eb45cx47947b02
[2026-09-21 09:02:08] Gotowe. Zapisano 4 ofert do tracker.xlsx i index.html
[2026-09-21 10:02:05] Sprawdzam: https://www.otomoto.pl/osobowe/oferta/volkswagen-scirocco-ID6IeDKy.html
[2026-09-21 10:02:07] Sprawdzam: https://www.facebook.com/marketplace/item/1077529318369893
[2026-09-21 10:02:07] Sprawdzam: https://www.olx.pl/d/oferta/volkswagen-scirocco-2-0-tdi-242-km-6-biegow-xenon-szyberdach-skora-krajowy-CID5-ID1bYhbH.html?reason=observed_ad
[2026-09-21 10:02:07] Sprawdzam: https://www.otomoto.pl/osobowe/oferta/volkswagen-scirocco-ID6IeoPJ.html?session_long_olx=19f5668af28xced6a111&session_olx=1a0ab7eb45cx47947b02
[2026-09-21 10:02:08] Gotowe. Zapisano 4 ofert do tracker.xlsx i index.html
[2026-09-21 11:02:07] Sprawdzam: https://www.otomoto.pl/osobowe/oferta/volkswagen-scirocco-ID6IeDKy.html
[2026-09-21 11:02:08] Sprawdzam: https://www.facebook.com/marketplace/item/1077529318369893
[2026-09-21 11:02:09] Sprawdzam: https://www.olx.pl/d/oferta/volkswagen-scirocco-2-0-tdi-242-km-6-biegow-xenon-szyberdach-skora-krajowy-CID5-ID1bYhbH.html?reason=observed_ad
[2026-09-21 11:02:09] Sprawdzam: https://www.otomoto.pl/osobowe/oferta/volkswagen-scirocco-ID6IeoPJ.html?session_long_olx=19f5668af28xced6a111&session_olx=1a0ab7eb45cx47947b02
[2026-09-21 11:02:09] Gotowe. Zapisano 4 ofert do tracker.xlsx i index.html
[2026-09-21 12:02:11] Sprawdzam: https://www.otomoto.pl/osobowe/oferta/volkswagen-scirocco-ID6IeDKy.html
[2026-09-21 12:02:12] Sprawdzam: https://www.facebook.com/marketplace/item/1077529318369893
[2026-09-21 12:02:12] Sprawdzam: https://www.olx.pl/d/oferta/volkswagen-scirocco-2-0-tdi-242-km-6-biegow-xenon-szyberdach-skora-krajowy-CID5-ID1bYhbH.html?reason=observed_ad
[2026-09-21 12:02:13] Sprawdzam: https://www.otomoto.pl/osobowe/oferta/volkswagen-scirocco-ID6IeoPJ.html?session_long_olx=19f5668af28xced6a111&session_olx=1a0ab7eb45cx47947b02
[2026-09-21 12:02:13] Gotowe. Zapisano 4 ofert do tracker.xlsx i index.html
[2026-09-21 13:01:52] Sprawdzam: https://www.otomoto.pl/osobowe/oferta/volkswagen-scirocco-ID6IeDKy.html
[2026-09-21 13:01:53] Sprawdzam: https://www.facebook.com/marketplace/item/1077529318369893
[2026-09-21 13:01:53] Sprawdzam: https://www.olx.pl/d/oferta/volkswagen-scirocco-2-0-tdi-242-km-6-biegow-xenon-szyberdach-skora-krajowy-CID5-ID1bYhbH.html?reason=observed_ad
[2026-09-21 13:01:53] Sprawdzam: https://www.otomoto.pl/osobowe/oferta/volkswagen-scirocco-ID6IeoPJ.html?session_long_olx=19f5668af28xced6a111&session_olx=1a0ab7eb45cx47947b02
[2026-09-21 13:01:53] Gotowe. Zapisano 4 ofert do tracker.xlsx i index.html
[2026-09-21 14:02:07] Sprawdzam: https://www.otomoto.pl/osobowe/oferta/volkswagen-scirocco-ID6IeDKy.html
[2026-09-21 14:02:08] Sprawdzam: https://www.facebook.com/marketplace/item/1077529318369893
[2026-09-21 14:02:08] Sprawdzam: https://www.olx.pl/d/oferta/volkswagen-scirocco-2-0-tdi-242-km-6-biegow-xenon-szyberdach-skora-krajowy-CID5-ID1bYhbH.html?reason=observed_ad
[2026-09-21 14:02:10] Sprawdzam: https://www.otomoto.pl/osobowe/oferta/volkswagen-scirocco-ID6IeoPJ.html?session_long_olx=19f5668af28xced6a111&session_olx=1a0ab7eb45cx47947b02
[2026-09-21 14:02:11] Gotowe. Zapisano 4 ofert do tracker.xlsx i index.html
[2026-09-21 15:02:06] Sprawdzam: https://www.otomoto.pl/osobowe/oferta/volkswagen-scirocco-ID6IeDKy.html
[2026-09-21 15:02:07] Sprawdzam: https://www.facebook.com/marketplace/item/1077529318369893
[2026-09-21 15:02:07] Sprawdzam: https://www.olx.pl/d/oferta/volkswagen-scirocco-2-0-tdi-242-km-6-biegow-xenon-szyberdach-skora-krajowy-CID5-ID1bYhbH.html?reason=observed_ad
[2026-09-21 15:02:08] Sprawdzam: https://www.otomoto.pl/osobowe/oferta/volkswagen-scirocco-ID6IeoPJ.html?session_long_olx=19f5668af28xced6a111&session_olx=1a0ab7eb45cx47947b02
[2026-09-21 15:02:08] Gotowe. Zapisano 4 ofert do tracker.xlsx i index.html
[2026-09-21 16:02:02] Sprawdzam: https://www.otomoto.pl/osobowe/oferta/volkswagen-scirocco-ID6IeDKy.html
[2026-09-21 16:02:03] Sprawdzam: https://www.facebook.com/marketplace/item/1077529318369893
[2026-09-21 16:02:03] Sprawdzam: https://www.olx.pl/d/oferta/volkswagen-scirocco-2-0-tdi-242-km-6-biegow-xenon-szyberdach-skora-krajowy-CID5-ID1bYhbH.html?reason=observed_ad
[2026-09-21 16:02:04] Sprawdzam: https://www.otomoto.pl/osobowe/oferta/volkswagen-scirocco-ID6IeoPJ.html?session_long_olx=19f5668af28xced6a111&session_olx=1a0ab7eb45cx47947b02
[2026-09-21 16:02:04] Gotowe. Zapisano 4 ofert do tracker.xlsx i index.html
[2026-09-21 17:01:55] Sprawdzam: https://www.otomoto.pl/osobowe/oferta/volkswagen-scirocco-ID6IeDKy.html
[2026-09-21 17:01:56] Sprawdzam: https://www.facebook.com/marketplace/item/1077529318369893
[2026-09-21 17:01:56] Sprawdzam: https://www.olx.pl/d/oferta/volkswagen-scirocco-2-0-tdi-242-km-6-biegow-xenon-szyberdach-skora-krajowy-CID5-ID1bYhbH.html?reason=observed_ad
[2026-09-21 17:01:56] Sprawdzam: https://www.otomoto.pl/osobowe/oferta/volkswagen-scirocco-ID6IeoPJ.html?session_long_olx=19f5668af28xced6a111&session_olx=1a0ab7eb45cx47947b02
[2026-09-21 17:01:57] Gotowe. Zapisano 4 ofert do tracker.xlsx i index.html
[2026-09-21 18:02:41] Sprawdzam: https://www.otomoto.pl/osobowe/oferta/volkswagen-scirocco-ID6IeDKy.html
[2026-09-21 18:02:42] Sprawdzam: https://www.facebook.com/marketplace/item/1077529318369893
[2026-09-21 18:02:42] Sprawdzam: https://www.olx.pl/d/oferta/volkswagen-scirocco-2-0-tdi-242-km-6-biegow-xenon-szyberdach-skora-krajowy-CID5-ID1bYhbH.html?reason=observed_ad
[2026-09-21 18:02:42] Sprawdzam: https://www.otomoto.pl/osobowe/oferta/volkswagen-scirocco-ID6IeoPJ.html?session_long_olx=19f5668af28xced6a111&session_olx=1a0ab7eb45cx47947b02
[2026-09-21 18:02:43] Gotowe. Zapisano 4 ofert do tracker.xlsx i index.html
[2026-09-21 19:01:29] Sprawdzam: https://www.otomoto.pl/osobowe/oferta/volkswagen-scirocco-ID6IeDKy.html
[2026-09-21 19:01:31] Sprawdzam: https://www.facebook.com/marketplace/item/1077529318369893
[2026-09-21 19:01:31] Sprawdzam: https://www.olx.pl/d/oferta/volkswagen-scirocco-2-0-tdi-242-km-6-biegow-xenon-szyberdach-skora-krajowy-CID5-ID1bYhbH.html?reason=observed_ad
[2026-09-21 19:01:31] Sprawdzam: https://www.otomoto.pl/osobowe/oferta/volkswagen-scirocco-ID6IeoPJ.html?session_long_olx=19f5668af28xced6a111&session_olx=1a0ab7eb45cx47947b02
[2026-09-21 19:01:32] Gotowe. Zapisano 4 ofert do tracker.xlsx i index.html
[2026-09-21 20:02:07] Sprawdzam: https://www.otomoto.pl/osobowe/oferta/volkswagen-scirocco-ID6IeDKy.html
[2026-09-21 20:02:07] Sprawdzam: https://www.facebook.com/marketplace/item/1077529318369893
[2026-09-21 20:02:08] Sprawdzam: https://www.olx.pl/d/oferta/volkswagen-scirocco-2-0-tdi-242-km-6-biegow-xenon-szyberdach-skora-krajowy-CID5-ID1bYhbH.html?reason=observed_ad
[2026-09-21 20:02:08] Sprawdzam: https://www.otomoto.pl/osobowe/oferta/volkswagen-scirocco-ID6IeoPJ.html?session_long_olx=19f5668af28xced6a111&session_olx=1a0ab7eb45cx47947b02
[2026-09-21 20:02:09] Gotowe. Zapisano 4 ofert do tracker.xlsx i index.html
[2026-09-21 21:01:56] Sprawdzam: https://www.otomoto.pl/osobowe/oferta/volkswagen-scirocco-ID6IeDKy.html
[2026-09-21 21:01:57] Sprawdzam: https://www.facebook.com/marketplace/item/1077529318369893
[2026-09-21 21:01:57] Sprawdzam: https://www.olx.pl/d/oferta/volkswagen-scirocco-2-0-tdi-242-km-6-biegow-xenon-szyberdach-skora-krajowy-CID5-ID1bYhbH.html?reason=observed_ad
[2026-09-21 21:01:58] Sprawdzam: https://www.otomoto.pl/osobowe/oferta/volkswagen-scirocco-ID6IeoPJ.html?session_long_olx=19f5668af28xced6a111&session_olx=1a0ab7eb45cx47947b02
[2026-09-21 21:01:59] Gotowe. Zapisano 4 ofert do tracker.xlsx i index.html
[2026-09-21 22:02:13] Sprawdzam: https://www.otomoto.pl/osobowe/oferta/volkswagen-scirocco-ID6IeDKy.html
[2026-09-21 22:02:13] Sprawdzam: https://www.facebook.com/marketplace/item/1077529318369893
[2026-09-21 22:02:13] Sprawdzam: https://www.olx.pl/d/oferta/volkswagen-scirocco-2-0-tdi-242-km-6-biegow-xenon-szyberdach-skora-krajowy-CID5-ID1bYhbH.html?reason=observed_ad
[2026-09-21 22:02:13] Sprawdzam: https://www.otomoto.pl/osobowe/oferta/volkswagen-scirocco-ID6IeoPJ.html?session_long_olx=19f5668af28xced6a111&session_olx=1a0ab7eb45cx47947b02
[2026-09-21 22:02:14] Gotowe. Zapisano 4 ofert do tracker.xlsx i index.html
[2026-09-21 23:02:28] Sprawdzam: https://www.otomoto.pl/osobowe/oferta/volkswagen-scirocco-ID6IeDKy.html
[2026-09-21 23:02:28] Sprawdzam: https://www.facebook.com/marketplace/item/1077529318369893
[2026-09-21 23:02:29] Sprawdzam: https://www.olx.pl/d/oferta/volkswagen-scirocco-2-0-tdi-242-km-6-biegow-xenon-szyberdach-skora-krajowy-CID5-ID1bYhbH.html?reason=observed_ad
[2026-09-21 23:02:29] Sprawdzam: https://www.otomoto.pl/osobowe/oferta/volkswagen-scirocco-ID6IeoPJ.html?session_long_olx=19f5668af28xced6a111&session_olx=1a0ab7eb45cx47947b02
[2026-09-21 23:02:29] Gotowe. Zapisano 4 ofert do tracker.xlsx i index.html
[2026-09-22 00:02:37] Sprawdzam: https://www.otomoto.pl/osobowe/oferta/volkswagen-scirocco-ID6IeDKy.html
[2026-09-22 00:02:37] Sprawdzam: https://www.facebook.com/marketplace/item/1077529318369893
[2026-09-22 00:02:38] Sprawdzam: https://www.olx.pl/d/oferta/volkswagen-scirocco-2-0-tdi-242-km-6-biegow-xenon-szyberdach-skora-krajowy-CID5-ID1bYhbH.html?reason=observed_ad
[2026-09-22 00:02:38] Sprawdzam: https://www.otomoto.pl/osobowe/oferta/volkswagen-scirocco-ID6IeoPJ.html?session_long_olx=19f5668af28xced6a111&session_olx=1a0ab7eb45cx47947b02
[2026-09-22 00:02:38] Gotowe. Zapisano 4 ofert do tracker.xlsx i index.html
[2026-09-22 01:01:33] Sprawdzam: https://www.otomoto.pl/osobowe/oferta/volkswagen-scirocco-ID6IeDKy.html
[2026-09-22 01:01:34] Sprawdzam: https://www.facebook.com/marketplace/item/1077529318369893
[2026-09-22 01:01:34] Sprawdzam: https://www.olx.pl/d/oferta/volkswagen-scirocco-2-0-tdi-242-km-6-biegow-xenon-szyberdach-skora-krajowy-CID5-ID1bYhbH.html?reason=observed_ad
[2026-09-22 01:01:35] Sprawdzam: https://www.otomoto.pl/osobowe/oferta/volkswagen-scirocco-ID6IeoPJ.html?session_long_olx=19f5668af28xced6a111&session_olx=1a0ab7eb45cx47947b02
[2026-09-22 01:01:35] Gotowe. Zapisano 4 ofert do tracker.xlsx i index.html
[2026-09-22 02:02:15] Sprawdzam: https://www.otomoto.pl/osobowe/oferta/volkswagen-scirocco-ID6IeDKy.html
[2026-09-22 02:02:16] Sprawdzam: https://www.facebook.com/marketplace/item/1077529318369893
[2026-09-22 02:02:16] Sprawdzam: https://www.olx.pl/d/oferta/volkswagen-scirocco-2-0-tdi-242-km-6-biegow-xenon-szyberdach-skora-krajowy-CID5-ID1bYhbH.html?reason=observed_ad
[2026-09-22 02:02:17] Sprawdzam: https://www.otomoto.pl/osobowe/oferta/volkswagen-scirocco-ID6IeoPJ.html?session_long_olx=19f5668af28xced6a111&session_olx=1a0ab7eb45cx47947b02
[2026-09-22 02:02:17] Gotowe. Zapisano 4 ofert do tracker.xlsx i index.html
[2026-09-22 03:01:59] Sprawdzam: https://www.otomoto.pl/osobowe/oferta/volkswagen-scirocco-ID6IeDKy.html
[2026-09-22 03:02:00] Sprawdzam: https://www.facebook.com/marketplace/item/1077529318369893
[2026-09-22 03:02:00] Sprawdzam: https://www.olx.pl/d/oferta/volkswagen-scirocco-2-0-tdi-242-km-6-biegow-xenon-szyberdach-skora-krajowy-CID5-ID1bYhbH.html?reason=observed_ad
[2026-09-22 03:02:00] Sprawdzam: https://www.otomoto.pl/osobowe/oferta/volkswagen-scirocco-ID6IeoPJ.html?session_long_olx=19f5668af28xced6a111&session_olx=1a0ab7eb45cx47947b02
[2026-09-22 03:02:01] Gotowe. Zapisano 4 ofert do tracker.xlsx i index.html
[2026-09-22 04:01:53] Sprawdzam: https://www.otomoto.pl/osobowe/oferta/volkswagen-scirocco-ID6IeDKy.html
[2026-09-22 04:01:54] Sprawdzam: https://www.facebook.com/marketplace/item/1077529318369893
[2026-09-22 04:01:55] Sprawdzam: https://www.olx.pl/d/oferta/volkswagen-scirocco-2-0-tdi-242-km-6-biegow-xenon-szyberdach-skora-krajowy-CID5-ID1bYhbH.html?reason=observed_ad
[2026-09-22 04:01:55] Sprawdzam: https://www.otomoto.pl/osobowe/oferta/volkswagen-scirocco-ID6IeoPJ.html?session_long_olx=19f5668af28xced6a111&session_olx=1a0ab7eb45cx47947b02
[2026-09-22 04:01:56] Gotowe. Zapisano 4 ofert do tracker.xlsx i index.html
[2026-09-22 05:02:09] Sprawdzam: https://www.otomoto.pl/osobowe/oferta/volkswagen-scirocco-ID6IeDKy.html
[2026-09-22 05:02:10] Sprawdzam: https://www.facebook.com/marketplace/item/1077529318369893
[2026-09-22 05:02:10] Sprawdzam: https://www.olx.pl/d/oferta/volkswagen-scirocco-2-0-tdi-242-km-6-biegow-xenon-szyberdach-skora-krajowy-CID5-ID1bYhbH.html?reason=observed_ad
[2026-09-22 05:02:10] Sprawdzam: https://www.otomoto.pl/osobowe/oferta/volkswagen-scirocco-ID6IeoPJ.html?session_long_olx=19f5668af28xced6a111&session_olx=1a0ab7eb45cx47947b02
[2026-09-22 05:02:11] Gotowe. Zapisano 4 ofert do tracker.xlsx i index.html
[2026-09-22 06:02:16] Sprawdzam: https://www.otomoto.pl/osobowe/oferta/volkswagen-scirocco-ID6IeDKy.html
[2026-09-22 06:02:17] Sprawdzam: https://www.facebook.com/marketplace/item/1077529318369893
[2026-09-22 06:02:17] Sprawdzam: https://www.olx.pl/d/oferta/volkswagen-scirocco-2-0-tdi-242-km-6-biegow-xenon-szyberdach-skora-krajowy-CID5-ID1bYhbH.html?reason=observed_ad
[2026-09-22 06:02:17] Sprawdzam: https://www.otomoto.pl/osobowe/oferta/volkswagen-scirocco-ID6IeoPJ.html?session_long_olx=19f5668af28xced6a111&session_olx=1a0ab7eb45cx47947b02
[2026-09-22 06:02:18] Gotowe. Zapisano 4 ofert do tracker.xlsx i index.html
[2026-09-22 07:03:01] Sprawdzam: https://www.otomoto.pl/osobowe/oferta/volkswagen-scirocco-ID6IeDKy.html
[2026-09-22 07:03:02] Sprawdzam: https://www.facebook.com/marketplace/item/1077529318369893
[2026-09-22 07:03:02] Sprawdzam: https://www.olx.pl/d/oferta/volkswagen-scirocco-2-0-tdi-242-km-6-biegow-xenon-szyberdach-skora-krajowy-CID5-ID1bYhbH.html?reason=observed_ad
[2026-09-22 07:03:02] Sprawdzam: https://www.otomoto.pl/osobowe/oferta/volkswagen-scirocco-ID6IeoPJ.html?session_long_olx=19f5668af28xced6a111&session_olx=1a0ab7eb45cx47947b02
[2026-09-22 07:03:03] Gotowe. Zapisano 4 ofert do tracker.xlsx i index.html
[2026-09-22 08:01:59] Sprawdzam: https://www.otomoto.pl/osobowe/oferta/volkswagen-scirocco-ID6IeDKy.html
[2026-09-22 08:02:01] Sprawdzam: https://www.facebook.com/marketplace/item/1077529318369893
[2026-09-22 08:02:02] Sprawdzam: https://www.olx.pl/d/oferta/volkswagen-scirocco-2-0-tdi-242-km-6-biegow-xenon-szyberdach-skora-krajowy-CID5-ID1bYhbH.html?reason=observed_ad
[2026-09-22 08:02:02] Sprawdzam: https://www.otomoto.pl/osobowe/oferta/volkswagen-scirocco-ID6IeoPJ.html?session_long_olx=19f5668af28xced6a111&session_olx=1a0ab7eb45cx47947b02
[2026-09-22 08:02:02] Gotowe. Zapisano 4 ofert do tracker.xlsx i index.html
[2026-09-22 09:01:55] Sprawdzam: https://www.otomoto.pl/osobowe/oferta/volkswagen-scirocco-ID6IeDKy.html
[2026-09-22 09:01:56] Sprawdzam: https://www.facebook.com/marketplace/item/1077529318369893
[2026-09-22 09:01:56] Sprawdzam: https://www.olx.pl/d/oferta/volkswagen-scirocco-2-0-tdi-242-km-6-biegow-xenon-szyberdach-skora-krajowy-CID5-ID1bYhbH.html?reason=observed_ad
[2026-09-22 09:01:56] Sprawdzam: https://www.otomoto.pl/osobowe/oferta/volkswagen-scirocco-ID6IeoPJ.html?session_long_olx=19f5668af28xced6a111&session_olx=1a0ab7eb45cx47947b02
[2026-09-22 09:01:57] Gotowe. Zapisano 4 ofert do tracker.xlsx i index.html
[2026-09-22 10:02:21] Sprawdzam: https://www.otomoto.pl/osobowe/oferta/volkswagen-scirocco-ID6IeDKy.html
[2026-09-22 10:02:22] Sprawdzam: https://www.facebook.com/marketplace/item/1077529318369893
[2026-09-22 10:02:22] Sprawdzam: https://www.olx.pl/d/oferta/volkswagen-scirocco-2-0-tdi-242-km-6-biegow-xenon-szyberdach-skora-krajowy-CID5-ID1bYhbH.html?reason=observed_ad
[2026-09-22 10:02:22] Sprawdzam: https://www.otomoto.pl/osobowe/oferta/volkswagen-scirocco-ID6IeoPJ.html?session_long_olx=19f5668af28xced6a111&session_olx=1a0ab7eb45cx47947b02
[2026-09-22 10:02:23] Gotowe. Zapisano 4 ofert do tracker.xlsx i index.html
[2026-09-22 11:02:21] Sprawdzam: https://www.otomoto.pl/osobowe/oferta/volkswagen-scirocco-ID6IeDKy.html
[2026-09-22 11:02:22] Sprawdzam: https://www.facebook.com/marketplace/item/1077529318369893
[2026-09-22 11:02:22] Sprawdzam: https://www.olx.pl/d/oferta/volkswagen-scirocco-2-0-tdi-242-km-6-biegow-xenon-szyberdach-skora-krajowy-CID5-ID1bYhbH.html?reason=observed_ad
[2026-09-22 11:02:23] Sprawdzam: https://www.otomoto.pl/osobowe/oferta/volkswagen-scirocco-ID6IeoPJ.html?session_long_olx=19f5668af28xced6a111&session_olx=1a0ab7eb45cx47947b02
[2026-09-22 11:02:23] Gotowe. Zapisano 4 ofert do tracker.xlsx i index.html
[2026-09-22 12:02:04] Sprawdzam: https://www.otomoto.pl/osobowe/oferta/volkswagen-scirocco-ID6IeDKy.html
[2026-09-22 12:02:06] Sprawdzam: https://www.facebook.com/marketplace/item/1077529318369893
[2026-09-22 12:02:06] Sprawdzam: https://www.olx.pl/d/oferta/volkswagen-scirocco-2-0-tdi-242-km-6-biegow-xenon-szyberdach-skora-krajowy-CID5-ID1bYhbH.html?reason=observed_ad
[2026-09-22 12:02:06] Sprawdzam: https://www.otomoto.pl/osobowe/oferta/volkswagen-scirocco-ID6IeoPJ.html?session_long_olx=19f5668af28xced6a111&session_olx=1a0ab7eb45cx47947b02
[2026-09-22 12:02:07] Gotowe. Zapisano 4 ofert do tracker.xlsx i index.html
[2026-09-22 13:02:38] Sprawdzam: https://www.otomoto.pl/osobowe/oferta/volkswagen-scirocco-ID6IeDKy.html
[2026-09-22 13:02:39] Sprawdzam: https://www.facebook.com/marketplace/item/1077529318369893
[2026-09-22 13:02:40] Sprawdzam: https://www.olx.pl/d/oferta/volkswagen-scirocco-2-0-tdi-242-km-6-biegow-xenon-szyberdach-skora-krajowy-CID5-ID1bYhbH.html?reason=observed_ad
[2026-09-22 13:02:40] Sprawdzam: https://www.otomoto.pl/osobowe/oferta/volkswagen-scirocco-ID6IeoPJ.html?session_long_olx=19f5668af28xced6a111&session_olx=1a0ab7eb45cx47947b02
[2026-09-22 13:02:41] Gotowe. Zapisano 4 ofert do tracker.xlsx i index.html
[2026-09-22 14:02:17] Sprawdzam: https://www.otomoto.pl/osobowe/oferta/volkswagen-scirocco-ID6IeDKy.html
[2026-09-22 14:02:17] Sprawdzam: https://www.facebook.com/marketplace/item/1077529318369893
[2026-09-22 14:02:17] Sprawdzam: https://www.olx.pl/d/oferta/volkswagen-scirocco-2-0-tdi-242-km-6-biegow-xenon-szyberdach-skora-krajowy-CID5-ID1bYhbH.html?reason=observed_ad
[2026-09-22 14:02:18] Sprawdzam: https://www.otomoto.pl/osobowe/oferta/volkswagen-scirocco-ID6IeoPJ.html?session_long_olx=19f5668af28xced6a111&session_olx=1a0ab7eb45cx47947b02
[2026-09-22 14:02:18] Gotowe. Zapisano 4 ofert do tracker.xlsx i index.html
[2026-09-22 15:02:28] Sprawdzam: https://www.otomoto.pl/osobowe/oferta/volkswagen-scirocco-ID6IeDKy.html
[2026-09-22 15:02:29] Sprawdzam: https://www.facebook.com/marketplace/item/1077529318369893
[2026-09-22 15:02:29] Sprawdzam: https://www.olx.pl/d/oferta/volkswagen-scirocco-2-0-tdi-242-km-6-biegow-xenon-szyberdach-skora-krajowy-CID5-ID1bYhbH.html?reason=observed_ad
[2026-09-22 15:02:29] Sprawdzam: https://www.otomoto.pl/osobowe/oferta/volkswagen-scirocco-ID6IeoPJ.html?session_long_olx=19f5668af28xced6a111&session_olx=1a0ab7eb45cx47947b02
[2026-09-22 15:02:30] Gotowe. Zapisano 4 ofert do tracker.xlsx i index.html
[2026-09-22 16:02:09] Sprawdzam: https://www.otomoto.pl/osobowe/oferta/volkswagen-scirocco-ID6IeDKy.html
[2026-09-22 16:02:10] Sprawdzam: https://www.facebook.com/marketplace/item/1077529318369893
[2026-09-22 16:02:10] Sprawdzam: https://www.olx.pl/d/oferta/volkswagen-scirocco-2-0-tdi-242-km-6-biegow-xenon-szyberdach-skora-krajowy-CID5-ID1bYhbH.html?reason=observed_ad
[2026-09-22 16:02:10] Sprawdzam: https://www.otomoto.pl/osobowe/oferta/volkswagen-scirocco-ID6IeoPJ.html?session_long_olx=19f5668af28xced6a111&session_olx=1a0ab7eb45cx47947b02
[2026-09-22 16:02:11] Gotowe. Zapisano 4 ofert do tracker.xlsx i index.html
[2026-09-22 17:01:54] Sprawdzam: https://www.otomoto.pl/osobowe/oferta/volkswagen-scirocco-ID6IeDKy.html
[2026-09-22 17:01:55] Sprawdzam: https://www.facebook.com/marketplace/item/1077529318369893
[2026-09-22 17:01:55] Sprawdzam: https://www.olx.pl/d/oferta/volkswagen-scirocco-2-0-tdi-242-km-6-biegow-xenon-szyberdach-skora-krajowy-CID5-ID1bYhbH.html?reason=observed_ad
[2026-09-22 17:01:55] Sprawdzam: https://www.otomoto.pl/osobowe/oferta/volkswagen-scirocco-ID6IeoPJ.html?session_long_olx=19f5668af28xced6a111&session_olx=1a0ab7eb45cx47947b02
[2026-09-22 17:01:56] Gotowe. Zapisano 4 ofert do tracker.xlsx i index.html
[2026-09-22 18:02:37] Sprawdzam: https://www.otomoto.pl/osobowe/oferta/volkswagen-scirocco-ID6IeDKy.html
[2026-09-22 18:02:38] Sprawdzam: https://www.facebook.com/marketplace/item/1077529318369893
[2026-09-22 18:02:38] Sprawdzam: https://www.olx.pl/d/oferta/volkswagen-scirocco-2-0-tdi-242-km-6-biegow-xenon-szyberdach-skora-krajowy-CID5-ID1bYhbH.html?reason=observed_ad
[2026-09-22 18:02:38] Sprawdzam: https://www.otomoto.pl/osobowe/oferta/volkswagen-scirocco-ID6IeoPJ.html?session_long_olx=19f5668af28xced6a111&session_olx=1a0ab7eb45cx47947b02
[2026-09-22 18:02:39] Gotowe. Zapisano 4 ofert do tracker.xlsx i index.html
[2026-09-22 19:01:29] Sprawdzam: https://www.otomoto.pl/osobowe/oferta/volkswagen-scirocco-ID6IeDKy.html
[2026-09-22 19:01:30] Sprawdzam: https://www.facebook.com/marketplace/item/1077529318369893
[2026-09-22 19:01:31] Sprawdzam: https://www.olx.pl/d/oferta/volkswagen-scirocco-2-0-tdi-242-km-6-biegow-xenon-szyberdach-skora-krajowy-CID5-ID1bYhbH.html?reason=observed_ad
[2026-09-22 19:01:32] Sprawdzam: https://www.otomoto.pl/osobowe/oferta/volkswagen-scirocco-ID6IeoPJ.html?session_long_olx=19f5668af28xced6a111&session_olx=1a0ab7eb45cx47947b02
[2026-09-22 19:01:32] Gotowe. Zapisano 4 ofert do tracker.xlsx i index.html
[2026-09-22 20:01:54] Sprawdzam: https://www.otomoto.pl/osobowe/oferta/volkswagen-scirocco-ID6IeDKy.html
[2026-09-22 20:01:55] Sprawdzam: https://www.facebook.com/marketplace/item/1077529318369893
[2026-09-22 20:01:56] Sprawdzam: https://www.olx.pl/d/oferta/volkswagen-scirocco-2-0-tdi-242-km-6-biegow-xenon-szyberdach-skora-krajowy-CID5-ID1bYhbH.html?reason=observed_ad
[2026-09-22 20:01:56] Sprawdzam: https://www.otomoto.pl/osobowe/oferta/volkswagen-scirocco-ID6IeoPJ.html?session_long_olx=19f5668af28xced6a111&session_olx=1a0ab7eb45cx47947b02
[2026-09-22 20:01:57] Gotowe. Zapisano 4 ofert do tracker.xlsx i index.html
[2026-09-22 21:01:55] Sprawdzam: https://www.otomoto.pl/osobowe/oferta/volkswagen-scirocco-ID6IeDKy.html
[2026-09-22 21:01:56] Sprawdzam: https://www.facebook.com/marketplace/item/1077529318369893
[2026-09-22 21:01:56] Sprawdzam: https://www.olx.pl/d/oferta/volkswagen-scirocco-2-0-tdi-242-km-6-biegow-xenon-szyberdach-skora-krajowy-CID5-ID1bYhbH.html?reason=observed_ad
[2026-09-22 21:01:57] Sprawdzam: https://www.otomoto.pl/osobowe/oferta/volkswagen-scirocco-ID6IeoPJ.html?session_long_olx=19f5668af28xced6a111&session_olx=1a0ab7eb45cx47947b02
[2026-09-22 21:01:58] Gotowe. Zapisano 4 ofert do tracker.xlsx i index.html
[2026-09-22 22:02:02] Sprawdzam: https://www.otomoto.pl/osobowe/oferta/volkswagen-scirocco-ID6IeDKy.html
[2026-09-22 22:02:04] Sprawdzam: https://www.facebook.com/marketplace/item/1077529318369893
[2026-09-22 22:02:04] Sprawdzam: https://www.olx.pl/d/oferta/volkswagen-scirocco-2-0-tdi-242-km-6-biegow-xenon-szyberdach-skora-krajowy-CID5-ID1bYhbH.html?reason=observed_ad
[2026-09-22 22:02:04] Sprawdzam: https://www.otomoto.pl/osobowe/oferta/volkswagen-scirocco-ID6IeoPJ.html?session_long_olx=19f5668af28xced6a111&session_olx=1a0ab7eb45cx47947b02
[2026-09-22 22:02:05] Gotowe. Zapisano 4 ofert do tracker.xlsx i index.html
[2026-09-22 23:01:58] Sprawdzam: https://www.otomoto.pl/osobowe/oferta/volkswagen-scirocco-ID6IeDKy.html
[2026-09-22 23:01:59] Sprawdzam: https://www.facebook.com/marketplace/item/1077529318369893
[2026-09-22 23:01:59] Sprawdzam: https://www.olx.pl/d/oferta/volkswagen-scirocco-2-0-tdi-242-km-6-biegow-xenon-szyberdach-skora-krajowy-CID5-ID1bYhbH.html?reason=observed_ad
[2026-09-22 23:01:59] Sprawdzam: https://www.otomoto.pl/osobowe/oferta/volkswagen-scirocco-ID6IeoPJ.html?session_long_olx=19f5668af28xced6a111&session_olx=1a0ab7eb45cx47947b02
[2026-09-22 23:02:00] Gotowe. Zapisano 4 ofert do tracker.xlsx i index.html
[2026-09-23 00:02:47] Sprawdzam: https://www.otomoto.pl/osobowe/oferta/volkswagen-scirocco-ID6IeDKy.html
[2026-09-23 00:02:48] Sprawdzam: https://www.facebook.com/marketplace/item/1077529318369893
[2026-09-23 00:02:48] Sprawdzam: https://www.olx.pl/d/oferta/volkswagen-scirocco-2-0-tdi-242-km-6-biegow-xenon-szyberdach-skora-krajowy-CID5-ID1bYhbH.html?reason=observed_ad
[2026-09-23 00:02:49] Sprawdzam: https://www.otomoto.pl/osobowe/oferta/volkswagen-scirocco-ID6IeoPJ.html?session_long_olx=19f5668af28xced6a111&session_olx=1a0ab7eb45cx47947b02
[2026-09-23 00:02:51] Gotowe. Zapisano 4 ofert do tracker.xlsx i index.html
[2026-09-23 01:02:27] Sprawdzam: https://www.otomoto.pl/osobowe/oferta/volkswagen-scirocco-ID6IeDKy.html
[2026-09-23 01:02:28] Sprawdzam: https://www.facebook.com/marketplace/item/1077529318369893
[2026-09-23 01:02:28] Sprawdzam: https://www.olx.pl/d/oferta/volkswagen-scirocco-2-0-tdi-242-km-6-biegow-xenon-szyberdach-skora-krajowy-CID5-ID1bYhbH.html?reason=observed_ad
[2026-09-23 01:02:29] Sprawdzam: https://www.otomoto.pl/osobowe/oferta/volkswagen-scirocco-ID6IeoPJ.html?session_long_olx=19f5668af28xced6a111&session_olx=1a0ab7eb45cx47947b02
[2026-09-23 01:02:31] Gotowe. Zapisano 4 ofert do tracker.xlsx i index.html
[2026-09-23 02:01:58] Sprawdzam: https://www.otomoto.pl/osobowe/oferta/volkswagen-scirocco-ID6IeDKy.html
[2026-09-23 02:01:59] Sprawdzam: https://www.facebook.com/marketplace/item/1077529318369893
[2026-09-23 02:01:59] Sprawdzam: https://www.olx.pl/d/oferta/volkswagen-scirocco-2-0-tdi-242-km-6-biegow-xenon-szyberdach-skora-krajowy-CID5-ID1bYhbH.html?reason=observed_ad
[2026-09-23 02:02:00] Sprawdzam: https://www.otomoto.pl/osobowe/oferta/volkswagen-scirocco-ID6IeoPJ.html?session_long_olx=19f5668af28xced6a111&session_olx=1a0ab7eb45cx47947b02
[2026-09-23 02:02:00] Gotowe. Zapisano 4 ofert do tracker.xlsx i index.html
[2026-09-23 03:01:54] Sprawdzam: https://www.otomoto.pl/osobowe/oferta/volkswagen-scirocco-ID6IeDKy.html
[2026-09-23 03:01:55] Sprawdzam: https://www.facebook.com/marketplace/item/1077529318369893
[2026-09-23 03:01:55] Sprawdzam: https://www.olx.pl/d/oferta/volkswagen-scirocco-2-0-tdi-242-km-6-biegow-xenon-szyberdach-skora-krajowy-CID5-ID1bYhbH.html?reason=observed_ad
[2026-09-23 03:01:56] Sprawdzam: https://www.otomoto.pl/osobowe/oferta/volkswagen-scirocco-ID6IeoPJ.html?session_long_olx=19f5668af28xced6a111&session_olx=1a0ab7eb45cx47947b02
[2026-09-23 03:01:56] Gotowe. Zapisano 4 ofert do tracker.xlsx i index.html
[2026-09-23 04:01:59] Sprawdzam: https://www.otomoto.pl/osobowe/oferta/volkswagen-scirocco-ID6IeDKy.html
[2026-09-23 04:02:00] Sprawdzam: https://www.facebook.com/marketplace/item/1077529318369893
[2026-09-23 04:02:00] Sprawdzam: https://www.olx.pl/d/oferta/volkswagen-scirocco-2-0-tdi-242-km-6-biegow-xenon-szyberdach-skora-krajowy-CID5-ID1bYhbH.html?reason=observed_ad
[2026-09-23 04:02:01] Sprawdzam: https://www.otomoto.pl/osobowe/oferta/volkswagen-scirocco-ID6IeoPJ.html?session_long_olx=19f5668af28xced6a111&session_olx=1a0ab7eb45cx47947b02
[2026-09-23 04:02:01] Gotowe. Zapisano 4 ofert do tracker.xlsx i index.html
[2026-09-23 05:01:57] Sprawdzam: https://www.otomoto.pl/osobowe/oferta/volkswagen-scirocco-ID6IeDKy.html
[2026-09-23 05:01:58] Sprawdzam: https://www.facebook.com/marketplace/item/1077529318369893
[2026-09-23 05:01:58] Sprawdzam: https://www.olx.pl/d/oferta/volkswagen-scirocco-2-0-tdi-242-km-6-biegow-xenon-szyberdach-skora-krajowy-CID5-ID1bYhbH.html?reason=observed_ad
[2026-09-23 05:01:58] Sprawdzam: https://www.otomoto.pl/osobowe/oferta/volkswagen-scirocco-ID6IeoPJ.html?session_long_olx=19f5668af28xced6a111&session_olx=1a0ab7eb45cx47947b02
[2026-09-23 05:01:59] Gotowe. Zapisano 4 ofert do tracker.xlsx i index.html
[2026-09-23 06:02:19] Sprawdzam: https://www.otomoto.pl/osobowe/oferta/volkswagen-scirocco-ID6IeDKy.html
[2026-09-23 06:02:20] Sprawdzam: https://www.facebook.com/marketplace/item/1077529318369893
[2026-09-23 06:02:20] Sprawdzam: https://www.olx.pl/d/oferta/volkswagen-scirocco-2-0-tdi-242-km-6-biegow-xenon-szyberdach-skora-krajowy-CID5-ID1bYhbH.html?reason=observed_ad
[2026-09-23 06:02:21] Sprawdzam: https://www.otomoto.pl/osobowe/oferta/volkswagen-scirocco-ID6IeoPJ.html?session_long_olx=19f5668af28xced6a111&session_olx=1a0ab7eb45cx47947b02
[2026-09-23 06:02:21] Gotowe. Zapisano 4 ofert do tracker.xlsx i index.html
[2026-09-23 07:03:04] Sprawdzam: https://www.otomoto.pl/osobowe/oferta/volkswagen-scirocco-ID6IeDKy.html
[2026-09-23 07:03:06] Sprawdzam: https://www.facebook.com/marketplace/item/1077529318369893
[2026-09-23 07:03:06] Sprawdzam: https://www.olx.pl/d/oferta/volkswagen-scirocco-2-0-tdi-242-km-6-biegow-xenon-szyberdach-skora-krajowy-CID5-ID1bYhbH.html?reason=observed_ad
[2026-09-23 07:03:06] Sprawdzam: https://www.otomoto.pl/osobowe/oferta/volkswagen-scirocco-ID6IeoPJ.html?session_long_olx=19f5668af28xced6a111&session_olx=1a0ab7eb45cx47947b02
[2026-09-23 07:03:06] Gotowe. Zapisano 4 ofert do tracker.xlsx i index.html
[2026-09-23 08:01:56] Sprawdzam: https://www.otomoto.pl/osobowe/oferta/volkswagen-scirocco-ID6IeDKy.html
[2026-09-23 08:01:56] Sprawdzam: https://www.facebook.com/marketplace/item/1077529318369893
[2026-09-23 08:01:57] Sprawdzam: https://www.olx.pl/d/oferta/volkswagen-scirocco-2-0-tdi-242-km-6-biegow-xenon-szyberdach-skora-krajowy-CID5-ID1bYhbH.html?reason=observed_ad
[2026-09-23 08:01:57] Sprawdzam: https://www.otomoto.pl/osobowe/oferta/volkswagen-scirocco-ID6IeoPJ.html?session_long_olx=19f5668af28xced6a111&session_olx=1a0ab7eb45cx47947b02
[2026-09-23 08:01:58] Gotowe. Zapisano 4 ofert do tracker.xlsx i index.html
[2026-09-23 09:01:59] Sprawdzam: https://www.otomoto.pl/osobowe/oferta/volkswagen-scirocco-ID6IeDKy.html
[2026-09-23 09:02:00] Sprawdzam: https://www.facebook.com/marketplace/item/1077529318369893
[2026-09-23 09:02:00] Sprawdzam: https://www.olx.pl/d/oferta/volkswagen-scirocco-2-0-tdi-242-km-6-biegow-xenon-szyberdach-skora-krajowy-CID5-ID1bYhbH.html?reason=observed_ad
[2026-09-23 09:02:00] Sprawdzam: https://www.otomoto.pl/osobowe/oferta/volkswagen-scirocco-ID6IeoPJ.html?session_long_olx=19f5668af28xced6a111&session_olx=1a0ab7eb45cx47947b02
[2026-09-23 09:02:01] Gotowe. Zapisano 4 ofert do tracker.xlsx i index.html
[2026-09-23 10:01:58] Sprawdzam: https://www.otomoto.pl/osobowe/oferta/volkswagen-scirocco-ID6IeDKy.html
[2026-09-23 10:01:59] Sprawdzam: https://www.facebook.com/marketplace/item/1077529318369893
[2026-09-23 10:01:59] Sprawdzam: https://www.olx.pl/d/oferta/volkswagen-scirocco-2-0-tdi-242-km-6-biegow-xenon-szyberdach-skora-krajowy-CID5-ID1bYhbH.html?reason=observed_ad
[2026-09-23 10:01:59] Sprawdzam: https://www.otomoto.pl/osobowe/oferta/volkswagen-scirocco-ID6IeoPJ.html?session_long_olx=19f5668af28xced6a111&session_olx=1a0ab7eb45cx47947b02
[2026-09-23 10:02:00] Gotowe. Zapisano 4 ofert do tracker.xlsx i index.html
[2026-09-23 11:02:03] Sprawdzam: https://www.otomoto.pl/osobowe/oferta/volkswagen-scirocco-ID6IeDKy.html
[2026-09-23 11:02:04] Sprawdzam: https://www.facebook.com/marketplace/item/1077529318369893
[2026-09-23 11:02:04] Sprawdzam: https://www.olx.pl/d/oferta/volkswagen-scirocco-2-0-tdi-242-km-6-biegow-xenon-szyberdach-skora-krajowy-CID5-ID1bYhbH.html?reason=observed_ad
[2026-09-23 11:02:04] Sprawdzam: https://www.otomoto.pl/osobowe/oferta/volkswagen-scirocco-ID6IeoPJ.html?session_long_olx=19f5668af28xced6a111&session_olx=1a0ab7eb45cx47947b02
[2026-09-23 11:02:05] Gotowe. Zapisano 4 ofert do tracker.xlsx i index.html
[2026-09-23 12:02:34] Sprawdzam: https://www.otomoto.pl/osobowe/oferta/volkswagen-scirocco-ID6IeDKy.html
[2026-09-23 12:02:34] Sprawdzam: https://www.facebook.com/marketplace/item/1077529318369893
[2026-09-23 12:02:35] Sprawdzam: https://www.olx.pl/d/oferta/volkswagen-scirocco-2-0-tdi-242-km-6-biegow-xenon-szyberdach-skora-krajowy-CID5-ID1bYhbH.html?reason=observed_ad
[2026-09-23 12:02:35] Sprawdzam: https://www.otomoto.pl/osobowe/oferta/volkswagen-scirocco-ID6IeoPJ.html?session_long_olx=19f5668af28xced6a111&session_olx=1a0ab7eb45cx47947b02
[2026-09-23 12:02:35] Gotowe. Zapisano 4 ofert do tracker.xlsx i index.html
[2026-09-23 13:03:37] Sprawdzam: https://www.otomoto.pl/osobowe/oferta/volkswagen-scirocco-ID6IeDKy.html
[2026-09-23 13:03:38] Sprawdzam: https://www.facebook.com/marketplace/item/1077529318369893
[2026-09-23 13:03:38] Sprawdzam: https://www.olx.pl/d/oferta/volkswagen-scirocco-2-0-tdi-242-km-6-biegow-xenon-szyberdach-skora-krajowy-CID5-ID1bYhbH.html?reason=observed_ad
[2026-09-23 13:03:39] Sprawdzam: https://www.otomoto.pl/osobowe/oferta/volkswagen-scirocco-ID6IeoPJ.html?session_long_olx=19f5668af28xced6a111&session_olx=1a0ab7eb45cx47947b02
[2026-09-23 13:03:40] Gotowe. Zapisano 4 ofert do tracker.xlsx i index.html
[2026-09-23 14:02:16] Sprawdzam: https://www.otomoto.pl/osobowe/oferta/volkswagen-scirocco-ID6IeDKy.html
[2026-09-23 14:02:17] Sprawdzam: https://www.facebook.com/marketplace/item/1077529318369893
[2026-09-23 14:02:17] Sprawdzam: https://www.olx.pl/d/oferta/volkswagen-scirocco-2-0-tdi-242-km-6-biegow-xenon-szyberdach-skora-krajowy-CID5-ID1bYhbH.html?reason=observed_ad
[2026-09-23 14:02:17] Sprawdzam: https://www.otomoto.pl/osobowe/oferta/volkswagen-scirocco-ID6IeoPJ.html?session_long_olx=19f5668af28xced6a111&session_olx=1a0ab7eb45cx47947b02
[2026-09-23 14:02:18] Gotowe. Zapisano 4 ofert do tracker.xlsx i index.html
[2026-09-23 15:02:02] Sprawdzam: https://www.otomoto.pl/osobowe/oferta/volkswagen-scirocco-ID6IeDKy.html
[2026-09-23 15:02:03] Sprawdzam: https://www.facebook.com/marketplace/item/1077529318369893
[2026-09-23 15:02:03] Sprawdzam: https://www.olx.pl/d/oferta/volkswagen-scirocco-2-0-tdi-242-km-6-biegow-xenon-szyberdach-skora-krajowy-CID5-ID1bYhbH.html?reason=observed_ad
[2026-09-23 15:02:04] Sprawdzam: https://www.otomoto.pl/osobowe/oferta/volkswagen-scirocco-ID6IeoPJ.html?session_long_olx=19f5668af28xced6a111&session_olx=1a0ab7eb45cx47947b02
[2026-09-23 15:02:04] Gotowe. Zapisano 4 ofert do tracker.xlsx i index.html
[2026-09-23 16:02:13] Sprawdzam: https://www.otomoto.pl/osobowe/oferta/volkswagen-scirocco-ID6IeDKy.html
[2026-09-23 16:02:14] Sprawdzam: https://www.facebook.com/marketplace/item/1077529318369893
[2026-09-23 16:02:14] Sprawdzam: https://www.olx.pl/d/oferta/volkswagen-scirocco-2-0-tdi-242-km-6-biegow-xenon-szyberdach-skora-krajowy-CID5-ID1bYhbH.html?reason=observed_ad
[2026-09-23 16:02:14] Sprawdzam: https://www.otomoto.pl/osobowe/oferta/volkswagen-scirocco-ID6IeoPJ.html?session_long_olx=19f5668af28xced6a111&session_olx=1a0ab7eb45cx47947b02
[2026-09-23 16:02:15] Gotowe. Zapisano 4 ofert do tracker.xlsx i index.html
[2026-09-23 17:02:05] Sprawdzam: https://www.otomoto.pl/osobowe/oferta/volkswagen-scirocco-ID6IeDKy.html
[2026-09-23 17:02:06] Sprawdzam: https://www.facebook.com/marketplace/item/1077529318369893
[2026-09-23 17:02:06] Sprawdzam: https://www.olx.pl/d/oferta/volkswagen-scirocco-2-0-tdi-242-km-6-biegow-xenon-szyberdach-skora-krajowy-CID5-ID1bYhbH.html?reason=observed_ad
[2026-09-23 17:02:06] Sprawdzam: https://www.otomoto.pl/osobowe/oferta/volkswagen-scirocco-ID6IeoPJ.html?session_long_olx=19f5668af28xced6a111&session_olx=1a0ab7eb45cx47947b02
[2026-09-23 17:02:07] Gotowe. Zapisano 4 ofert do tracker.xlsx i index.html
[2026-09-23 18:02:16] Sprawdzam: https://www.otomoto.pl/osobowe/oferta/volkswagen-scirocco-ID6IeDKy.html
[2026-09-23 18:02:16] Sprawdzam: https://www.facebook.com/marketplace/item/1077529318369893
[2026-09-23 18:02:17] Sprawdzam: https://www.olx.pl/d/oferta/volkswagen-scirocco-2-0-tdi-242-km-6-biegow-xenon-szyberdach-skora-krajowy-CID5-ID1bYhbH.html?reason=observed_ad
[2026-09-23 18:02:17] Sprawdzam: https://www.otomoto.pl/osobowe/oferta/volkswagen-scirocco-ID6IeoPJ.html?session_long_olx=19f5668af28xced6a111&session_olx=1a0ab7eb45cx47947b02
[2026-09-23 18:02:18] Gotowe. Zapisano 4 ofert do tracker.xlsx i index.html
[2026-09-23 19:01:35] Sprawdzam: https://www.otomoto.pl/osobowe/oferta/volkswagen-scirocco-ID6IeDKy.html
[2026-09-23 19:01:36] Sprawdzam: https://www.facebook.com/marketplace/item/1077529318369893
[2026-09-23 19:01:36] Sprawdzam: https://www.olx.pl/d/oferta/volkswagen-scirocco-2-0-tdi-242-km-6-biegow-xenon-szyberdach-skora-krajowy-CID5-ID1bYhbH.html?reason=observed_ad
[2026-09-23 19:01:36] Sprawdzam: https://www.otomoto.pl/osobowe/oferta/volkswagen-scirocco-ID6IeoPJ.html?session_long_olx=19f5668af28xced6a111&session_olx=1a0ab7eb45cx47947b02
[2026-09-23 19:01:37] Gotowe. Zapisano 4 ofert do tracker.xlsx i index.html
[2026-09-23 20:02:28] Sprawdzam: https://www.otomoto.pl/osobowe/oferta/volkswagen-scirocco-ID6IeDKy.html
[2026-09-23 20:02:29] Sprawdzam: https://www.facebook.com/marketplace/item/1077529318369893
[2026-09-23 20:02:29] Sprawdzam: https://www.olx.pl/d/oferta/volkswagen-scirocco-2-0-tdi-242-km-6-biegow-xenon-szyberdach-skora-krajowy-CID5-ID1bYhbH.html?reason=observed_ad
[2026-09-23 20:02:29] Sprawdzam: https://www.otomoto.pl/osobowe/oferta/volkswagen-scirocco-ID6IeoPJ.html?session_long_olx=19f5668af28xced6a111&session_olx=1a0ab7eb45cx47947b02
[2026-09-23 20:02:30] Gotowe. Zapisano 4 ofert do tracker.xlsx i index.html
[2026-09-23 21:02:33] Sprawdzam: https://www.otomoto.pl/osobowe/oferta/volkswagen-scirocco-ID6IeDKy.html
[2026-09-23 21:02:33] Sprawdzam: https://www.facebook.com/marketplace/item/1077529318369893
[2026-09-23 21:02:34] Sprawdzam: https://www.olx.pl/d/oferta/volkswagen-scirocco-2-0-tdi-242-km-6-biegow-xenon-szyberdach-skora-krajowy-CID5-ID1bYhbH.html?reason=observed_ad
[2026-09-23 21:02:34] Sprawdzam: https://www.otomoto.pl/osobowe/oferta/volkswagen-scirocco-ID6IeoPJ.html?session_long_olx=19f5668af28xced6a111&session_olx=1a0ab7eb45cx47947b02
[2026-09-23 21:02:34] Gotowe. Zapisano 4 ofert do tracker.xlsx i index.html
[2026-09-23 22:01:54] Sprawdzam: https://www.otomoto.pl/osobowe/oferta/volkswagen-scirocco-ID6IeDKy.html
[2026-09-23 22:01:55] Sprawdzam: https://www.facebook.com/marketplace/item/1077529318369893
[2026-09-23 22:01:55] Sprawdzam: https://www.olx.pl/d/oferta/volkswagen-scirocco-2-0-tdi-242-km-6-biegow-xenon-szyberdach-skora-krajowy-CID5-ID1bYhbH.html?reason=observed_ad
[2026-09-23 22:01:56] Sprawdzam: https://www.otomoto.pl/osobowe/oferta/volkswagen-scirocco-ID6IeoPJ.html?session_long_olx=19f5668af28xced6a111&session_olx=1a0ab7eb45cx47947b02
[2026-09-23 22:01:56] Gotowe. Zapisano 4 ofert do tracker.xlsx i index.html
[2026-09-23 23:01:39] Sprawdzam: https://www.otomoto.pl/osobowe/oferta/volkswagen-scirocco-ID6IeDKy.html
[2026-09-23 23:01:40] Sprawdzam: https://www.facebook.com/marketplace/item/1077529318369893
[2026-09-23 23:01:40] Sprawdzam: https://www.olx.pl/d/oferta/volkswagen-scirocco-2-0-tdi-242-km-6-biegow-xenon-szyberdach-skora-krajowy-CID5-ID1bYhbH.html?reason=observed_ad
[2026-09-23 23:01:40] Sprawdzam: https://www.otomoto.pl/osobowe/oferta/volkswagen-scirocco-ID6IeoPJ.html?session_long_olx=19f5668af28xced6a111&session_olx=1a0ab7eb45cx47947b02
[2026-09-23 23:01:41] Gotowe. Zapisano 4 ofert do tracker.xlsx i index.html
[2026-09-24 00:02:21] Sprawdzam: https://www.otomoto.pl/osobowe/oferta/volkswagen-scirocco-ID6IeDKy.html
[2026-09-24 00:02:22] Sprawdzam: https://www.facebook.com/marketplace/item/1077529318369893
[2026-09-24 00:02:22] Sprawdzam: https://www.olx.pl/d/oferta/volkswagen-scirocco-2-0-tdi-242-km-6-biegow-xenon-szyberdach-skora-krajowy-CID5-ID1bYhbH.html?reason=observed_ad
[2026-09-24 00:02:23] Sprawdzam: https://www.otomoto.pl/osobowe/oferta/volkswagen-scirocco-ID6IeoPJ.html?session_long_olx=19f5668af28xced6a111&session_olx=1a0ab7eb45cx47947b02
[2026-09-24 00:02:23] Gotowe. Zapisano 4 ofert do tracker.xlsx i index.html
[2026-09-24 01:02:10] Sprawdzam: https://www.otomoto.pl/osobowe/oferta/volkswagen-scirocco-ID6IeDKy.html
[2026-09-24 01:02:11] Sprawdzam: https://www.facebook.com/marketplace/item/1077529318369893
[2026-09-24 01:02:12] Sprawdzam: https://www.olx.pl/d/oferta/volkswagen-scirocco-2-0-tdi-242-km-6-biegow-xenon-szyberdach-skora-krajowy-CID5-ID1bYhbH.html?reason=observed_ad
[2026-09-24 01:02:12] Sprawdzam: https://www.otomoto.pl/osobowe/oferta/volkswagen-scirocco-ID6IeoPJ.html?session_long_olx=19f5668af28xced6a111&session_olx=1a0ab7eb45cx47947b02
[2026-09-24 01:02:13] Gotowe. Zapisano 4 ofert do tracker.xlsx i index.html
[2026-09-24 02:02:00] Sprawdzam: https://www.otomoto.pl/osobowe/oferta/volkswagen-scirocco-ID6IeDKy.html
[2026-09-24 02:02:01] Sprawdzam: https://www.facebook.com/marketplace/item/1077529318369893
[2026-09-24 02:02:01] Sprawdzam: https://www.olx.pl/d/oferta/volkswagen-scirocco-2-0-tdi-242-km-6-biegow-xenon-szyberdach-skora-krajowy-CID5-ID1bYhbH.html?reason=observed_ad
[2026-09-24 02:02:02] Sprawdzam: https://www.otomoto.pl/osobowe/oferta/volkswagen-scirocco-ID6IeoPJ.html?session_long_olx=19f5668af28xced6a111&session_olx=1a0ab7eb45cx47947b02
[2026-09-24 02:02:02] Gotowe. Zapisano 4 ofert do tracker.xlsx i index.html
[2026-09-24 03:01:50] Sprawdzam: https://www.otomoto.pl/osobowe/oferta/volkswagen-scirocco-ID6IeDKy.html
[2026-09-24 03:01:51] Sprawdzam: https://www.facebook.com/marketplace/item/1077529318369893
[2026-09-24 03:01:51] Sprawdzam: https://www.olx.pl/d/oferta/volkswagen-scirocco-2-0-tdi-242-km-6-biegow-xenon-szyberdach-skora-krajowy-CID5-ID1bYhbH.html?reason=observed_ad
[2026-09-24 03:01:51] Sprawdzam: https://www.otomoto.pl/osobowe/oferta/volkswagen-scirocco-ID6IeoPJ.html?session_long_olx=19f5668af28xced6a111&session_olx=1a0ab7eb45cx47947b02
[2026-09-24 03:01:52] Gotowe. Zapisano 4 ofert do tracker.xlsx i index.html
[2026-09-24 04:01:53] Sprawdzam: https://www.otomoto.pl/osobowe/oferta/volkswagen-scirocco-ID6IeDKy.html
[2026-09-24 04:01:53] Sprawdzam: https://www.facebook.com/marketplace/item/1077529318369893
[2026-09-24 04:01:54] Sprawdzam: https://www.olx.pl/d/oferta/volkswagen-scirocco-2-0-tdi-242-km-6-biegow-xenon-szyberdach-skora-krajowy-CID5-ID1bYhbH.html?reason=observed_ad
[2026-09-24 04:01:54] Sprawdzam: https://www.otomoto.pl/osobowe/oferta/volkswagen-scirocco-ID6IeoPJ.html?session_long_olx=19f5668af28xced6a111&session_olx=1a0ab7eb45cx47947b02
[2026-09-24 04:01:54] Gotowe. Zapisano 4 ofert do tracker.xlsx i index.html
[2026-09-24 05:02:01] Sprawdzam: https://www.otomoto.pl/osobowe/oferta/volkswagen-scirocco-ID6IeDKy.html
[2026-09-24 05:02:02] Sprawdzam: https://www.facebook.com/marketplace/item/1077529318369893
[2026-09-24 05:02:02] Sprawdzam: https://www.olx.pl/d/oferta/volkswagen-scirocco-2-0-tdi-242-km-6-biegow-xenon-szyberdach-skora-krajowy-CID5-ID1bYhbH.html?reason=observed_ad
[2026-09-24 05:02:02] Sprawdzam: https://www.otomoto.pl/osobowe/oferta/volkswagen-scirocco-ID6IeoPJ.html?session_long_olx=19f5668af28xced6a111&session_olx=1a0ab7eb45cx47947b02
[2026-09-24 05:02:03] Gotowe. Zapisano 4 ofert do tracker.xlsx i index.html
[2026-09-24 06:02:37] Sprawdzam: https://www.otomoto.pl/osobowe/oferta/volkswagen-scirocco-ID6IeDKy.html
[2026-09-24 06:02:38] Sprawdzam: https://www.facebook.com/marketplace/item/1077529318369893
[2026-09-24 06:02:38] Sprawdzam: https://www.olx.pl/d/oferta/volkswagen-scirocco-2-0-tdi-242-km-6-biegow-xenon-szyberdach-skora-krajowy-CID5-ID1bYhbH.html?reason=observed_ad
[2026-09-24 06:02:39] Sprawdzam: https://www.otomoto.pl/osobowe/oferta/volkswagen-scirocco-ID6IeoPJ.html?session_long_olx=19f5668af28xced6a111&session_olx=1a0ab7eb45cx47947b02
[2026-09-24 06:02:39] Gotowe. Zapisano 4 ofert do tracker.xlsx i index.html
[2026-09-24 07:03:11] Sprawdzam: https://www.otomoto.pl/osobowe/oferta/volkswagen-scirocco-ID6IeDKy.html
[2026-09-24 07:03:13] Sprawdzam: https://www.facebook.com/marketplace/item/1077529318369893
[2026-09-24 07:03:13] Sprawdzam: https://www.olx.pl/d/oferta/volkswagen-scirocco-2-0-tdi-242-km-6-biegow-xenon-szyberdach-skora-krajowy-CID5-ID1bYhbH.html?reason=observed_ad
[2026-09-24 07:03:13] Sprawdzam: https://www.otomoto.pl/osobowe/oferta/volkswagen-scirocco-ID6IeoPJ.html?session_long_olx=19f5668af28xced6a111&session_olx=1a0ab7eb45cx47947b02
[2026-09-24 07:03:14] Gotowe. Zapisano 4 ofert do tracker.xlsx i index.html
[2026-09-24 08:02:08] Sprawdzam: https://www.otomoto.pl/osobowe/oferta/volkswagen-scirocco-ID6IeDKy.html
[2026-09-24 08:02:08] Sprawdzam: https://www.facebook.com/marketplace/item/1077529318369893
[2026-09-24 08:02:09] Sprawdzam: https://www.olx.pl/d/oferta/volkswagen-scirocco-2-0-tdi-242-km-6-biegow-xenon-szyberdach-skora-krajowy-CID5-ID1bYhbH.html?reason=observed_ad
[2026-09-24 08:02:09] Sprawdzam: https://www.otomoto.pl/osobowe/oferta/volkswagen-scirocco-ID6IeoPJ.html?session_long_olx=19f5668af28xced6a111&session_olx=1a0ab7eb45cx47947b02
[2026-09-24 08:02:09] Gotowe. Zapisano 4 ofert do tracker.xlsx i index.html
[2026-09-24 09:02:05] Sprawdzam: https://www.otomoto.pl/osobowe/oferta/volkswagen-scirocco-ID6IeDKy.html
[2026-09-24 09:02:06] Sprawdzam: https://www.facebook.com/marketplace/item/1077529318369893
[2026-09-24 09:02:06] Sprawdzam: https://www.olx.pl/d/oferta/volkswagen-scirocco-2-0-tdi-242-km-6-biegow-xenon-szyberdach-skora-krajowy-CID5-ID1bYhbH.html?reason=observed_ad
[2026-09-24 09:02:06] Sprawdzam: https://www.otomoto.pl/osobowe/oferta/volkswagen-scirocco-ID6IeoPJ.html?session_long_olx=19f5668af28xced6a111&session_olx=1a0ab7eb45cx47947b02
[2026-09-24 09:02:07] Gotowe. Zapisano 4 ofert do tracker.xlsx i index.html
[2026-09-24 10:01:59] Sprawdzam: https://www.otomoto.pl/osobowe/oferta/volkswagen-scirocco-ID6IeDKy.html
[2026-09-24 10:01:59] Sprawdzam: https://www.facebook.com/marketplace/item/1077529318369893
[2026-09-24 10:01:59] Sprawdzam: https://www.olx.pl/d/oferta/volkswagen-scirocco-2-0-tdi-242-km-6-biegow-xenon-szyberdach-skora-krajowy-CID5-ID1bYhbH.html?reason=observed_ad
[2026-09-24 10:02:00] Sprawdzam: https://www.otomoto.pl/osobowe/oferta/volkswagen-scirocco-ID6IeoPJ.html?session_long_olx=19f5668af28xced6a111&session_olx=1a0ab7eb45cx47947b02
[2026-09-24 10:02:00] Gotowe. Zapisano 4 ofert do tracker.xlsx i index.html
[2026-09-24 11:02:15] Sprawdzam: https://www.otomoto.pl/osobowe/oferta/volkswagen-scirocco-ID6IeDKy.html
[2026-09-24 11:02:15] Sprawdzam: https://www.facebook.com/marketplace/item/1077529318369893
[2026-09-24 11:02:16] Sprawdzam: https://www.olx.pl/d/oferta/volkswagen-scirocco-2-0-tdi-242-km-6-biegow-xenon-szyberdach-skora-krajowy-CID5-ID1bYhbH.html?reason=observed_ad
[2026-09-24 11:02:16] Sprawdzam: https://www.otomoto.pl/osobowe/oferta/volkswagen-scirocco-ID6IeoPJ.html?session_long_olx=19f5668af28xced6a111&session_olx=1a0ab7eb45cx47947b02
[2026-09-24 11:02:16] Gotowe. Zapisano 4 ofert do tracker.xlsx i index.html
[2026-09-24 12:02:16] Sprawdzam: https://www.otomoto.pl/osobowe/oferta/volkswagen-scirocco-ID6IeDKy.html
[2026-09-24 12:02:18] Sprawdzam: https://www.facebook.com/marketplace/item/1077529318369893
[2026-09-24 12:02:18] Sprawdzam: https://www.olx.pl/d/oferta/volkswagen-scirocco-2-0-tdi-242-km-6-biegow-xenon-szyberdach-skora-krajowy-CID5-ID1bYhbH.html?reason=observed_ad
[2026-09-24 12:02:18] Sprawdzam: https://www.otomoto.pl/osobowe/oferta/volkswagen-scirocco-ID6IeoPJ.html?session_long_olx=19f5668af28xced6a111&session_olx=1a0ab7eb45cx47947b02
[2026-09-24 12:02:19] Gotowe. Zapisano 4 ofert do tracker.xlsx i index.html
[2026-09-24 13:03:06] Sprawdzam: https://www.otomoto.pl/osobowe/oferta/volkswagen-scirocco-ID6IeDKy.html
[2026-09-24 13:03:07] Sprawdzam: https://www.facebook.com/marketplace/item/1077529318369893
[2026-09-24 13:03:07] Sprawdzam: https://www.olx.pl/d/oferta/volkswagen-scirocco-2-0-tdi-242-km-6-biegow-xenon-szyberdach-skora-krajowy-CID5-ID1bYhbH.html?reason=observed_ad
[2026-09-24 13:03:07] Sprawdzam: https://www.otomoto.pl/osobowe/oferta/volkswagen-scirocco-ID6IeoPJ.html?session_long_olx=19f5668af28xced6a111&session_olx=1a0ab7eb45cx47947b02
[2026-09-24 13:03:08] Gotowe. Zapisano 4 ofert do tracker.xlsx i index.html
[2026-09-24 14:02:24] Sprawdzam: https://www.otomoto.pl/osobowe/oferta/volkswagen-scirocco-ID6IeDKy.html
[2026-09-24 14:02:25] Sprawdzam: https://www.facebook.com/marketplace/item/1077529318369893
[2026-09-24 14:02:26] Sprawdzam: https://www.olx.pl/d/oferta/volkswagen-scirocco-2-0-tdi-242-km-6-biegow-xenon-szyberdach-skora-krajowy-CID5-ID1bYhbH.html?reason=observed_ad
[2026-09-24 14:02:26] Sprawdzam: https://www.otomoto.pl/osobowe/oferta/volkswagen-scirocco-ID6IeoPJ.html?session_long_olx=19f5668af28xced6a111&session_olx=1a0ab7eb45cx47947b02
[2026-09-24 14:02:27] Gotowe. Zapisano 4 ofert do tracker.xlsx i index.html
[2026-09-24 15:03:16] Sprawdzam: https://www.otomoto.pl/osobowe/oferta/volkswagen-scirocco-ID6IeDKy.html
[2026-09-24 15:03:17] Sprawdzam: https://www.facebook.com/marketplace/item/1077529318369893
[2026-09-24 15:03:17] Sprawdzam: https://www.olx.pl/d/oferta/volkswagen-scirocco-2-0-tdi-242-km-6-biegow-xenon-szyberdach-skora-krajowy-CID5-ID1bYhbH.html?reason=observed_ad
[2026-09-24 15:03:18] Sprawdzam: https://www.otomoto.pl/osobowe/oferta/volkswagen-scirocco-ID6IeoPJ.html?session_long_olx=19f5668af28xced6a111&session_olx=1a0ab7eb45cx47947b02
[2026-09-24 15:03:18] Gotowe. Zapisano 4 ofert do tracker.xlsx i index.html
[2026-09-24 16:02:20] Sprawdzam: https://www.otomoto.pl/osobowe/oferta/volkswagen-scirocco-ID6IeDKy.html
[2026-09-24 16:02:21] Sprawdzam: https://www.facebook.com/marketplace/item/1077529318369893
[2026-09-24 16:02:21] Sprawdzam: https://www.olx.pl/d/oferta/volkswagen-scirocco-2-0-tdi-242-km-6-biegow-xenon-szyberdach-skora-krajowy-CID5-ID1bYhbH.html?reason=observed_ad
[2026-09-24 16:02:21] Sprawdzam: https://www.otomoto.pl/osobowe/oferta/volkswagen-scirocco-ID6IeoPJ.html?session_long_olx=19f5668af28xced6a111&session_olx=1a0ab7eb45cx47947b02
[2026-09-24 16:02:21] Gotowe. Zapisano 4 ofert do tracker.xlsx i index.html
[2026-09-24 17:02:04] Sprawdzam: https://www.otomoto.pl/osobowe/oferta/volkswagen-scirocco-ID6IeDKy.html
[2026-09-24 17:02:05] Sprawdzam: https://www.facebook.com/marketplace/item/1077529318369893
[2026-09-24 17:02:05] Sprawdzam: https://www.olx.pl/d/oferta/volkswagen-scirocco-2-0-tdi-242-km-6-biegow-xenon-szyberdach-skora-krajowy-CID5-ID1bYhbH.html?reason=observed_ad
[2026-09-24 17:02:05] Sprawdzam: https://www.otomoto.pl/osobowe/oferta/volkswagen-scirocco-ID6IeoPJ.html?session_long_olx=19f5668af28xced6a111&session_olx=1a0ab7eb45cx47947b02
[2026-09-24 17:02:06] Gotowe. Zapisano 4 ofert do tracker.xlsx i index.html
[2026-09-24 18:02:18] Sprawdzam: https://www.otomoto.pl/osobowe/oferta/volkswagen-scirocco-ID6IeDKy.html
[2026-09-24 18:02:19] Sprawdzam: https://www.facebook.com/marketplace/item/1077529318369893
[2026-09-24 18:02:19] Sprawdzam: https://www.olx.pl/d/oferta/volkswagen-scirocco-2-0-tdi-242-km-6-biegow-xenon-szyberdach-skora-krajowy-CID5-ID1bYhbH.html?reason=observed_ad
[2026-09-24 18:02:19] Sprawdzam: https://www.otomoto.pl/osobowe/oferta/volkswagen-scirocco-ID6IeoPJ.html?session_long_olx=19f5668af28xced6a111&session_olx=1a0ab7eb45cx47947b02
[2026-09-24 18:02:20] Gotowe. Zapisano 4 ofert do tracker.xlsx i index.html
[2026-09-24 19:02:21] Sprawdzam: https://www.otomoto.pl/osobowe/oferta/volkswagen-scirocco-ID6IeDKy.html
[2026-09-24 19:02:22] Sprawdzam: https://www.facebook.com/marketplace/item/1077529318369893
[2026-09-24 19:02:23] Sprawdzam: https://www.olx.pl/d/oferta/volkswagen-scirocco-2-0-tdi-242-km-6-biegow-xenon-szyberdach-skora-krajowy-CID5-ID1bYhbH.html?reason=observed_ad
[2026-09-24 19:02:23] Sprawdzam: https://www.otomoto.pl/osobowe/oferta/volkswagen-scirocco-ID6IeoPJ.html?session_long_olx=19f5668af28xced6a111&session_olx=1a0ab7eb45cx47947b02
[2026-09-24 19:02:24] Gotowe. Zapisano 4 ofert do tracker.xlsx i index.html
[2026-09-24 20:02:20] Sprawdzam: https://www.otomoto.pl/osobowe/oferta/volkswagen-scirocco-ID6IeDKy.html
[2026-09-24 20:02:22] Sprawdzam: https://www.facebook.com/marketplace/item/1077529318369893
[2026-09-24 20:02:22] Sprawdzam: https://www.olx.pl/d/oferta/volkswagen-scirocco-2-0-tdi-242-km-6-biegow-xenon-szyberdach-skora-krajowy-CID5-ID1bYhbH.html?reason=observed_ad
[2026-09-24 20:02:22] Sprawdzam: https://www.otomoto.pl/osobowe/oferta/volkswagen-scirocco-ID6IeoPJ.html?session_long_olx=19f5668af28xced6a111&session_olx=1a0ab7eb45cx47947b02
[2026-09-24 20:02:23] Gotowe. Zapisano 4 ofert do tracker.xlsx i index.html
[2026-09-24 21:02:21] Sprawdzam: https://www.otomoto.pl/osobowe/oferta/volkswagen-scirocco-ID6IeDKy.html
[2026-09-24 21:02:21] Sprawdzam: https://www.facebook.com/marketplace/item/1077529318369893
[2026-09-24 21:02:22] Sprawdzam: https://www.olx.pl/d/oferta/volkswagen-scirocco-2-0-tdi-242-km-6-biegow-xenon-szyberdach-skora-krajowy-CID5-ID1bYhbH.html?reason=observed_ad
[2026-09-24 21:02:22] Sprawdzam: https://www.otomoto.pl/osobowe/oferta/volkswagen-scirocco-ID6IeoPJ.html?session_long_olx=19f5668af28xced6a111&session_olx=1a0ab7eb45cx47947b02
[2026-09-24 21:02:23] Gotowe. Zapisano 4 ofert do tracker.xlsx i index.html
[2026-09-24 22:01:59] Sprawdzam: https://www.otomoto.pl/osobowe/oferta/volkswagen-scirocco-ID6IeDKy.html
[2026-09-24 22:02:00] Sprawdzam: https://www.facebook.com/marketplace/item/1077529318369893
[2026-09-24 22:02:00] Sprawdzam: https://www.olx.pl/d/oferta/volkswagen-scirocco-2-0-tdi-242-km-6-biegow-xenon-szyberdach-skora-krajowy-CID5-ID1bYhbH.html?reason=observed_ad
[2026-09-24 22:02:01] Sprawdzam: https://www.otomoto.pl/osobowe/oferta/volkswagen-scirocco-ID6IeoPJ.html?session_long_olx=19f5668af28xced6a111&session_olx=1a0ab7eb45cx47947b02
[2026-09-24 22:02:02] Gotowe. Zapisano 4 ofert do tracker.xlsx i index.html
[2026-09-24 23:01:52] Sprawdzam: https://www.otomoto.pl/osobowe/oferta/volkswagen-scirocco-ID6IeDKy.html
[2026-09-24 23:01:53] Sprawdzam: https://www.facebook.com/marketplace/item/1077529318369893
[2026-09-24 23:01:53] Sprawdzam: https://www.olx.pl/d/oferta/volkswagen-scirocco-2-0-tdi-242-km-6-biegow-xenon-szyberdach-skora-krajowy-CID5-ID1bYhbH.html?reason=observed_ad
[2026-09-24 23:01:53] Sprawdzam: https://www.otomoto.pl/osobowe/oferta/volkswagen-scirocco-ID6IeoPJ.html?session_long_olx=19f5668af28xced6a111&session_olx=1a0ab7eb45cx47947b02
[2026-09-24 23:01:54] Gotowe. Zapisano 4 ofert do tracker.xlsx i index.html
[2026-09-25 00:02:26] Sprawdzam: https://www.otomoto.pl/osobowe/oferta/volkswagen-scirocco-ID6IeDKy.html
[2026-09-25 00:02:27] Sprawdzam: https://www.facebook.com/marketplace/item/1077529318369893
[2026-09-25 00:02:27] Sprawdzam: https://www.olx.pl/d/oferta/volkswagen-scirocco-2-0-tdi-242-km-6-biegow-xenon-szyberdach-skora-krajowy-CID5-ID1bYhbH.html?reason=observed_ad
[2026-09-25 00:02:27] Sprawdzam: https://www.otomoto.pl/osobowe/oferta/volkswagen-scirocco-ID6IeoPJ.html?session_long_olx=19f5668af28xced6a111&session_olx=1a0ab7eb45cx47947b02
[2026-09-25 00:02:28] Gotowe. Zapisano 4 ofert do tracker.xlsx i index.html
[2026-09-25 01:02:38] Sprawdzam: https://www.otomoto.pl/osobowe/oferta/volkswagen-scirocco-ID6IeDKy.html
[2026-09-25 01:02:39] Sprawdzam: https://www.facebook.com/marketplace/item/1077529318369893
[2026-09-25 01:02:39] Sprawdzam: https://www.olx.pl/d/oferta/volkswagen-scirocco-2-0-tdi-242-km-6-biegow-xenon-szyberdach-skora-krajowy-CID5-ID1bYhbH.html?reason=observed_ad
[2026-09-25 01:02:39] Sprawdzam: https://www.otomoto.pl/osobowe/oferta/volkswagen-scirocco-ID6IeoPJ.html?session_long_olx=19f5668af28xced6a111&session_olx=1a0ab7eb45cx47947b02
[2026-09-25 01:02:40] Gotowe. Zapisano 4 ofert do tracker.xlsx i index.html
[2026-09-25 02:01:50] Sprawdzam: https://www.otomoto.pl/osobowe/oferta/volkswagen-scirocco-ID6IeDKy.html
[2026-09-25 02:01:51] Sprawdzam: https://www.facebook.com/marketplace/item/1077529318369893
[2026-09-25 02:01:52] Sprawdzam: https://www.olx.pl/d/oferta/volkswagen-scirocco-2-0-tdi-242-km-6-biegow-xenon-szyberdach-skora-krajowy-CID5-ID1bYhbH.html?reason=observed_ad
[2026-09-25 02:01:52] Sprawdzam: https://www.otomoto.pl/osobowe/oferta/volkswagen-scirocco-ID6IeoPJ.html?session_long_olx=19f5668af28xced6a111&session_olx=1a0ab7eb45cx47947b02
[2026-09-25 02:01:53] Gotowe. Zapisano 4 ofert do tracker.xlsx i index.html
[2026-09-25 03:02:15] Sprawdzam: https://www.otomoto.pl/osobowe/oferta/volkswagen-scirocco-ID6IeDKy.html
[2026-09-25 03:02:16] Sprawdzam: https://www.facebook.com/marketplace/item/1077529318369893
[2026-09-25 03:02:17] Sprawdzam: https://www.olx.pl/d/oferta/volkswagen-scirocco-2-0-tdi-242-km-6-biegow-xenon-szyberdach-skora-krajowy-CID5-ID1bYhbH.html?reason=observed_ad
[2026-09-25 03:02:17] Sprawdzam: https://www.otomoto.pl/osobowe/oferta/volkswagen-scirocco-ID6IeoPJ.html?session_long_olx=19f5668af28xced6a111&session_olx=1a0ab7eb45cx47947b02
[2026-09-25 03:02:18] Gotowe. Zapisano 4 ofert do tracker.xlsx i index.html
[2026-09-25 04:02:03] Sprawdzam: https://www.otomoto.pl/osobowe/oferta/volkswagen-scirocco-ID6IeDKy.html
[2026-09-25 04:02:04] Sprawdzam: https://www.facebook.com/marketplace/item/1077529318369893
[2026-09-25 04:02:04] Sprawdzam: https://www.olx.pl/d/oferta/volkswagen-scirocco-2-0-tdi-242-km-6-biegow-xenon-szyberdach-skora-krajowy-CID5-ID1bYhbH.html?reason=observed_ad
[2026-09-25 04:02:04] Sprawdzam: https://www.otomoto.pl/osobowe/oferta/volkswagen-scirocco-ID6IeoPJ.html?session_long_olx=19f5668af28xced6a111&session_olx=1a0ab7eb45cx47947b02
[2026-09-25 04:02:05] Gotowe. Zapisano 4 ofert do tracker.xlsx i index.html
[2026-09-25 05:02:03] Sprawdzam: https://www.otomoto.pl/osobowe/oferta/volkswagen-scirocco-ID6IeDKy.html
[2026-09-25 05:02:04] Sprawdzam: https://www.facebook.com/marketplace/item/1077529318369893
[2026-09-25 05:02:05] Sprawdzam: https://www.olx.pl/d/oferta/volkswagen-scirocco-2-0-tdi-242-km-6-biegow-xenon-szyberdach-skora-krajowy-CID5-ID1bYhbH.html?reason=observed_ad
[2026-09-25 05:02:05] Sprawdzam: https://www.otomoto.pl/osobowe/oferta/volkswagen-scirocco-ID6IeoPJ.html?session_long_olx=19f5668af28xced6a111&session_olx=1a0ab7eb45cx47947b02
[2026-09-25 05:02:06] Gotowe. Zapisano 4 ofert do tracker.xlsx i index.html
[2026-09-25 06:02:18] Sprawdzam: https://www.otomoto.pl/osobowe/oferta/volkswagen-scirocco-ID6IeDKy.html
[2026-09-25 06:02:19] Sprawdzam: https://www.facebook.com/marketplace/item/1077529318369893
[2026-09-25 06:02:19] Sprawdzam: https://www.olx.pl/d/oferta/volkswagen-scirocco-2-0-tdi-242-km-6-biegow-xenon-szyberdach-skora-krajowy-CID5-ID1bYhbH.html?reason=observed_ad
[2026-09-25 06:02:20] Sprawdzam: https://www.otomoto.pl/osobowe/oferta/volkswagen-scirocco-ID6IeoPJ.html?session_long_olx=19f5668af28xced6a111&session_olx=1a0ab7eb45cx47947b02
[2026-09-25 06:02:21] Gotowe. Zapisano 4 ofert do tracker.xlsx i index.html
[2026-09-25 07:03:03] Sprawdzam: https://www.otomoto.pl/osobowe/oferta/volkswagen-scirocco-ID6IeDKy.html
[2026-09-25 07:03:04] Sprawdzam: https://www.facebook.com/marketplace/item/1077529318369893
[2026-09-25 07:03:04] Sprawdzam: https://www.olx.pl/d/oferta/volkswagen-scirocco-2-0-tdi-242-km-6-biegow-xenon-szyberdach-skora-krajowy-CID5-ID1bYhbH.html?reason=observed_ad
[2026-09-25 07:03:04] Sprawdzam: https://www.otomoto.pl/osobowe/oferta/volkswagen-scirocco-ID6IeoPJ.html?session_long_olx=19f5668af28xced6a111&session_olx=1a0ab7eb45cx47947b02
[2026-09-25 07:03:05] Gotowe. Zapisano 4 ofert do tracker.xlsx i index.html
[2026-09-25 08:02:03] Sprawdzam: https://www.otomoto.pl/osobowe/oferta/volkswagen-scirocco-ID6IeDKy.html
[2026-09-25 08:02:04] Sprawdzam: https://www.facebook.com/marketplace/item/1077529318369893
[2026-09-25 08:02:04] Sprawdzam: https://www.olx.pl/d/oferta/volkswagen-scirocco-2-0-tdi-242-km-6-biegow-xenon-szyberdach-skora-krajowy-CID5-ID1bYhbH.html?reason=observed_ad
[2026-09-25 08:02:05] Sprawdzam: https://www.otomoto.pl/osobowe/oferta/volkswagen-scirocco-ID6IeoPJ.html?session_long_olx=19f5668af28xced6a111&session_olx=1a0ab7eb45cx47947b02
[2026-09-25 08:02:06] Gotowe. Zapisano 4 ofert do tracker.xlsx i index.html
[2026-09-25 09:02:16] Sprawdzam: https://www.otomoto.pl/osobowe/oferta/volkswagen-scirocco-ID6IeDKy.html
[2026-09-25 09:02:17] Sprawdzam: https://www.facebook.com/marketplace/item/1077529318369893
[2026-09-25 09:02:17] Sprawdzam: https://www.olx.pl/d/oferta/volkswagen-scirocco-2-0-tdi-242-km-6-biegow-xenon-szyberdach-skora-krajowy-CID5-ID1bYhbH.html?reason=observed_ad
[2026-09-25 09:02:18] Sprawdzam: https://www.otomoto.pl/osobowe/oferta/volkswagen-scirocco-ID6IeoPJ.html?session_long_olx=19f5668af28xced6a111&session_olx=1a0ab7eb45cx47947b02
[2026-09-25 09:02:18] Gotowe. Zapisano 4 ofert do tracker.xlsx i index.html
[2026-09-25 10:02:08] Sprawdzam: https://www.otomoto.pl/osobowe/oferta/volkswagen-scirocco-ID6IeDKy.html
[2026-09-25 10:02:09] Sprawdzam: https://www.facebook.com/marketplace/item/1077529318369893
[2026-09-25 10:02:09] Sprawdzam: https://www.olx.pl/d/oferta/volkswagen-scirocco-2-0-tdi-242-km-6-biegow-xenon-szyberdach-skora-krajowy-CID5-ID1bYhbH.html?reason=observed_ad
[2026-09-25 10:02:09] Sprawdzam: https://www.otomoto.pl/osobowe/oferta/volkswagen-scirocco-ID6IeoPJ.html?session_long_olx=19f5668af28xced6a111&session_olx=1a0ab7eb45cx47947b02
[2026-09-25 10:02:10] Gotowe. Zapisano 4 ofert do tracker.xlsx i index.html
[2026-09-25 11:01:59] Sprawdzam: https://www.otomoto.pl/osobowe/oferta/volkswagen-scirocco-ID6IeDKy.html
[2026-09-25 11:02:00] Sprawdzam: https://www.facebook.com/marketplace/item/1077529318369893
[2026-09-25 11:02:00] Sprawdzam: https://www.olx.pl/d/oferta/volkswagen-scirocco-2-0-tdi-242-km-6-biegow-xenon-szyberdach-skora-krajowy-CID5-ID1bYhbH.html?reason=observed_ad
[2026-09-25 11:02:00] Sprawdzam: https://www.otomoto.pl/osobowe/oferta/volkswagen-scirocco-ID6IeoPJ.html?session_long_olx=19f5668af28xced6a111&session_olx=1a0ab7eb45cx47947b02
[2026-09-25 11:02:01] Gotowe. Zapisano 4 ofert do tracker.xlsx i index.html
[2026-09-25 12:02:26] Sprawdzam: https://www.otomoto.pl/osobowe/oferta/volkswagen-scirocco-ID6IeDKy.html
[2026-09-25 12:02:27] Sprawdzam: https://www.facebook.com/marketplace/item/1077529318369893
[2026-09-25 12:02:28] Sprawdzam: https://www.olx.pl/d/oferta/volkswagen-scirocco-2-0-tdi-242-km-6-biegow-xenon-szyberdach-skora-krajowy-CID5-ID1bYhbH.html?reason=observed_ad
[2026-09-25 12:02:28] Sprawdzam: https://www.otomoto.pl/osobowe/oferta/volkswagen-scirocco-ID6IeoPJ.html?session_long_olx=19f5668af28xced6a111&session_olx=1a0ab7eb45cx47947b02
[2026-09-25 12:02:29] Gotowe. Zapisano 4 ofert do tracker.xlsx i index.html
[2026-09-25 13:04:06] Sprawdzam: https://www.otomoto.pl/osobowe/oferta/volkswagen-scirocco-ID6IeDKy.html
[2026-09-25 13:04:06] Sprawdzam: https://www.facebook.com/marketplace/item/1077529318369893
[2026-09-25 13:04:07] Sprawdzam: https://www.olx.pl/d/oferta/volkswagen-scirocco-2-0-tdi-242-km-6-biegow-xenon-szyberdach-skora-krajowy-CID5-ID1bYhbH.html?reason=observed_ad
[2026-09-25 13:04:07] Sprawdzam: https://www.otomoto.pl/osobowe/oferta/volkswagen-scirocco-ID6IeoPJ.html?session_long_olx=19f5668af28xced6a111&session_olx=1a0ab7eb45cx47947b02
[2026-09-25 13:04:08] Gotowe. Zapisano 4 ofert do tracker.xlsx i index.html
[2026-09-25 14:02:21] Sprawdzam: https://www.otomoto.pl/osobowe/oferta/volkswagen-scirocco-ID6IeDKy.html
[2026-09-25 14:02:22] Sprawdzam: https://www.facebook.com/marketplace/item/1077529318369893
[2026-09-25 14:02:22] Sprawdzam: https://www.olx.pl/d/oferta/volkswagen-scirocco-2-0-tdi-242-km-6-biegow-xenon-szyberdach-skora-krajowy-CID5-ID1bYhbH.html?reason=observed_ad
[2026-09-25 14:02:22] Sprawdzam: https://www.otomoto.pl/osobowe/oferta/volkswagen-scirocco-ID6IeoPJ.html?session_long_olx=19f5668af28xced6a111&session_olx=1a0ab7eb45cx47947b02
[2026-09-25 14:02:23] Gotowe. Zapisano 4 ofert do tracker.xlsx i index.html
[2026-09-25 15:02:30] Sprawdzam: https://www.otomoto.pl/osobowe/oferta/volkswagen-scirocco-ID6IeDKy.html
[2026-09-25 15:02:31] Sprawdzam: https://www.facebook.com/marketplace/item/1077529318369893
[2026-09-25 15:02:31] Sprawdzam: https://www.olx.pl/d/oferta/volkswagen-scirocco-2-0-tdi-242-km-6-biegow-xenon-szyberdach-skora-krajowy-CID5-ID1bYhbH.html?reason=observed_ad
[2026-09-25 15:02:31] Sprawdzam: https://www.otomoto.pl/osobowe/oferta/volkswagen-scirocco-ID6IeoPJ.html?session_long_olx=19f5668af28xced6a111&session_olx=1a0ab7eb45cx47947b02
[2026-09-25 15:02:32] Gotowe. Zapisano 4 ofert do tracker.xlsx i index.html
[2026-09-25 16:02:26] Sprawdzam: https://www.otomoto.pl/osobowe/oferta/volkswagen-scirocco-ID6IeDKy.html
[2026-09-25 16:02:27] Sprawdzam: https://www.facebook.com/marketplace/item/1077529318369893
[2026-09-25 16:02:27] Sprawdzam: https://www.olx.pl/d/oferta/volkswagen-scirocco-2-0-tdi-242-km-6-biegow-xenon-szyberdach-skora-krajowy-CID5-ID1bYhbH.html?reason=observed_ad
[2026-09-25 16:02:28] Sprawdzam: https://www.otomoto.pl/osobowe/oferta/volkswagen-scirocco-ID6IeoPJ.html?session_long_olx=19f5668af28xced6a111&session_olx=1a0ab7eb45cx47947b02
[2026-09-25 16:02:28] Gotowe. Zapisano 4 ofert do tracker.xlsx i index.html
[2026-09-25 17:01:44] Sprawdzam: https://www.otomoto.pl/osobowe/oferta/volkswagen-scirocco-ID6IeDKy.html
[2026-09-25 17:01:45] Sprawdzam: https://www.facebook.com/marketplace/item/1077529318369893
[2026-09-25 17:01:46] Sprawdzam: https://www.olx.pl/d/oferta/volkswagen-scirocco-2-0-tdi-242-km-6-biegow-xenon-szyberdach-skora-krajowy-CID5-ID1bYhbH.html?reason=observed_ad
[2026-09-25 17:01:46] Sprawdzam: https://www.otomoto.pl/osobowe/oferta/volkswagen-scirocco-ID6IeoPJ.html?session_long_olx=19f5668af28xced6a111&session_olx=1a0ab7eb45cx47947b02
[2026-09-25 17:01:46] Gotowe. Zapisano 4 ofert do tracker.xlsx i index.html
[2026-09-25 18:02:01] Sprawdzam: https://www.otomoto.pl/osobowe/oferta/volkswagen-scirocco-ID6IeDKy.html
[2026-09-25 18:02:02] Sprawdzam: https://www.facebook.com/marketplace/item/1077529318369893
[2026-09-25 18:02:02] Sprawdzam: https://www.olx.pl/d/oferta/volkswagen-scirocco-2-0-tdi-242-km-6-biegow-xenon-szyberdach-skora-krajowy-CID5-ID1bYhbH.html?reason=observed_ad
[2026-09-25 18:02:02] Sprawdzam: https://www.otomoto.pl/osobowe/oferta/volkswagen-scirocco-ID6IeoPJ.html?session_long_olx=19f5668af28xced6a111&session_olx=1a0ab7eb45cx47947b02
[2026-09-25 18:02:04] Gotowe. Zapisano 4 ofert do tracker.xlsx i index.html
[2026-09-25 19:02:06] Sprawdzam: https://www.otomoto.pl/osobowe/oferta/volkswagen-scirocco-ID6IeDKy.html
[2026-09-25 19:02:07] Sprawdzam: https://www.facebook.com/marketplace/item/1077529318369893
[2026-09-25 19:02:07] Sprawdzam: https://www.olx.pl/d/oferta/volkswagen-scirocco-2-0-tdi-242-km-6-biegow-xenon-szyberdach-skora-krajowy-CID5-ID1bYhbH.html?reason=observed_ad
[2026-09-25 19:02:07] Sprawdzam: https://www.otomoto.pl/osobowe/oferta/volkswagen-scirocco-ID6IeoPJ.html?session_long_olx=19f5668af28xced6a111&session_olx=1a0ab7eb45cx47947b02
[2026-09-25 19:02:08] Gotowe. Zapisano 4 ofert do tracker.xlsx i index.html
[2026-09-25 20:01:51] Sprawdzam: https://www.otomoto.pl/osobowe/oferta/volkswagen-scirocco-ID6IeDKy.html
[2026-09-25 20:01:52] Sprawdzam: https://www.facebook.com/marketplace/item/1077529318369893
[2026-09-25 20:01:52] Sprawdzam: https://www.olx.pl/d/oferta/volkswagen-scirocco-2-0-tdi-242-km-6-biegow-xenon-szyberdach-skora-krajowy-CID5-ID1bYhbH.html?reason=observed_ad
[2026-09-25 20:01:53] Sprawdzam: https://www.otomoto.pl/osobowe/oferta/volkswagen-scirocco-ID6IeoPJ.html?session_long_olx=19f5668af28xced6a111&session_olx=1a0ab7eb45cx47947b02
[2026-09-25 20:01:53] Gotowe. Zapisano 4 ofert do tracker.xlsx i index.html
[2026-09-25 21:01:59] Sprawdzam: https://www.otomoto.pl/osobowe/oferta/volkswagen-scirocco-ID6IeDKy.html
[2026-09-25 21:02:00] Sprawdzam: https://www.facebook.com/marketplace/item/1077529318369893
[2026-09-25 21:02:00] Sprawdzam: https://www.olx.pl/d/oferta/volkswagen-scirocco-2-0-tdi-242-km-6-biegow-xenon-szyberdach-skora-krajowy-CID5-ID1bYhbH.html?reason=observed_ad
[2026-09-25 21:02:01] Sprawdzam: https://www.otomoto.pl/osobowe/oferta/volkswagen-scirocco-ID6IeoPJ.html?session_long_olx=19f5668af28xced6a111&session_olx=1a0ab7eb45cx47947b02
[2026-09-25 21:02:01] Gotowe. Zapisano 4 ofert do tracker.xlsx i index.html
[2026-09-25 22:02:01] Sprawdzam: https://www.otomoto.pl/osobowe/oferta/volkswagen-scirocco-ID6IeDKy.html
[2026-09-25 22:02:02] Sprawdzam: https://www.facebook.com/marketplace/item/1077529318369893
[2026-09-25 22:02:02] Sprawdzam: https://www.olx.pl/d/oferta/volkswagen-scirocco-2-0-tdi-242-km-6-biegow-xenon-szyberdach-skora-krajowy-CID5-ID1bYhbH.html?reason=observed_ad
[2026-09-25 22:02:02] Sprawdzam: https://www.otomoto.pl/osobowe/oferta/volkswagen-scirocco-ID6IeoPJ.html?session_long_olx=19f5668af28xced6a111&session_olx=1a0ab7eb45cx47947b02
[2026-09-25 22:02:03] Gotowe. Zapisano 4 ofert do tracker.xlsx i index.html
[2026-09-25 23:01:45] Sprawdzam: https://www.otomoto.pl/osobowe/oferta/volkswagen-scirocco-ID6IeDKy.html
[2026-09-25 23:01:46] Sprawdzam: https://www.facebook.com/marketplace/item/1077529318369893
[2026-09-25 23:01:46] Sprawdzam: https://www.olx.pl/d/oferta/volkswagen-scirocco-2-0-tdi-242-km-6-biegow-xenon-szyberdach-skora-krajowy-CID5-ID1bYhbH.html?reason=observed_ad
[2026-09-25 23:01:47] Sprawdzam: https://www.otomoto.pl/osobowe/oferta/volkswagen-scirocco-ID6IeoPJ.html?session_long_olx=19f5668af28xced6a111&session_olx=1a0ab7eb45cx47947b02
[2026-09-25 23:01:47] Gotowe. Zapisano 4 ofert do tracker.xlsx i index.html
[2026-09-26 00:02:02] Sprawdzam: https://www.otomoto.pl/osobowe/oferta/volkswagen-scirocco-ID6IeDKy.html
[2026-09-26 00:02:03] Sprawdzam: https://www.facebook.com/marketplace/item/1077529318369893
[2026-09-26 00:02:04] Sprawdzam: https://www.olx.pl/d/oferta/volkswagen-scirocco-2-0-tdi-242-km-6-biegow-xenon-szyberdach-skora-krajowy-CID5-ID1bYhbH.html?reason=observed_ad
[2026-09-26 00:02:04] Sprawdzam: https://www.otomoto.pl/osobowe/oferta/volkswagen-scirocco-ID6IeoPJ.html?session_long_olx=19f5668af28xced6a111&session_olx=1a0ab7eb45cx47947b02
[2026-09-26 00:02:05] Gotowe. Zapisano 4 ofert do tracker.xlsx i index.html
[2026-09-26 01:01:39] Sprawdzam: https://www.otomoto.pl/osobowe/oferta/volkswagen-scirocco-ID6IeDKy.html
[2026-09-26 01:01:40] Sprawdzam: https://www.facebook.com/marketplace/item/1077529318369893
[2026-09-26 01:01:40] Sprawdzam: https://www.olx.pl/d/oferta/volkswagen-scirocco-2-0-tdi-242-km-6-biegow-xenon-szyberdach-skora-krajowy-CID5-ID1bYhbH.html?reason=observed_ad
[2026-09-26 01:01:41] Sprawdzam: https://www.otomoto.pl/osobowe/oferta/volkswagen-scirocco-ID6IeoPJ.html?session_long_olx=19f5668af28xced6a111&session_olx=1a0ab7eb45cx47947b02
[2026-09-26 01:01:41] Gotowe. Zapisano 4 ofert do tracker.xlsx i index.html
[2026-09-26 02:02:01] Sprawdzam: https://www.otomoto.pl/osobowe/oferta/volkswagen-scirocco-ID6IeDKy.html
[2026-09-26 02:02:02] Sprawdzam: https://www.facebook.com/marketplace/item/1077529318369893
[2026-09-26 02:02:02] Sprawdzam: https://www.olx.pl/d/oferta/volkswagen-scirocco-2-0-tdi-242-km-6-biegow-xenon-szyberdach-skora-krajowy-CID5-ID1bYhbH.html?reason=observed_ad
[2026-09-26 02:02:03] Sprawdzam: https://www.otomoto.pl/osobowe/oferta/volkswagen-scirocco-ID6IeoPJ.html?session_long_olx=19f5668af28xced6a111&session_olx=1a0ab7eb45cx47947b02
[2026-09-26 02:02:03] Gotowe. Zapisano 4 ofert do tracker.xlsx i index.html
[2026-09-26 03:02:23] Sprawdzam: https://www.otomoto.pl/osobowe/oferta/volkswagen-scirocco-ID6IeDKy.html
[2026-09-26 03:02:24] Sprawdzam: https://www.facebook.com/marketplace/item/1077529318369893
[2026-09-26 03:02:24] Sprawdzam: https://www.olx.pl/d/oferta/volkswagen-scirocco-2-0-tdi-242-km-6-biegow-xenon-szyberdach-skora-krajowy-CID5-ID1bYhbH.html?reason=observed_ad
[2026-09-26 03:02:24] Sprawdzam: https://www.otomoto.pl/osobowe/oferta/volkswagen-scirocco-ID6IeoPJ.html?session_long_olx=19f5668af28xced6a111&session_olx=1a0ab7eb45cx47947b02
[2026-09-26 03:02:25] Gotowe. Zapisano 4 ofert do tracker.xlsx i index.html
[2026-09-26 04:02:01] Sprawdzam: https://www.otomoto.pl/osobowe/oferta/volkswagen-scirocco-ID6IeDKy.html
[2026-09-26 04:02:02] Sprawdzam: https://www.facebook.com/marketplace/item/1077529318369893
[2026-09-26 04:02:03] Sprawdzam: https://www.olx.pl/d/oferta/volkswagen-scirocco-2-0-tdi-242-km-6-biegow-xenon-szyberdach-skora-krajowy-CID5-ID1bYhbH.html?reason=observed_ad
[2026-09-26 04:02:03] Sprawdzam: https://www.otomoto.pl/osobowe/oferta/volkswagen-scirocco-ID6IeoPJ.html?session_long_olx=19f5668af28xced6a111&session_olx=1a0ab7eb45cx47947b02
[2026-09-26 04:02:04] Gotowe. Zapisano 4 ofert do tracker.xlsx i index.html
[2026-09-26 05:01:40] Sprawdzam: https://www.otomoto.pl/osobowe/oferta/volkswagen-scirocco-ID6IeDKy.html
[2026-09-26 05:01:41] Sprawdzam: https://www.facebook.com/marketplace/item/1077529318369893
[2026-09-26 05:01:41] Sprawdzam: https://www.olx.pl/d/oferta/volkswagen-scirocco-2-0-tdi-242-km-6-biegow-xenon-szyberdach-skora-krajowy-CID5-ID1bYhbH.html?reason=observed_ad
[2026-09-26 05:01:42] Sprawdzam: https://www.otomoto.pl/osobowe/oferta/volkswagen-scirocco-ID6IeoPJ.html?session_long_olx=19f5668af28xced6a111&session_olx=1a0ab7eb45cx47947b02
[2026-09-26 05:01:42] Gotowe. Zapisano 4 ofert do tracker.xlsx i index.html
[2026-09-26 06:02:24] Sprawdzam: https://www.otomoto.pl/osobowe/oferta/volkswagen-scirocco-ID6IeDKy.html
[2026-09-26 06:02:25] Sprawdzam: https://www.facebook.com/marketplace/item/1077529318369893
[2026-09-26 06:02:25] Sprawdzam: https://www.olx.pl/d/oferta/volkswagen-scirocco-2-0-tdi-242-km-6-biegow-xenon-szyberdach-skora-krajowy-CID5-ID1bYhbH.html?reason=observed_ad
[2026-09-26 06:02:25] Sprawdzam: https://www.otomoto.pl/osobowe/oferta/volkswagen-scirocco-ID6IeoPJ.html?session_long_olx=19f5668af28xced6a111&session_olx=1a0ab7eb45cx47947b02
[2026-09-26 06:02:26] Gotowe. Zapisano 4 ofert do tracker.xlsx i index.html
[2026-09-26 07:02:08] Sprawdzam: https://www.otomoto.pl/osobowe/oferta/volkswagen-scirocco-ID6IeDKy.html
[2026-09-26 07:02:08] Sprawdzam: https://www.facebook.com/marketplace/item/1077529318369893
[2026-09-26 07:02:09] Sprawdzam: https://www.olx.pl/d/oferta/volkswagen-scirocco-2-0-tdi-242-km-6-biegow-xenon-szyberdach-skora-krajowy-CID5-ID1bYhbH.html?reason=observed_ad
[2026-09-26 07:02:09] Sprawdzam: https://www.otomoto.pl/osobowe/oferta/volkswagen-scirocco-ID6IeoPJ.html?session_long_olx=19f5668af28xced6a111&session_olx=1a0ab7eb45cx47947b02
[2026-09-26 07:02:10] Gotowe. Zapisano 4 ofert do tracker.xlsx i index.html
[2026-09-26 08:02:40] Sprawdzam: https://www.otomoto.pl/osobowe/oferta/volkswagen-scirocco-ID6IeDKy.html
[2026-09-26 08:02:41] Sprawdzam: https://www.facebook.com/marketplace/item/1077529318369893
[2026-09-26 08:02:42] Sprawdzam: https://www.olx.pl/d/oferta/volkswagen-scirocco-2-0-tdi-242-km-6-biegow-xenon-szyberdach-skora-krajowy-CID5-ID1bYhbH.html?reason=observed_ad
[2026-09-26 08:02:42] Sprawdzam: https://www.otomoto.pl/osobowe/oferta/volkswagen-scirocco-ID6IeoPJ.html?session_long_olx=19f5668af28xced6a111&session_olx=1a0ab7eb45cx47947b02
[2026-09-26 08:02:42] Gotowe. Zapisano 4 ofert do tracker.xlsx i index.html
[2026-09-26 09:02:00] Sprawdzam: https://www.otomoto.pl/osobowe/oferta/volkswagen-scirocco-ID6IeDKy.html
[2026-09-26 09:02:01] Sprawdzam: https://www.facebook.com/marketplace/item/1077529318369893
[2026-09-26 09:02:01] Sprawdzam: https://www.olx.pl/d/oferta/volkswagen-scirocco-2-0-tdi-242-km-6-biegow-xenon-szyberdach-skora-krajowy-CID5-ID1bYhbH.html?reason=observed_ad
[2026-09-26 09:02:01] Sprawdzam: https://www.otomoto.pl/osobowe/oferta/volkswagen-scirocco-ID6IeoPJ.html?session_long_olx=19f5668af28xced6a111&session_olx=1a0ab7eb45cx47947b02
[2026-09-26 09:02:02] Gotowe. Zapisano 4 ofert do tracker.xlsx i index.html
[2026-09-26 10:01:49] Sprawdzam: https://www.otomoto.pl/osobowe/oferta/volkswagen-scirocco-ID6IeDKy.html
[2026-09-26 10:01:51] Sprawdzam: https://www.facebook.com/marketplace/item/1077529318369893
[2026-09-26 10:01:51] Sprawdzam: https://www.olx.pl/d/oferta/volkswagen-scirocco-2-0-tdi-242-km-6-biegow-xenon-szyberdach-skora-krajowy-CID5-ID1bYhbH.html?reason=observed_ad
[2026-09-26 10:01:51] Sprawdzam: https://www.otomoto.pl/osobowe/oferta/volkswagen-scirocco-ID6IeoPJ.html?session_long_olx=19f5668af28xced6a111&session_olx=1a0ab7eb45cx47947b02
[2026-09-26 10:01:52] Gotowe. Zapisano 4 ofert do tracker.xlsx i index.html
[2026-09-26 11:01:55] Sprawdzam: https://www.otomoto.pl/osobowe/oferta/volkswagen-scirocco-ID6IeDKy.html
[2026-09-26 11:01:56] Sprawdzam: https://www.facebook.com/marketplace/item/1077529318369893
[2026-09-26 11:01:56] Sprawdzam: https://www.olx.pl/d/oferta/volkswagen-scirocco-2-0-tdi-242-km-6-biegow-xenon-szyberdach-skora-krajowy-CID5-ID1bYhbH.html?reason=observed_ad
[2026-09-26 11:01:56] Sprawdzam: https://www.otomoto.pl/osobowe/oferta/volkswagen-scirocco-ID6IeoPJ.html?session_long_olx=19f5668af28xced6a111&session_olx=1a0ab7eb45cx47947b02
[2026-09-26 11:01:57] Gotowe. Zapisano 4 ofert do tracker.xlsx i index.html
[2026-09-26 12:02:07] Sprawdzam: https://www.otomoto.pl/osobowe/oferta/volkswagen-scirocco-ID6IeDKy.html
[2026-09-26 12:02:08] Sprawdzam: https://www.facebook.com/marketplace/item/1077529318369893
[2026-09-26 12:02:08] Sprawdzam: https://www.olx.pl/d/oferta/volkswagen-scirocco-2-0-tdi-242-km-6-biegow-xenon-szyberdach-skora-krajowy-CID5-ID1bYhbH.html?reason=observed_ad
[2026-09-26 12:02:09] Sprawdzam: https://www.otomoto.pl/osobowe/oferta/volkswagen-scirocco-ID6IeoPJ.html?session_long_olx=19f5668af28xced6a111&session_olx=1a0ab7eb45cx47947b02
[2026-09-26 12:02:09] Gotowe. Zapisano 4 ofert do tracker.xlsx i index.html
[2026-09-26 13:01:47] Sprawdzam: https://www.otomoto.pl/osobowe/oferta/volkswagen-scirocco-ID6IeDKy.html
[2026-09-26 13:01:48] Sprawdzam: https://www.facebook.com/marketplace/item/1077529318369893
[2026-09-26 13:01:48] Sprawdzam: https://www.olx.pl/d/oferta/volkswagen-scirocco-2-0-tdi-242-km-6-biegow-xenon-szyberdach-skora-krajowy-CID5-ID1bYhbH.html?reason=observed_ad
[2026-09-26 13:01:48] Sprawdzam: https://www.otomoto.pl/osobowe/oferta/volkswagen-scirocco-ID6IeoPJ.html?session_long_olx=19f5668af28xced6a111&session_olx=1a0ab7eb45cx47947b02
[2026-09-26 13:01:49] Gotowe. Zapisano 4 ofert do tracker.xlsx i index.html
[2026-09-26 14:01:55] Sprawdzam: https://www.otomoto.pl/osobowe/oferta/volkswagen-scirocco-ID6IeDKy.html
[2026-09-26 14:01:56] Sprawdzam: https://www.facebook.com/marketplace/item/1077529318369893
[2026-09-26 14:01:57] Sprawdzam: https://www.olx.pl/d/oferta/volkswagen-scirocco-2-0-tdi-242-km-6-biegow-xenon-szyberdach-skora-krajowy-CID5-ID1bYhbH.html?reason=observed_ad
[2026-09-26 14:01:57] Sprawdzam: https://www.otomoto.pl/osobowe/oferta/volkswagen-scirocco-ID6IeoPJ.html?session_long_olx=19f5668af28xced6a111&session_olx=1a0ab7eb45cx47947b02
[2026-09-26 14:01:58] Gotowe. Zapisano 4 ofert do tracker.xlsx i index.html
[2026-09-26 15:02:01] Sprawdzam: https://www.otomoto.pl/osobowe/oferta/volkswagen-scirocco-ID6IeDKy.html
[2026-09-26 15:02:02] Sprawdzam: https://www.facebook.com/marketplace/item/1077529318369893
[2026-09-26 15:02:02] Sprawdzam: https://www.olx.pl/d/oferta/volkswagen-scirocco-2-0-tdi-242-km-6-biegow-xenon-szyberdach-skora-krajowy-CID5-ID1bYhbH.html?reason=observed_ad
[2026-09-26 15:02:02] Sprawdzam: https://www.otomoto.pl/osobowe/oferta/volkswagen-scirocco-ID6IeoPJ.html?session_long_olx=19f5668af28xced6a111&session_olx=1a0ab7eb45cx47947b02
[2026-09-26 15:02:03] Gotowe. Zapisano 4 ofert do tracker.xlsx i index.html
[2026-09-26 16:02:17] Sprawdzam: https://www.otomoto.pl/osobowe/oferta/volkswagen-scirocco-ID6IeDKy.html
[2026-09-26 16:02:18] Sprawdzam: https://www.facebook.com/marketplace/item/1077529318369893
[2026-09-26 16:02:18] Sprawdzam: https://www.olx.pl/d/oferta/volkswagen-scirocco-2-0-tdi-242-km-6-biegow-xenon-szyberdach-skora-krajowy-CID5-ID1bYhbH.html?reason=observed_ad
[2026-09-26 16:02:18] Sprawdzam: https://www.otomoto.pl/osobowe/oferta/volkswagen-scirocco-ID6IeoPJ.html?session_long_olx=19f5668af28xced6a111&session_olx=1a0ab7eb45cx47947b02
[2026-09-26 16:02:19] Gotowe. Zapisano 4 ofert do tracker.xlsx i index.html
[2026-09-26 17:01:59] Sprawdzam: https://www.otomoto.pl/osobowe/oferta/volkswagen-scirocco-ID6IeDKy.html
[2026-09-26 17:02:00] Sprawdzam: https://www.facebook.com/marketplace/item/1077529318369893
[2026-09-26 17:02:00] Sprawdzam: https://www.olx.pl/d/oferta/volkswagen-scirocco-2-0-tdi-242-km-6-biegow-xenon-szyberdach-skora-krajowy-CID5-ID1bYhbH.html?reason=observed_ad
[2026-09-26 17:02:00] Sprawdzam: https://www.otomoto.pl/osobowe/oferta/volkswagen-scirocco-ID6IeoPJ.html?session_long_olx=19f5668af28xced6a111&session_olx=1a0ab7eb45cx47947b02
[2026-09-26 17:02:01] Gotowe. Zapisano 4 ofert do tracker.xlsx i index.html
[2026-09-26 18:02:01] Sprawdzam: https://www.otomoto.pl/osobowe/oferta/volkswagen-scirocco-ID6IeDKy.html
[2026-09-26 18:02:02] Sprawdzam: https://www.facebook.com/marketplace/item/1077529318369893
[2026-09-26 18:02:02] Sprawdzam: https://www.olx.pl/d/oferta/volkswagen-scirocco-2-0-tdi-242-km-6-biegow-xenon-szyberdach-skora-krajowy-CID5-ID1bYhbH.html?reason=observed_ad
[2026-09-26 18:02:03] Sprawdzam: https://www.otomoto.pl/osobowe/oferta/volkswagen-scirocco-ID6IeoPJ.html?session_long_olx=19f5668af28xced6a111&session_olx=1a0ab7eb45cx47947b02
[2026-09-26 18:02:03] Gotowe. Zapisano 4 ofert do tracker.xlsx i index.html
[2026-09-26 19:01:34] Sprawdzam: https://www.otomoto.pl/osobowe/oferta/volkswagen-scirocco-ID6IeDKy.html
[2026-09-26 19:01:35] Sprawdzam: https://www.facebook.com/marketplace/item/1077529318369893
[2026-09-26 19:01:35] Sprawdzam: https://www.olx.pl/d/oferta/volkswagen-scirocco-2-0-tdi-242-km-6-biegow-xenon-szyberdach-skora-krajowy-CID5-ID1bYhbH.html?reason=observed_ad
[2026-09-26 19:01:36] Sprawdzam: https://www.otomoto.pl/osobowe/oferta/volkswagen-scirocco-ID6IeoPJ.html?session_long_olx=19f5668af28xced6a111&session_olx=1a0ab7eb45cx47947b02
[2026-09-26 19:01:36] Gotowe. Zapisano 4 ofert do tracker.xlsx i index.html
[2026-09-26 20:01:59] Sprawdzam: https://www.otomoto.pl/osobowe/oferta/volkswagen-scirocco-ID6IeDKy.html
[2026-09-26 20:02:00] Sprawdzam: https://www.facebook.com/marketplace/item/1077529318369893
[2026-09-26 20:02:00] Sprawdzam: https://www.olx.pl/d/oferta/volkswagen-scirocco-2-0-tdi-242-km-6-biegow-xenon-szyberdach-skora-krajowy-CID5-ID1bYhbH.html?reason=observed_ad
[2026-09-26 20:02:01] Sprawdzam: https://www.otomoto.pl/osobowe/oferta/volkswagen-scirocco-ID6IeoPJ.html?session_long_olx=19f5668af28xced6a111&session_olx=1a0ab7eb45cx47947b02
[2026-09-26 20:02:01] Gotowe. Zapisano 4 ofert do tracker.xlsx i index.html
[2026-09-26 21:01:51] Sprawdzam: https://www.otomoto.pl/osobowe/oferta/volkswagen-scirocco-ID6IeDKy.html
[2026-09-26 21:01:52] Sprawdzam: https://www.facebook.com/marketplace/item/1077529318369893
[2026-09-26 21:01:52] Sprawdzam: https://www.olx.pl/d/oferta/volkswagen-scirocco-2-0-tdi-242-km-6-biegow-xenon-szyberdach-skora-krajowy-CID5-ID1bYhbH.html?reason=observed_ad
[2026-09-26 21:01:53] Sprawdzam: https://www.otomoto.pl/osobowe/oferta/volkswagen-scirocco-ID6IeoPJ.html?session_long_olx=19f5668af28xced6a111&session_olx=1a0ab7eb45cx47947b02
[2026-09-26 21:01:53] Gotowe. Zapisano 4 ofert do tracker.xlsx i index.html
[2026-09-26 22:01:54] Sprawdzam: https://www.otomoto.pl/osobowe/oferta/volkswagen-scirocco-ID6IeDKy.html
[2026-09-26 22:01:55] Sprawdzam: https://www.facebook.com/marketplace/item/1077529318369893
[2026-09-26 22:01:55] Sprawdzam: https://www.olx.pl/d/oferta/volkswagen-scirocco-2-0-tdi-242-km-6-biegow-xenon-szyberdach-skora-krajowy-CID5-ID1bYhbH.html?reason=observed_ad
[2026-09-26 22:01:55] Sprawdzam: https://www.otomoto.pl/osobowe/oferta/volkswagen-scirocco-ID6IeoPJ.html?session_long_olx=19f5668af28xced6a111&session_olx=1a0ab7eb45cx47947b02
[2026-09-26 22:01:56] Gotowe. Zapisano 4 ofert do tracker.xlsx i index.html
[2026-09-26 23:02:09] Sprawdzam: https://www.otomoto.pl/osobowe/oferta/volkswagen-scirocco-ID6IeDKy.html
[2026-09-26 23:02:10] Sprawdzam: https://www.facebook.com/marketplace/item/1077529318369893
[2026-09-26 23:02:10] Sprawdzam: https://www.olx.pl/d/oferta/volkswagen-scirocco-2-0-tdi-242-km-6-biegow-xenon-szyberdach-skora-krajowy-CID5-ID1bYhbH.html?reason=observed_ad
[2026-09-26 23:02:10] Sprawdzam: https://www.otomoto.pl/osobowe/oferta/volkswagen-scirocco-ID6IeoPJ.html?session_long_olx=19f5668af28xced6a111&session_olx=1a0ab7eb45cx47947b02
[2026-09-26 23:02:11] Gotowe. Zapisano 4 ofert do tracker.xlsx i index.html
[2026-09-27 00:02:35] Sprawdzam: https://www.otomoto.pl/osobowe/oferta/volkswagen-scirocco-ID6IeDKy.html
[2026-09-27 00:02:36] Sprawdzam: https://www.facebook.com/marketplace/item/1077529318369893
[2026-09-27 00:02:36] Sprawdzam: https://www.olx.pl/d/oferta/volkswagen-scirocco-2-0-tdi-242-km-6-biegow-xenon-szyberdach-skora-krajowy-CID5-ID1bYhbH.html?reason=observed_ad
[2026-09-27 00:02:36] Sprawdzam: https://www.otomoto.pl/osobowe/oferta/volkswagen-scirocco-ID6IeoPJ.html?session_long_olx=19f5668af28xced6a111&session_olx=1a0ab7eb45cx47947b02
[2026-09-27 00:02:37] Gotowe. Zapisano 4 ofert do tracker.xlsx i index.html
[2026-09-27 01:02:25] Sprawdzam: https://www.otomoto.pl/osobowe/oferta/volkswagen-scirocco-ID6IeDKy.html
[2026-09-27 01:02:25] Sprawdzam: https://www.facebook.com/marketplace/item/1077529318369893
[2026-09-27 01:02:25] Sprawdzam: https://www.olx.pl/d/oferta/volkswagen-scirocco-2-0-tdi-242-km-6-biegow-xenon-szyberdach-skora-krajowy-CID5-ID1bYhbH.html?reason=observed_ad
[2026-09-27 01:02:26] Sprawdzam: https://www.otomoto.pl/osobowe/oferta/volkswagen-scirocco-ID6IeoPJ.html?session_long_olx=19f5668af28xced6a111&session_olx=1a0ab7eb45cx47947b02
[2026-09-27 01:02:26] Gotowe. Zapisano 4 ofert do tracker.xlsx i index.html
[2026-09-27 02:01:56] Sprawdzam: https://www.otomoto.pl/osobowe/oferta/volkswagen-scirocco-ID6IeDKy.html
[2026-09-27 02:01:57] Sprawdzam: https://www.facebook.com/marketplace/item/1077529318369893
[2026-09-27 02:01:57] Sprawdzam: https://www.olx.pl/d/oferta/volkswagen-scirocco-2-0-tdi-242-km-6-biegow-xenon-szyberdach-skora-krajowy-CID5-ID1bYhbH.html?reason=observed_ad
[2026-09-27 02:01:58] Sprawdzam: https://www.otomoto.pl/osobowe/oferta/volkswagen-scirocco-ID6IeoPJ.html?session_long_olx=19f5668af28xced6a111&session_olx=1a0ab7eb45cx47947b02
[2026-09-27 02:01:58] Gotowe. Zapisano 4 ofert do tracker.xlsx i index.html
[2026-09-27 03:02:01] Sprawdzam: https://www.otomoto.pl/osobowe/oferta/volkswagen-scirocco-ID6IeDKy.html
[2026-09-27 03:02:02] Sprawdzam: https://www.facebook.com/marketplace/item/1077529318369893
[2026-09-27 03:02:02] Sprawdzam: https://www.olx.pl/d/oferta/volkswagen-scirocco-2-0-tdi-242-km-6-biegow-xenon-szyberdach-skora-krajowy-CID5-ID1bYhbH.html?reason=observed_ad
[2026-09-27 03:02:02] Sprawdzam: https://www.otomoto.pl/osobowe/oferta/volkswagen-scirocco-ID6IeoPJ.html?session_long_olx=19f5668af28xced6a111&session_olx=1a0ab7eb45cx47947b02
[2026-09-27 03:02:02] Gotowe. Zapisano 4 ofert do tracker.xlsx i index.html
[2026-09-27 04:02:01] Sprawdzam: https://www.otomoto.pl/osobowe/oferta/volkswagen-scirocco-ID6IeDKy.html
[2026-09-27 04:02:02] Sprawdzam: https://www.facebook.com/marketplace/item/1077529318369893
[2026-09-27 04:02:02] Sprawdzam: https://www.olx.pl/d/oferta/volkswagen-scirocco-2-0-tdi-242-km-6-biegow-xenon-szyberdach-skora-krajowy-CID5-ID1bYhbH.html?reason=observed_ad
[2026-09-27 04:02:02] Sprawdzam: https://www.otomoto.pl/osobowe/oferta/volkswagen-scirocco-ID6IeoPJ.html?session_long_olx=19f5668af28xced6a111&session_olx=1a0ab7eb45cx47947b02
[2026-09-27 04:02:03] Gotowe. Zapisano 4 ofert do tracker.xlsx i index.html
[2026-09-27 05:01:57] Sprawdzam: https://www.otomoto.pl/osobowe/oferta/volkswagen-scirocco-ID6IeDKy.html
[2026-09-27 05:01:58] Sprawdzam: https://www.facebook.com/marketplace/item/1077529318369893
[2026-09-27 05:01:58] Sprawdzam: https://www.olx.pl/d/oferta/volkswagen-scirocco-2-0-tdi-242-km-6-biegow-xenon-szyberdach-skora-krajowy-CID5-ID1bYhbH.html?reason=observed_ad
[2026-09-27 05:01:58] Sprawdzam: https://www.otomoto.pl/osobowe/oferta/volkswagen-scirocco-ID6IeoPJ.html?session_long_olx=19f5668af28xced6a111&session_olx=1a0ab7eb45cx47947b02
[2026-09-27 05:02:00] Gotowe. Zapisano 4 ofert do tracker.xlsx i index.html
[2026-09-27 06:02:24] Sprawdzam: https://www.otomoto.pl/osobowe/oferta/volkswagen-scirocco-ID6IeDKy.html
[2026-09-27 06:02:25] Sprawdzam: https://www.facebook.com/marketplace/item/1077529318369893
[2026-09-27 06:02:25] Sprawdzam: https://www.olx.pl/d/oferta/volkswagen-scirocco-2-0-tdi-242-km-6-biegow-xenon-szyberdach-skora-krajowy-CID5-ID1bYhbH.html?reason=observed_ad
[2026-09-27 06:02:25] Sprawdzam: https://www.otomoto.pl/osobowe/oferta/volkswagen-scirocco-ID6IeoPJ.html?session_long_olx=19f5668af28xced6a111&session_olx=1a0ab7eb45cx47947b02
[2026-09-27 06:02:26] Gotowe. Zapisano 4 ofert do tracker.xlsx i index.html
[2026-09-27 07:02:50] Sprawdzam: https://www.otomoto.pl/osobowe/oferta/volkswagen-scirocco-ID6IeDKy.html
[2026-09-27 07:02:51] Sprawdzam: https://www.facebook.com/marketplace/item/1077529318369893
[2026-09-27 07:02:51] Sprawdzam: https://www.olx.pl/d/oferta/volkswagen-scirocco-2-0-tdi-242-km-6-biegow-xenon-szyberdach-skora-krajowy-CID5-ID1bYhbH.html?reason=observed_ad
[2026-09-27 07:02:51] Sprawdzam: https://www.otomoto.pl/osobowe/oferta/volkswagen-scirocco-ID6IeoPJ.html?session_long_olx=19f5668af28xced6a111&session_olx=1a0ab7eb45cx47947b02
[2026-09-27 07:02:52] Gotowe. Zapisano 4 ofert do tracker.xlsx i index.html
[2026-09-27 08:01:58] Sprawdzam: https://www.otomoto.pl/osobowe/oferta/volkswagen-scirocco-ID6IeDKy.html
[2026-09-27 08:02:00] Sprawdzam: https://www.facebook.com/marketplace/item/1077529318369893
[2026-09-27 08:02:00] Sprawdzam: https://www.olx.pl/d/oferta/volkswagen-scirocco-2-0-tdi-242-km-6-biegow-xenon-szyberdach-skora-krajowy-CID5-ID1bYhbH.html?reason=observed_ad
[2026-09-27 08:02:00] Sprawdzam: https://www.otomoto.pl/osobowe/oferta/volkswagen-scirocco-ID6IeoPJ.html?session_long_olx=19f5668af28xced6a111&session_olx=1a0ab7eb45cx47947b02
[2026-09-27 08:02:01] Gotowe. Zapisano 4 ofert do tracker.xlsx i index.html
[2026-09-27 09:01:53] Sprawdzam: https://www.otomoto.pl/osobowe/oferta/volkswagen-scirocco-ID6IeDKy.html
[2026-09-27 09:01:54] Sprawdzam: https://www.facebook.com/marketplace/item/1077529318369893
[2026-09-27 09:01:54] Sprawdzam: https://www.olx.pl/d/oferta/volkswagen-scirocco-2-0-tdi-242-km-6-biegow-xenon-szyberdach-skora-krajowy-CID5-ID1bYhbH.html?reason=observed_ad
[2026-09-27 09:01:54] Sprawdzam: https://www.otomoto.pl/osobowe/oferta/volkswagen-scirocco-ID6IeoPJ.html?session_long_olx=19f5668af28xced6a111&session_olx=1a0ab7eb45cx47947b02
[2026-09-27 09:01:55] Gotowe. Zapisano 4 ofert do tracker.xlsx i index.html
[2026-09-27 10:02:00] Sprawdzam: https://www.otomoto.pl/osobowe/oferta/volkswagen-scirocco-ID6IeDKy.html
[2026-09-27 10:02:01] Sprawdzam: https://www.facebook.com/marketplace/item/1077529318369893
[2026-09-27 10:02:02] Sprawdzam: https://www.olx.pl/d/oferta/volkswagen-scirocco-2-0-tdi-242-km-6-biegow-xenon-szyberdach-skora-krajowy-CID5-ID1bYhbH.html?reason=observed_ad
[2026-09-27 10:02:03] Sprawdzam: https://www.otomoto.pl/osobowe/oferta/volkswagen-scirocco-ID6IeoPJ.html?session_long_olx=19f5668af28xced6a111&session_olx=1a0ab7eb45cx47947b02
[2026-09-27 10:02:03] Gotowe. Zapisano 4 ofert do tracker.xlsx i index.html
[2026-09-27 11:01:54] Sprawdzam: https://www.otomoto.pl/osobowe/oferta/volkswagen-scirocco-ID6IeDKy.html
[2026-09-27 11:01:55] Sprawdzam: https://www.facebook.com/marketplace/item/1077529318369893
[2026-09-27 11:01:55] Sprawdzam: https://www.olx.pl/d/oferta/volkswagen-scirocco-2-0-tdi-242-km-6-biegow-xenon-szyberdach-skora-krajowy-CID5-ID1bYhbH.html?reason=observed_ad
[2026-09-27 11:01:55] Sprawdzam: https://www.otomoto.pl/osobowe/oferta/volkswagen-scirocco-ID6IeoPJ.html?session_long_olx=19f5668af28xced6a111&session_olx=1a0ab7eb45cx47947b02
[2026-09-27 11:01:56] Gotowe. Zapisano 4 ofert do tracker.xlsx i index.html
[2026-09-27 12:02:18] Sprawdzam: https://www.otomoto.pl/osobowe/oferta/volkswagen-scirocco-ID6IeDKy.html
[2026-09-27 12:02:19] Sprawdzam: https://www.facebook.com/marketplace/item/1077529318369893
[2026-09-27 12:02:19] Sprawdzam: https://www.olx.pl/d/oferta/volkswagen-scirocco-2-0-tdi-242-km-6-biegow-xenon-szyberdach-skora-krajowy-CID5-ID1bYhbH.html?reason=observed_ad
[2026-09-27 12:02:19] Sprawdzam: https://www.otomoto.pl/osobowe/oferta/volkswagen-scirocco-ID6IeoPJ.html?session_long_olx=19f5668af28xced6a111&session_olx=1a0ab7eb45cx47947b02
[2026-09-27 12:02:20] Gotowe. Zapisano 4 ofert do tracker.xlsx i index.html
[2026-09-27 13:02:04] Sprawdzam: https://www.otomoto.pl/osobowe/oferta/volkswagen-scirocco-ID6IeDKy.html
[2026-09-27 13:02:05] Sprawdzam: https://www.facebook.com/marketplace/item/1077529318369893
[2026-09-27 13:02:05] Sprawdzam: https://www.olx.pl/d/oferta/volkswagen-scirocco-2-0-tdi-242-km-6-biegow-xenon-szyberdach-skora-krajowy-CID5-ID1bYhbH.html?reason=observed_ad
[2026-09-27 13:02:05] Sprawdzam: https://www.otomoto.pl/osobowe/oferta/volkswagen-scirocco-ID6IeoPJ.html?session_long_olx=19f5668af28xced6a111&session_olx=1a0ab7eb45cx47947b02
[2026-09-27 13:02:05] Gotowe. Zapisano 4 ofert do tracker.xlsx i index.html
[2026-09-27 14:02:01] Sprawdzam: https://www.otomoto.pl/osobowe/oferta/volkswagen-scirocco-ID6IeDKy.html
[2026-09-27 14:02:02] Sprawdzam: https://www.facebook.com/marketplace/item/1077529318369893
[2026-09-27 14:02:02] Sprawdzam: https://www.olx.pl/d/oferta/volkswagen-scirocco-2-0-tdi-242-km-6-biegow-xenon-szyberdach-skora-krajowy-CID5-ID1bYhbH.html?reason=observed_ad
[2026-09-27 14:02:02] Sprawdzam: https://www.otomoto.pl/osobowe/oferta/volkswagen-scirocco-ID6IeoPJ.html?session_long_olx=19f5668af28xced6a111&session_olx=1a0ab7eb45cx47947b02
[2026-09-27 14:02:03] Gotowe. Zapisano 4 ofert do tracker.xlsx i index.html
[2026-09-27 15:02:06] Sprawdzam: https://www.otomoto.pl/osobowe/oferta/volkswagen-scirocco-ID6IeDKy.html
[2026-09-27 15:02:08] Sprawdzam: https://www.facebook.com/marketplace/item/1077529318369893
[2026-09-27 15:02:08] Sprawdzam: https://www.olx.pl/d/oferta/volkswagen-scirocco-2-0-tdi-242-km-6-biegow-xenon-szyberdach-skora-krajowy-CID5-ID1bYhbH.html?reason=observed_ad
[2026-09-27 15:02:08] Sprawdzam: https://www.otomoto.pl/osobowe/oferta/volkswagen-scirocco-ID6IeoPJ.html?session_long_olx=19f5668af28xced6a111&session_olx=1a0ab7eb45cx47947b02
[2026-09-27 15:02:09] Gotowe. Zapisano 4 ofert do tracker.xlsx i index.html
[2026-09-27 16:01:53] Sprawdzam: https://www.otomoto.pl/osobowe/oferta/volkswagen-scirocco-ID6IeDKy.html
[2026-09-27 16:01:53] Sprawdzam: https://www.facebook.com/marketplace/item/1077529318369893
[2026-09-27 16:01:54] Sprawdzam: https://www.olx.pl/d/oferta/volkswagen-scirocco-2-0-tdi-242-km-6-biegow-xenon-szyberdach-skora-krajowy-CID5-ID1bYhbH.html?reason=observed_ad
[2026-09-27 16:01:54] Sprawdzam: https://www.otomoto.pl/osobowe/oferta/volkswagen-scirocco-ID6IeoPJ.html?session_long_olx=19f5668af28xced6a111&session_olx=1a0ab7eb45cx47947b02
[2026-09-27 16:01:55] Gotowe. Zapisano 4 ofert do tracker.xlsx i index.html
[2026-09-27 17:01:45] Sprawdzam: https://www.otomoto.pl/osobowe/oferta/volkswagen-scirocco-ID6IeDKy.html
[2026-09-27 17:01:46] Sprawdzam: https://www.facebook.com/marketplace/item/1077529318369893
[2026-09-27 17:01:46] Sprawdzam: https://www.olx.pl/d/oferta/volkswagen-scirocco-2-0-tdi-242-km-6-biegow-xenon-szyberdach-skora-krajowy-CID5-ID1bYhbH.html?reason=observed_ad
[2026-09-27 17:01:47] Sprawdzam: https://www.otomoto.pl/osobowe/oferta/volkswagen-scirocco-ID6IeoPJ.html?session_long_olx=19f5668af28xced6a111&session_olx=1a0ab7eb45cx47947b02
[2026-09-27 17:01:48] Gotowe. Zapisano 4 ofert do tracker.xlsx i index.html
[2026-09-27 18:02:23] Sprawdzam: https://www.otomoto.pl/osobowe/oferta/volkswagen-scirocco-ID6IeDKy.html
[2026-09-27 18:02:23] Sprawdzam: https://www.facebook.com/marketplace/item/1077529318369893
[2026-09-27 18:02:24] Sprawdzam: https://www.olx.pl/d/oferta/volkswagen-scirocco-2-0-tdi-242-km-6-biegow-xenon-szyberdach-skora-krajowy-CID5-ID1bYhbH.html?reason=observed_ad
[2026-09-27 18:02:24] Sprawdzam: https://www.otomoto.pl/osobowe/oferta/volkswagen-scirocco-ID6IeoPJ.html?session_long_olx=19f5668af28xced6a111&session_olx=1a0ab7eb45cx47947b02
[2026-09-27 18:02:25] Gotowe. Zapisano 4 ofert do tracker.xlsx i index.html
[2026-09-27 19:01:48] Sprawdzam: https://www.otomoto.pl/osobowe/oferta/volkswagen-scirocco-ID6IeDKy.html
[2026-09-27 19:01:49] Sprawdzam: https://www.facebook.com/marketplace/item/1077529318369893
[2026-09-27 19:01:49] Sprawdzam: https://www.olx.pl/d/oferta/volkswagen-scirocco-2-0-tdi-242-km-6-biegow-xenon-szyberdach-skora-krajowy-CID5-ID1bYhbH.html?reason=observed_ad
[2026-09-27 19:01:50] Sprawdzam: https://www.otomoto.pl/osobowe/oferta/volkswagen-scirocco-ID6IeoPJ.html?session_long_olx=19f5668af28xced6a111&session_olx=1a0ab7eb45cx47947b02
[2026-09-27 19:01:51] Gotowe. Zapisano 4 ofert do tracker.xlsx i index.html
[2026-09-27 20:02:14] Sprawdzam: https://www.otomoto.pl/osobowe/oferta/volkswagen-scirocco-ID6IeDKy.html
[2026-09-27 20:02:14] Sprawdzam: https://www.facebook.com/marketplace/item/1077529318369893
[2026-09-27 20:02:15] Sprawdzam: https://www.olx.pl/d/oferta/volkswagen-scirocco-2-0-tdi-242-km-6-biegow-xenon-szyberdach-skora-krajowy-CID5-ID1bYhbH.html?reason=observed_ad
[2026-09-27 20:02:15] Sprawdzam: https://www.otomoto.pl/osobowe/oferta/volkswagen-scirocco-ID6IeoPJ.html?session_long_olx=19f5668af28xced6a111&session_olx=1a0ab7eb45cx47947b02
[2026-09-27 20:02:15] Gotowe. Zapisano 4 ofert do tracker.xlsx i index.html
[2026-09-27 21:02:17] Sprawdzam: https://www.otomoto.pl/osobowe/oferta/volkswagen-scirocco-ID6IeDKy.html
[2026-09-27 21:02:18] Sprawdzam: https://www.facebook.com/marketplace/item/1077529318369893
[2026-09-27 21:02:18] Sprawdzam: https://www.olx.pl/d/oferta/volkswagen-scirocco-2-0-tdi-242-km-6-biegow-xenon-szyberdach-skora-krajowy-CID5-ID1bYhbH.html?reason=observed_ad
[2026-09-27 21:02:18] Sprawdzam: https://www.otomoto.pl/osobowe/oferta/volkswagen-scirocco-ID6IeoPJ.html?session_long_olx=19f5668af28xced6a111&session_olx=1a0ab7eb45cx47947b02
[2026-09-27 21:02:19] Gotowe. Zapisano 4 ofert do tracker.xlsx i index.html
[2026-09-27 22:02:07] Sprawdzam: https://www.otomoto.pl/osobowe/oferta/volkswagen-scirocco-ID6IeDKy.html
[2026-09-27 22:02:09] Sprawdzam: https://www.facebook.com/marketplace/item/1077529318369893
[2026-09-27 22:02:09] Sprawdzam: https://www.olx.pl/d/oferta/volkswagen-scirocco-2-0-tdi-242-km-6-biegow-xenon-szyberdach-skora-krajowy-CID5-ID1bYhbH.html?reason=observed_ad
[2026-09-27 22:02:09] Sprawdzam: https://www.otomoto.pl/osobowe/oferta/volkswagen-scirocco-ID6IeoPJ.html?session_long_olx=19f5668af28xced6a111&session_olx=1a0ab7eb45cx47947b02
[2026-09-27 22:02:09] Gotowe. Zapisano 4 ofert do tracker.xlsx i index.html
[2026-09-27 23:01:48] Sprawdzam: https://www.otomoto.pl/osobowe/oferta/volkswagen-scirocco-ID6IeDKy.html
[2026-09-27 23:01:49] Sprawdzam: https://www.facebook.com/marketplace/item/1077529318369893
[2026-09-27 23:01:50] Sprawdzam: https://www.olx.pl/d/oferta/volkswagen-scirocco-2-0-tdi-242-km-6-biegow-xenon-szyberdach-skora-krajowy-CID5-ID1bYhbH.html?reason=observed_ad
[2026-09-27 23:01:50] Sprawdzam: https://www.otomoto.pl/osobowe/oferta/volkswagen-scirocco-ID6IeoPJ.html?session_long_olx=19f5668af28xced6a111&session_olx=1a0ab7eb45cx47947b02
[2026-09-27 23:01:50] Gotowe. Zapisano 4 ofert do tracker.xlsx i index.html
[2026-09-28 00:02:23] Sprawdzam: https://www.otomoto.pl/osobowe/oferta/volkswagen-scirocco-ID6IeDKy.html
[2026-09-28 00:02:24] Sprawdzam: https://www.facebook.com/marketplace/item/1077529318369893
[2026-09-28 00:02:24] Sprawdzam: https://www.olx.pl/d/oferta/volkswagen-scirocco-2-0-tdi-242-km-6-biegow-xenon-szyberdach-skora-krajowy-CID5-ID1bYhbH.html?reason=observed_ad
[2026-09-28 00:02:24] Sprawdzam: https://www.otomoto.pl/osobowe/oferta/volkswagen-scirocco-ID6IeoPJ.html?session_long_olx=19f5668af28xced6a111&session_olx=1a0ab7eb45cx47947b02
[2026-09-28 00:02:25] Gotowe. Zapisano 4 ofert do tracker.xlsx i index.html
[2026-09-28 01:03:19] Sprawdzam: https://www.otomoto.pl/osobowe/oferta/volkswagen-scirocco-ID6IeDKy.html
[2026-09-28 01:03:20] Sprawdzam: https://www.facebook.com/marketplace/item/1077529318369893
[2026-09-28 01:03:20] Sprawdzam: https://www.olx.pl/d/oferta/volkswagen-scirocco-2-0-tdi-242-km-6-biegow-xenon-szyberdach-skora-krajowy-CID5-ID1bYhbH.html?reason=observed_ad
[2026-09-28 01:03:20] Sprawdzam: https://www.otomoto.pl/osobowe/oferta/volkswagen-scirocco-ID6IeoPJ.html?session_long_olx=19f5668af28xced6a111&session_olx=1a0ab7eb45cx47947b02
[2026-09-28 01:03:21] Gotowe. Zapisano 4 ofert do tracker.xlsx i index.html
[2026-09-28 02:02:16] Sprawdzam: https://www.otomoto.pl/osobowe/oferta/volkswagen-scirocco-ID6IeDKy.html
[2026-09-28 02:02:17] Sprawdzam: https://www.facebook.com/marketplace/item/1077529318369893
[2026-09-28 02:02:17] Sprawdzam: https://www.olx.pl/d/oferta/volkswagen-scirocco-2-0-tdi-242-km-6-biegow-xenon-szyberdach-skora-krajowy-CID5-ID1bYhbH.html?reason=observed_ad
[2026-09-28 02:02:17] Sprawdzam: https://www.otomoto.pl/osobowe/oferta/volkswagen-scirocco-ID6IeoPJ.html?session_long_olx=19f5668af28xced6a111&session_olx=1a0ab7eb45cx47947b02
[2026-09-28 02:02:18] Gotowe. Zapisano 4 ofert do tracker.xlsx i index.html
[2026-09-28 03:02:30] Sprawdzam: https://www.otomoto.pl/osobowe/oferta/volkswagen-scirocco-ID6IeDKy.html
[2026-09-28 03:02:31] Sprawdzam: https://www.facebook.com/marketplace/item/1077529318369893
[2026-09-28 03:02:31] Sprawdzam: https://www.olx.pl/d/oferta/volkswagen-scirocco-2-0-tdi-242-km-6-biegow-xenon-szyberdach-skora-krajowy-CID5-ID1bYhbH.html?reason=observed_ad
[2026-09-28 03:02:31] Sprawdzam: https://www.otomoto.pl/osobowe/oferta/volkswagen-scirocco-ID6IeoPJ.html?session_long_olx=19f5668af28xced6a111&session_olx=1a0ab7eb45cx47947b02
[2026-09-28 03:02:32] Gotowe. Zapisano 4 ofert do tracker.xlsx i index.html
[2026-09-28 04:03:03] Sprawdzam: https://www.otomoto.pl/osobowe/oferta/volkswagen-scirocco-ID6IeDKy.html
[2026-09-28 04:03:04] Sprawdzam: https://www.facebook.com/marketplace/item/1077529318369893
[2026-09-28 04:03:04] Sprawdzam: https://www.olx.pl/d/oferta/volkswagen-scirocco-2-0-tdi-242-km-6-biegow-xenon-szyberdach-skora-krajowy-CID5-ID1bYhbH.html?reason=observed_ad
[2026-09-28 04:03:04] Sprawdzam: https://www.otomoto.pl/osobowe/oferta/volkswagen-scirocco-ID6IeoPJ.html?session_long_olx=19f5668af28xced6a111&session_olx=1a0ab7eb45cx47947b02
[2026-09-28 04:03:05] Gotowe. Zapisano 4 ofert do tracker.xlsx i index.html
[2026-09-28 05:02:54] Sprawdzam: https://www.otomoto.pl/osobowe/oferta/volkswagen-scirocco-ID6IeDKy.html
[2026-09-28 05:02:55] Sprawdzam: https://www.facebook.com/marketplace/item/1077529318369893
[2026-09-28 05:02:56] Sprawdzam: https://www.olx.pl/d/oferta/volkswagen-scirocco-2-0-tdi-242-km-6-biegow-xenon-szyberdach-skora-krajowy-CID5-ID1bYhbH.html?reason=observed_ad
[2026-09-28 05:02:56] Sprawdzam: https://www.otomoto.pl/osobowe/oferta/volkswagen-scirocco-ID6IeoPJ.html?session_long_olx=19f5668af28xced6a111&session_olx=1a0ab7eb45cx47947b02
[2026-09-28 05:02:56] Gotowe. Zapisano 4 ofert do tracker.xlsx i index.html
[2026-09-28 06:02:32] Sprawdzam: https://www.otomoto.pl/osobowe/oferta/volkswagen-scirocco-ID6IeDKy.html
[2026-09-28 06:02:32] Sprawdzam: https://www.facebook.com/marketplace/item/1077529318369893
[2026-09-28 06:02:32] Sprawdzam: https://www.olx.pl/d/oferta/volkswagen-scirocco-2-0-tdi-242-km-6-biegow-xenon-szyberdach-skora-krajowy-CID5-ID1bYhbH.html?reason=observed_ad
[2026-09-28 06:02:33] Sprawdzam: https://www.otomoto.pl/osobowe/oferta/volkswagen-scirocco-ID6IeoPJ.html?session_long_olx=19f5668af28xced6a111&session_olx=1a0ab7eb45cx47947b02
[2026-09-28 06:02:33] Gotowe. Zapisano 4 ofert do tracker.xlsx i index.html
[2026-09-28 07:05:18] Sprawdzam: https://www.otomoto.pl/osobowe/oferta/volkswagen-scirocco-ID6IeDKy.html
[2026-09-28 07:05:19] Sprawdzam: https://www.facebook.com/marketplace/item/1077529318369893
[2026-09-28 07:05:19] Sprawdzam: https://www.olx.pl/d/oferta/volkswagen-scirocco-2-0-tdi-242-km-6-biegow-xenon-szyberdach-skora-krajowy-CID5-ID1bYhbH.html?reason=observed_ad
[2026-09-28 07:05:19] Sprawdzam: https://www.otomoto.pl/osobowe/oferta/volkswagen-scirocco-ID6IeoPJ.html?session_long_olx=19f5668af28xced6a111&session_olx=1a0ab7eb45cx47947b02
[2026-09-28 07:05:20] Gotowe. Zapisano 4 ofert do tracker.xlsx i index.html
[2026-09-28 08:03:55] Sprawdzam: https://www.otomoto.pl/osobowe/oferta/volkswagen-scirocco-ID6IeDKy.html
[2026-09-28 08:03:55] Sprawdzam: https://www.facebook.com/marketplace/item/1077529318369893
[2026-09-28 08:03:55] Sprawdzam: https://www.olx.pl/d/oferta/volkswagen-scirocco-2-0-tdi-242-km-6-biegow-xenon-szyberdach-skora-krajowy-CID5-ID1bYhbH.html?reason=observed_ad
[2026-09-28 08:03:56] Sprawdzam: https://www.otomoto.pl/osobowe/oferta/volkswagen-scirocco-ID6IeoPJ.html?session_long_olx=19f5668af28xced6a111&session_olx=1a0ab7eb45cx47947b02
[2026-09-28 08:03:56] Gotowe. Zapisano 4 ofert do tracker.xlsx i index.html
[2026-09-28 09:03:35] Sprawdzam: https://www.otomoto.pl/osobowe/oferta/volkswagen-scirocco-ID6IeDKy.html
[2026-09-28 09:03:37] Sprawdzam: https://www.facebook.com/marketplace/item/1077529318369893
[2026-09-28 09:03:37] Sprawdzam: https://www.olx.pl/d/oferta/volkswagen-scirocco-2-0-tdi-242-km-6-biegow-xenon-szyberdach-skora-krajowy-CID5-ID1bYhbH.html?reason=observed_ad
[2026-09-28 09:03:38] Sprawdzam: https://www.otomoto.pl/osobowe/oferta/volkswagen-scirocco-ID6IeoPJ.html?session_long_olx=19f5668af28xced6a111&session_olx=1a0ab7eb45cx47947b02
[2026-09-28 09:03:39] Gotowe. Zapisano 4 ofert do tracker.xlsx i index.html
[2026-09-28 10:03:44] Sprawdzam: https://www.otomoto.pl/osobowe/oferta/volkswagen-scirocco-ID6IeDKy.html
[2026-09-28 10:03:45] Sprawdzam: https://www.facebook.com/marketplace/item/1077529318369893
[2026-09-28 10:03:45] Sprawdzam: https://www.olx.pl/d/oferta/volkswagen-scirocco-2-0-tdi-242-km-6-biegow-xenon-szyberdach-skora-krajowy-CID5-ID1bYhbH.html?reason=observed_ad
[2026-09-28 10:03:46] Sprawdzam: https://www.otomoto.pl/osobowe/oferta/volkswagen-scirocco-ID6IeoPJ.html?session_long_olx=19f5668af28xced6a111&session_olx=1a0ab7eb45cx47947b02
[2026-09-28 10:03:46] Gotowe. Zapisano 4 ofert do tracker.xlsx i index.html
[2026-09-28 11:02:43] Sprawdzam: https://www.otomoto.pl/osobowe/oferta/volkswagen-scirocco-ID6IeDKy.html
[2026-09-28 11:02:44] Sprawdzam: https://www.facebook.com/marketplace/item/1077529318369893
[2026-09-28 11:02:44] Sprawdzam: https://www.olx.pl/d/oferta/volkswagen-scirocco-2-0-tdi-242-km-6-biegow-xenon-szyberdach-skora-krajowy-CID5-ID1bYhbH.html?reason=observed_ad
[2026-09-28 11:02:44] Sprawdzam: https://www.otomoto.pl/osobowe/oferta/volkswagen-scirocco-ID6IeoPJ.html?session_long_olx=19f5668af28xced6a111&session_olx=1a0ab7eb45cx47947b02
[2026-09-28 11:02:46] Gotowe. Zapisano 4 ofert do tracker.xlsx i index.html
[2026-09-28 12:02:19] Sprawdzam: https://www.otomoto.pl/osobowe/oferta/volkswagen-scirocco-ID6IeDKy.html
[2026-09-28 12:02:19] Sprawdzam: https://www.facebook.com/marketplace/item/1077529318369893
[2026-09-28 12:02:20] Sprawdzam: https://www.olx.pl/d/oferta/volkswagen-scirocco-2-0-tdi-242-km-6-biegow-xenon-szyberdach-skora-krajowy-CID5-ID1bYhbH.html?reason=observed_ad
[2026-09-28 12:02:20] Sprawdzam: https://www.otomoto.pl/osobowe/oferta/volkswagen-scirocco-ID6IeoPJ.html?session_long_olx=19f5668af28xced6a111&session_olx=1a0ab7eb45cx47947b02
[2026-09-28 12:02:21] Gotowe. Zapisano 4 ofert do tracker.xlsx i index.html
[2026-09-28 13:04:03] Sprawdzam: https://www.otomoto.pl/osobowe/oferta/volkswagen-scirocco-ID6IeDKy.html
[2026-09-28 13:04:03] Sprawdzam: https://www.facebook.com/marketplace/item/1077529318369893
[2026-09-28 13:04:03] Sprawdzam: https://www.olx.pl/d/oferta/volkswagen-scirocco-2-0-tdi-242-km-6-biegow-xenon-szyberdach-skora-krajowy-CID5-ID1bYhbH.html?reason=observed_ad
[2026-09-28 13:04:04] Sprawdzam: https://www.otomoto.pl/osobowe/oferta/volkswagen-scirocco-ID6IeoPJ.html?session_long_olx=19f5668af28xced6a111&session_olx=1a0ab7eb45cx47947b02
[2026-09-28 13:04:04] Gotowe. Zapisano 4 ofert do tracker.xlsx i index.html
[2026-09-28 14:05:07] Sprawdzam: https://www.otomoto.pl/osobowe/oferta/volkswagen-scirocco-ID6IeDKy.html
[2026-09-28 14:05:07] Sprawdzam: https://www.facebook.com/marketplace/item/1077529318369893
[2026-09-28 14:05:08] Sprawdzam: https://www.olx.pl/d/oferta/volkswagen-scirocco-2-0-tdi-242-km-6-biegow-xenon-szyberdach-skora-krajowy-CID5-ID1bYhbH.html?reason=observed_ad
[2026-09-28 14:05:08] Sprawdzam: https://www.otomoto.pl/osobowe/oferta/volkswagen-scirocco-ID6IeoPJ.html?session_long_olx=19f5668af28xced6a111&session_olx=1a0ab7eb45cx47947b02
[2026-09-28 14:05:08] Gotowe. Zapisano 4 ofert do tracker.xlsx i index.html
[2026-09-28 15:05:16] Sprawdzam: https://www.otomoto.pl/osobowe/oferta/volkswagen-scirocco-ID6IeDKy.html
[2026-09-28 15:05:17] Sprawdzam: https://www.facebook.com/marketplace/item/1077529318369893
[2026-09-28 15:05:17] Sprawdzam: https://www.olx.pl/d/oferta/volkswagen-scirocco-2-0-tdi-242-km-6-biegow-xenon-szyberdach-skora-krajowy-CID5-ID1bYhbH.html?reason=observed_ad
[2026-09-28 15:05:17] Sprawdzam: https://www.otomoto.pl/osobowe/oferta/volkswagen-scirocco-ID6IeoPJ.html?session_long_olx=19f5668af28xced6a111&session_olx=1a0ab7eb45cx47947b02
[2026-09-28 15:05:18] Gotowe. Zapisano 4 ofert do tracker.xlsx i index.html
[2026-09-28 16:04:03] Sprawdzam: https://www.otomoto.pl/osobowe/oferta/volkswagen-scirocco-ID6IeDKy.html
[2026-09-28 16:04:04] Sprawdzam: https://www.facebook.com/marketplace/item/1077529318369893
[2026-09-28 16:04:05] Sprawdzam: https://www.olx.pl/d/oferta/volkswagen-scirocco-2-0-tdi-242-km-6-biegow-xenon-szyberdach-skora-krajowy-CID5-ID1bYhbH.html?reason=observed_ad
[2026-09-28 16:04:05] Sprawdzam: https://www.otomoto.pl/osobowe/oferta/volkswagen-scirocco-ID6IeoPJ.html?session_long_olx=19f5668af28xced6a111&session_olx=1a0ab7eb45cx47947b02
[2026-09-28 16:04:05] Gotowe. Zapisano 4 ofert do tracker.xlsx i index.html
[2026-09-28 17:03:18] Sprawdzam: https://www.otomoto.pl/osobowe/oferta/volkswagen-scirocco-ID6IeDKy.html
[2026-09-28 17:03:18] Sprawdzam: https://www.facebook.com/marketplace/item/1077529318369893
[2026-09-28 17:03:18] Sprawdzam: https://www.olx.pl/d/oferta/volkswagen-scirocco-2-0-tdi-242-km-6-biegow-xenon-szyberdach-skora-krajowy-CID5-ID1bYhbH.html?reason=observed_ad
[2026-09-28 17:03:19] Sprawdzam: https://www.otomoto.pl/osobowe/oferta/volkswagen-scirocco-ID6IeoPJ.html?session_long_olx=19f5668af28xced6a111&session_olx=1a0ab7eb45cx47947b02
[2026-09-28 17:03:19] Gotowe. Zapisano 4 ofert do tracker.xlsx i index.html
[2026-09-28 18:02:49] Sprawdzam: https://www.otomoto.pl/osobowe/oferta/volkswagen-scirocco-ID6IeDKy.html
[2026-09-28 18:02:50] Sprawdzam: https://www.facebook.com/marketplace/item/1077529318369893
[2026-09-28 18:02:50] Sprawdzam: https://www.olx.pl/d/oferta/volkswagen-scirocco-2-0-tdi-242-km-6-biegow-xenon-szyberdach-skora-krajowy-CID5-ID1bYhbH.html?reason=observed_ad
[2026-09-28 18:02:50] Sprawdzam: https://www.otomoto.pl/osobowe/oferta/volkswagen-scirocco-ID6IeoPJ.html?session_long_olx=19f5668af28xced6a111&session_olx=1a0ab7eb45cx47947b02
[2026-09-28 18:02:51] Gotowe. Zapisano 4 ofert do tracker.xlsx i index.html
[2026-09-28 19:03:54] Sprawdzam: https://www.otomoto.pl/osobowe/oferta/volkswagen-scirocco-ID6IeDKy.html
[2026-09-28 19:03:55] Sprawdzam: https://www.facebook.com/marketplace/item/1077529318369893
[2026-09-28 19:03:55] Sprawdzam: https://www.olx.pl/d/oferta/volkswagen-scirocco-2-0-tdi-242-km-6-biegow-xenon-szyberdach-skora-krajowy-CID5-ID1bYhbH.html?reason=observed_ad
[2026-09-28 19:03:55] Sprawdzam: https://www.otomoto.pl/osobowe/oferta/volkswagen-scirocco-ID6IeoPJ.html?session_long_olx=19f5668af28xced6a111&session_olx=1a0ab7eb45cx47947b02
[2026-09-28 19:03:55] Gotowe. Zapisano 4 ofert do tracker.xlsx i index.html
[2026-09-28 20:01:54] Sprawdzam: https://www.otomoto.pl/osobowe/oferta/volkswagen-scirocco-ID6IeDKy.html
[2026-09-28 20:01:55] Sprawdzam: https://www.facebook.com/marketplace/item/1077529318369893
[2026-09-28 20:01:55] Sprawdzam: https://www.olx.pl/d/oferta/volkswagen-scirocco-2-0-tdi-242-km-6-biegow-xenon-szyberdach-skora-krajowy-CID5-ID1bYhbH.html?reason=observed_ad
[2026-09-28 20:01:55] Sprawdzam: https://www.otomoto.pl/osobowe/oferta/volkswagen-scirocco-ID6IeoPJ.html?session_long_olx=19f5668af28xced6a111&session_olx=1a0ab7eb45cx47947b02
[2026-09-28 20:01:56] Gotowe. Zapisano 4 ofert do tracker.xlsx i index.html
[2026-09-28 21:03:09] Sprawdzam: https://www.otomoto.pl/osobowe/oferta/volkswagen-scirocco-ID6IeDKy.html
[2026-09-28 21:03:10] Sprawdzam: https://www.facebook.com/marketplace/item/1077529318369893
[2026-09-28 21:03:11] Sprawdzam: https://www.olx.pl/d/oferta/volkswagen-scirocco-2-0-tdi-242-km-6-biegow-xenon-szyberdach-skora-krajowy-CID5-ID1bYhbH.html?reason=observed_ad
[2026-09-28 21:03:11] Sprawdzam: https://www.otomoto.pl/osobowe/oferta/volkswagen-scirocco-ID6IeoPJ.html?session_long_olx=19f5668af28xced6a111&session_olx=1a0ab7eb45cx47947b02
[2026-09-28 21:03:11] Gotowe. Zapisano 4 ofert do tracker.xlsx i index.html
[2026-09-28 22:02:09] Sprawdzam: https://www.otomoto.pl/osobowe/oferta/volkswagen-scirocco-ID6IeDKy.html
[2026-09-28 22:02:09] Sprawdzam: https://www.facebook.com/marketplace/item/1077529318369893
[2026-09-28 22:02:10] Sprawdzam: https://www.olx.pl/d/oferta/volkswagen-scirocco-2-0-tdi-242-km-6-biegow-xenon-szyberdach-skora-krajowy-CID5-ID1bYhbH.html?reason=observed_ad
[2026-09-28 22:02:10] Sprawdzam: https://www.otomoto.pl/osobowe/oferta/volkswagen-scirocco-ID6IeoPJ.html?session_long_olx=19f5668af28xced6a111&session_olx=1a0ab7eb45cx47947b02
[2026-09-28 22:02:10] Gotowe. Zapisano 4 ofert do tracker.xlsx i index.html
[2026-09-28 23:01:58] Sprawdzam: https://www.otomoto.pl/osobowe/oferta/volkswagen-scirocco-ID6IeDKy.html
[2026-09-28 23:01:59] Sprawdzam: https://www.facebook.com/marketplace/item/1077529318369893
[2026-09-28 23:01:59] Sprawdzam: https://www.olx.pl/d/oferta/volkswagen-scirocco-2-0-tdi-242-km-6-biegow-xenon-szyberdach-skora-krajowy-CID5-ID1bYhbH.html?reason=observed_ad
[2026-09-28 23:02:00] Sprawdzam: https://www.otomoto.pl/osobowe/oferta/volkswagen-scirocco-ID6IeoPJ.html?session_long_olx=19f5668af28xced6a111&session_olx=1a0ab7eb45cx47947b02
[2026-09-28 23:02:01] Gotowe. Zapisano 4 ofert do tracker.xlsx i index.html
[2026-09-29 00:02:42] Sprawdzam: https://www.otomoto.pl/osobowe/oferta/volkswagen-scirocco-ID6IeDKy.html
[2026-09-29 00:02:43] Sprawdzam: https://www.facebook.com/marketplace/item/1077529318369893
[2026-09-29 00:02:43] Sprawdzam: https://www.olx.pl/d/oferta/volkswagen-scirocco-2-0-tdi-242-km-6-biegow-xenon-szyberdach-skora-krajowy-CID5-ID1bYhbH.html?reason=observed_ad
[2026-09-29 00:02:43] Sprawdzam: https://www.otomoto.pl/osobowe/oferta/volkswagen-scirocco-ID6IeoPJ.html?session_long_olx=19f5668af28xced6a111&session_olx=1a0ab7eb45cx47947b02
[2026-09-29 00:02:44] Gotowe. Zapisano 4 ofert do tracker.xlsx i index.html
[2026-09-29 01:04:31] Sprawdzam: https://www.otomoto.pl/osobowe/oferta/volkswagen-scirocco-ID6IeDKy.html
[2026-09-29 01:04:32] Sprawdzam: https://www.facebook.com/marketplace/item/1077529318369893
[2026-09-29 01:04:32] Sprawdzam: https://www.olx.pl/d/oferta/volkswagen-scirocco-2-0-tdi-242-km-6-biegow-xenon-szyberdach-skora-krajowy-CID5-ID1bYhbH.html?reason=observed_ad
[2026-09-29 01:04:33] Sprawdzam: https://www.otomoto.pl/osobowe/oferta/volkswagen-scirocco-ID6IeoPJ.html?session_long_olx=19f5668af28xced6a111&session_olx=1a0ab7eb45cx47947b02
[2026-09-29 01:04:33] Gotowe. Zapisano 4 ofert do tracker.xlsx i index.html
[2026-09-29 02:02:18] Sprawdzam: https://www.otomoto.pl/osobowe/oferta/volkswagen-scirocco-ID6IeDKy.html
[2026-09-29 02:02:19] Sprawdzam: https://www.facebook.com/marketplace/item/1077529318369893
[2026-09-29 02:02:19] Sprawdzam: https://www.olx.pl/d/oferta/volkswagen-scirocco-2-0-tdi-242-km-6-biegow-xenon-szyberdach-skora-krajowy-CID5-ID1bYhbH.html?reason=observed_ad
[2026-09-29 02:02:20] Sprawdzam: https://www.otomoto.pl/osobowe/oferta/volkswagen-scirocco-ID6IeoPJ.html?session_long_olx=19f5668af28xced6a111&session_olx=1a0ab7eb45cx47947b02
[2026-09-29 02:02:21] Gotowe. Zapisano 4 ofert do tracker.xlsx i index.html
[2026-09-29 03:02:47] Sprawdzam: https://www.otomoto.pl/osobowe/oferta/volkswagen-scirocco-ID6IeDKy.html
[2026-09-29 03:02:48] Sprawdzam: https://www.facebook.com/marketplace/item/1077529318369893
[2026-09-29 03:02:48] Sprawdzam: https://www.olx.pl/d/oferta/volkswagen-scirocco-2-0-tdi-242-km-6-biegow-xenon-szyberdach-skora-krajowy-CID5-ID1bYhbH.html?reason=observed_ad
[2026-09-29 03:02:49] Sprawdzam: https://www.otomoto.pl/osobowe/oferta/volkswagen-scirocco-ID6IeoPJ.html?session_long_olx=19f5668af28xced6a111&session_olx=1a0ab7eb45cx47947b02
[2026-09-29 03:02:49] Gotowe. Zapisano 4 ofert do tracker.xlsx i index.html
[2026-09-29 04:02:17] Sprawdzam: https://www.otomoto.pl/osobowe/oferta/volkswagen-scirocco-ID6IeDKy.html
[2026-09-29 04:02:18] Sprawdzam: https://www.facebook.com/marketplace/item/1077529318369893
[2026-09-29 04:02:19] Sprawdzam: https://www.olx.pl/d/oferta/volkswagen-scirocco-2-0-tdi-242-km-6-biegow-xenon-szyberdach-skora-krajowy-CID5-ID1bYhbH.html?reason=observed_ad
[2026-09-29 04:02:19] Sprawdzam: https://www.otomoto.pl/osobowe/oferta/volkswagen-scirocco-ID6IeoPJ.html?session_long_olx=19f5668af28xced6a111&session_olx=1a0ab7eb45cx47947b02
[2026-09-29 04:02:19] Gotowe. Zapisano 4 ofert do tracker.xlsx i index.html
[2026-09-29 05:02:34] Sprawdzam: https://www.otomoto.pl/osobowe/oferta/volkswagen-scirocco-ID6IeDKy.html
[2026-09-29 05:02:35] Sprawdzam: https://www.facebook.com/marketplace/item/1077529318369893
[2026-09-29 05:02:35] Sprawdzam: https://www.olx.pl/d/oferta/volkswagen-scirocco-2-0-tdi-242-km-6-biegow-xenon-szyberdach-skora-krajowy-CID5-ID1bYhbH.html?reason=observed_ad
[2026-09-29 05:02:35] Sprawdzam: https://www.otomoto.pl/osobowe/oferta/volkswagen-scirocco-ID6IeoPJ.html?session_long_olx=19f5668af28xced6a111&session_olx=1a0ab7eb45cx47947b02
[2026-09-29 05:02:35] Gotowe. Zapisano 4 ofert do tracker.xlsx i index.html
[2026-09-29 06:03:03] Sprawdzam: https://www.otomoto.pl/osobowe/oferta/volkswagen-scirocco-ID6IeDKy.html
[2026-09-29 06:03:04] Sprawdzam: https://www.facebook.com/marketplace/item/1077529318369893
[2026-09-29 06:03:05] Sprawdzam: https://www.olx.pl/d/oferta/volkswagen-scirocco-2-0-tdi-242-km-6-biegow-xenon-szyberdach-skora-krajowy-CID5-ID1bYhbH.html?reason=observed_ad
[2026-09-29 06:03:05] Sprawdzam: https://www.otomoto.pl/osobowe/oferta/volkswagen-scirocco-ID6IeoPJ.html?session_long_olx=19f5668af28xced6a111&session_olx=1a0ab7eb45cx47947b02
[2026-09-29 06:03:06] Gotowe. Zapisano 4 ofert do tracker.xlsx i index.html
[2026-09-29 07:04:59] Sprawdzam: https://www.otomoto.pl/osobowe/oferta/volkswagen-scirocco-ID6IeDKy.html
[2026-09-29 07:05:00] Sprawdzam: https://www.facebook.com/marketplace/item/1077529318369893
[2026-09-29 07:05:00] Sprawdzam: https://www.olx.pl/d/oferta/volkswagen-scirocco-2-0-tdi-242-km-6-biegow-xenon-szyberdach-skora-krajowy-CID5-ID1bYhbH.html?reason=observed_ad
[2026-09-29 07:05:00] Sprawdzam: https://www.otomoto.pl/osobowe/oferta/volkswagen-scirocco-ID6IeoPJ.html?session_long_olx=19f5668af28xced6a111&session_olx=1a0ab7eb45cx47947b02
[2026-09-29 07:05:01] Gotowe. Zapisano 4 ofert do tracker.xlsx i index.html
[2026-09-29 08:04:16] Sprawdzam: https://www.otomoto.pl/osobowe/oferta/volkswagen-scirocco-ID6IeDKy.html
[2026-09-29 08:04:17] Sprawdzam: https://www.facebook.com/marketplace/item/1077529318369893
[2026-09-29 08:04:17] Sprawdzam: https://www.olx.pl/d/oferta/volkswagen-scirocco-2-0-tdi-242-km-6-biegow-xenon-szyberdach-skora-krajowy-CID5-ID1bYhbH.html?reason=observed_ad
[2026-09-29 08:04:18] Sprawdzam: https://www.otomoto.pl/osobowe/oferta/volkswagen-scirocco-ID6IeoPJ.html?session_long_olx=19f5668af28xced6a111&session_olx=1a0ab7eb45cx47947b02
[2026-09-29 08:04:19] Gotowe. Zapisano 4 ofert do tracker.xlsx i index.html
[2026-09-29 09:03:48] Sprawdzam: https://www.otomoto.pl/osobowe/oferta/volkswagen-scirocco-ID6IeDKy.html
[2026-09-29 09:03:49] Sprawdzam: https://www.facebook.com/marketplace/item/1077529318369893
[2026-09-29 09:03:49] Sprawdzam: https://www.olx.pl/d/oferta/volkswagen-scirocco-2-0-tdi-242-km-6-biegow-xenon-szyberdach-skora-krajowy-CID5-ID1bYhbH.html?reason=observed_ad
[2026-09-29 09:03:49] Sprawdzam: https://www.otomoto.pl/osobowe/oferta/volkswagen-scirocco-ID6IeoPJ.html?session_long_olx=19f5668af28xced6a111&session_olx=1a0ab7eb45cx47947b02
[2026-09-29 09:03:50] Gotowe. Zapisano 4 ofert do tracker.xlsx i index.html
[2026-09-29 10:03:13] Sprawdzam: https://www.otomoto.pl/osobowe/oferta/volkswagen-scirocco-ID6IeDKy.html
[2026-09-29 10:03:13] Sprawdzam: https://www.facebook.com/marketplace/item/1077529318369893
[2026-09-29 10:03:13] Sprawdzam: https://www.olx.pl/d/oferta/volkswagen-scirocco-2-0-tdi-242-km-6-biegow-xenon-szyberdach-skora-krajowy-CID5-ID1bYhbH.html?reason=observed_ad
[2026-09-29 10:03:14] Sprawdzam: https://www.otomoto.pl/osobowe/oferta/volkswagen-scirocco-ID6IeoPJ.html?session_long_olx=19f5668af28xced6a111&session_olx=1a0ab7eb45cx47947b02
[2026-09-29 10:03:14] Gotowe. Zapisano 4 ofert do tracker.xlsx i index.html
[2026-09-29 11:02:28] Sprawdzam: https://www.otomoto.pl/osobowe/oferta/volkswagen-scirocco-ID6IeDKy.html
[2026-09-29 11:02:29] Sprawdzam: https://www.facebook.com/marketplace/item/1077529318369893
[2026-09-29 11:02:29] Sprawdzam: https://www.olx.pl/d/oferta/volkswagen-scirocco-2-0-tdi-242-km-6-biegow-xenon-szyberdach-skora-krajowy-CID5-ID1bYhbH.html?reason=observed_ad
[2026-09-29 11:02:30] Sprawdzam: https://www.otomoto.pl/osobowe/oferta/volkswagen-scirocco-ID6IeoPJ.html?session_long_olx=19f5668af28xced6a111&session_olx=1a0ab7eb45cx47947b02
[2026-09-29 11:02:30] Gotowe. Zapisano 4 ofert do tracker.xlsx i index.html
[2026-09-29 12:03:25] Sprawdzam: https://www.otomoto.pl/osobowe/oferta/volkswagen-scirocco-ID6IeDKy.html
[2026-09-29 12:03:26] Sprawdzam: https://www.facebook.com/marketplace/item/1077529318369893
[2026-09-29 12:03:26] Sprawdzam: https://www.olx.pl/d/oferta/volkswagen-scirocco-2-0-tdi-242-km-6-biegow-xenon-szyberdach-skora-krajowy-CID5-ID1bYhbH.html?reason=observed_ad
[2026-09-29 12:03:26] Sprawdzam: https://www.otomoto.pl/osobowe/oferta/volkswagen-scirocco-ID6IeoPJ.html?session_long_olx=19f5668af28xced6a111&session_olx=1a0ab7eb45cx47947b02
[2026-09-29 12:03:27] Gotowe. Zapisano 4 ofert do tracker.xlsx i index.html
[2026-09-29 13:06:04] Sprawdzam: https://www.otomoto.pl/osobowe/oferta/volkswagen-scirocco-ID6IeDKy.html
[2026-09-29 13:06:05] Sprawdzam: https://www.facebook.com/marketplace/item/1077529318369893
[2026-09-29 13:06:05] Sprawdzam: https://www.olx.pl/d/oferta/volkswagen-scirocco-2-0-tdi-242-km-6-biegow-xenon-szyberdach-skora-krajowy-CID5-ID1bYhbH.html?reason=observed_ad
[2026-09-29 13:06:05] Sprawdzam: https://www.otomoto.pl/osobowe/oferta/volkswagen-scirocco-ID6IeoPJ.html?session_long_olx=19f5668af28xced6a111&session_olx=1a0ab7eb45cx47947b02
[2026-09-29 13:06:06] Gotowe. Zapisano 4 ofert do tracker.xlsx i index.html
[2026-09-29 14:04:47] Sprawdzam: https://www.otomoto.pl/osobowe/oferta/volkswagen-scirocco-ID6IeDKy.html
[2026-09-29 14:04:48] Sprawdzam: https://www.facebook.com/marketplace/item/1077529318369893
[2026-09-29 14:04:48] Sprawdzam: https://www.olx.pl/d/oferta/volkswagen-scirocco-2-0-tdi-242-km-6-biegow-xenon-szyberdach-skora-krajowy-CID5-ID1bYhbH.html?reason=observed_ad
[2026-09-29 14:04:48] Sprawdzam: https://www.otomoto.pl/osobowe/oferta/volkswagen-scirocco-ID6IeoPJ.html?session_long_olx=19f5668af28xced6a111&session_olx=1a0ab7eb45cx47947b02
[2026-09-29 14:04:49] Gotowe. Zapisano 4 ofert do tracker.xlsx i index.html
[2026-09-29 15:05:45] Sprawdzam: https://www.otomoto.pl/osobowe/oferta/volkswagen-scirocco-ID6IeDKy.html
[2026-09-29 15:05:46] Sprawdzam: https://www.facebook.com/marketplace/item/1077529318369893
[2026-09-29 15:05:46] Sprawdzam: https://www.olx.pl/d/oferta/volkswagen-scirocco-2-0-tdi-242-km-6-biegow-xenon-szyberdach-skora-krajowy-CID5-ID1bYhbH.html?reason=observed_ad
[2026-09-29 15:05:46] Sprawdzam: https://www.otomoto.pl/osobowe/oferta/volkswagen-scirocco-ID6IeoPJ.html?session_long_olx=19f5668af28xced6a111&session_olx=1a0ab7eb45cx47947b02
[2026-09-29 15:05:47] Gotowe. Zapisano 4 ofert do tracker.xlsx i index.html
[2026-09-29 16:04:11] Sprawdzam: https://www.otomoto.pl/osobowe/oferta/volkswagen-scirocco-ID6IeDKy.html
[2026-09-29 16:04:12] Sprawdzam: https://www.facebook.com/marketplace/item/1077529318369893
[2026-09-29 16:04:12] Sprawdzam: https://www.olx.pl/d/oferta/volkswagen-scirocco-2-0-tdi-242-km-6-biegow-xenon-szyberdach-skora-krajowy-CID5-ID1bYhbH.html?reason=observed_ad
[2026-09-29 16:04:13] Sprawdzam: https://www.otomoto.pl/osobowe/oferta/volkswagen-scirocco-ID6IeoPJ.html?session_long_olx=19f5668af28xced6a111&session_olx=1a0ab7eb45cx47947b02
[2026-09-29 16:04:14] Gotowe. Zapisano 4 ofert do tracker.xlsx i index.html
[2026-09-29 17:03:08] Sprawdzam: https://www.otomoto.pl/osobowe/oferta/volkswagen-scirocco-ID6IeDKy.html
[2026-09-29 17:03:09] Sprawdzam: https://www.facebook.com/marketplace/item/1077529318369893
[2026-09-29 17:03:09] Sprawdzam: https://www.olx.pl/d/oferta/volkswagen-scirocco-2-0-tdi-242-km-6-biegow-xenon-szyberdach-skora-krajowy-CID5-ID1bYhbH.html?reason=observed_ad
[2026-09-29 17:03:09] Sprawdzam: https://www.otomoto.pl/osobowe/oferta/volkswagen-scirocco-ID6IeoPJ.html?session_long_olx=19f5668af28xced6a111&session_olx=1a0ab7eb45cx47947b02
[2026-09-29 17:03:10] Gotowe. Zapisano 4 ofert do tracker.xlsx i index.html
[2026-09-29 18:04:28] Sprawdzam: https://www.otomoto.pl/osobowe/oferta/volkswagen-scirocco-ID6IeDKy.html
[2026-09-29 18:04:29] Sprawdzam: https://www.facebook.com/marketplace/item/1077529318369893
[2026-09-29 18:04:29] Sprawdzam: https://www.olx.pl/d/oferta/volkswagen-scirocco-2-0-tdi-242-km-6-biegow-xenon-szyberdach-skora-krajowy-CID5-ID1bYhbH.html?reason=observed_ad
[2026-09-29 18:04:30] Sprawdzam: https://www.otomoto.pl/osobowe/oferta/volkswagen-scirocco-ID6IeoPJ.html?session_long_olx=19f5668af28xced6a111&session_olx=1a0ab7eb45cx47947b02
[2026-09-29 18:04:30] Gotowe. Zapisano 4 ofert do tracker.xlsx i index.html
[2026-09-29 19:03:30] Sprawdzam: https://www.otomoto.pl/osobowe/oferta/volkswagen-scirocco-ID6IeDKy.html
[2026-09-29 19:03:30] Sprawdzam: https://www.facebook.com/marketplace/item/1077529318369893
[2026-09-29 19:03:31] Sprawdzam: https://www.olx.pl/d/oferta/volkswagen-scirocco-2-0-tdi-242-km-6-biegow-xenon-szyberdach-skora-krajowy-CID5-ID1bYhbH.html?reason=observed_ad
[2026-09-29 19:03:31] Sprawdzam: https://www.otomoto.pl/osobowe/oferta/volkswagen-scirocco-ID6IeoPJ.html?session_long_olx=19f5668af28xced6a111&session_olx=1a0ab7eb45cx47947b02
[2026-09-29 19:03:31] Gotowe. Zapisano 4 ofert do tracker.xlsx i index.html
[2026-09-29 20:03:29] Sprawdzam: https://www.otomoto.pl/osobowe/oferta/volkswagen-scirocco-ID6IeDKy.html
[2026-09-29 20:03:30] Sprawdzam: https://www.facebook.com/marketplace/item/1077529318369893
[2026-09-29 20:03:30] Sprawdzam: https://www.olx.pl/d/oferta/volkswagen-scirocco-2-0-tdi-242-km-6-biegow-xenon-szyberdach-skora-krajowy-CID5-ID1bYhbH.html?reason=observed_ad
[2026-09-29 20:03:31] Sprawdzam: https://www.otomoto.pl/osobowe/oferta/volkswagen-scirocco-ID6IeoPJ.html?session_long_olx=19f5668af28xced6a111&session_olx=1a0ab7eb45cx47947b02
[2026-09-29 20:03:32] Gotowe. Zapisano 4 ofert do tracker.xlsx i index.html
[2026-09-29 21:02:22] Sprawdzam: https://www.otomoto.pl/osobowe/oferta/volkswagen-scirocco-ID6IeDKy.html
[2026-09-29 21:02:23] Sprawdzam: https://www.facebook.com/marketplace/item/1077529318369893
[2026-09-29 21:02:23] Sprawdzam: https://www.olx.pl/d/oferta/volkswagen-scirocco-2-0-tdi-242-km-6-biegow-xenon-szyberdach-skora-krajowy-CID5-ID1bYhbH.html?reason=observed_ad
[2026-09-29 21:02:23] Sprawdzam: https://www.otomoto.pl/osobowe/oferta/volkswagen-scirocco-ID6IeoPJ.html?session_long_olx=19f5668af28xced6a111&session_olx=1a0ab7eb45cx47947b02
[2026-09-29 21:02:24] Gotowe. Zapisano 4 ofert do tracker.xlsx i index.html
[2026-09-29 22:02:05] Sprawdzam: https://www.otomoto.pl/osobowe/oferta/volkswagen-scirocco-ID6IeDKy.html
[2026-09-29 22:02:06] Sprawdzam: https://www.facebook.com/marketplace/item/1077529318369893
[2026-09-29 22:02:06] Sprawdzam: https://www.olx.pl/d/oferta/volkswagen-scirocco-2-0-tdi-242-km-6-biegow-xenon-szyberdach-skora-krajowy-CID5-ID1bYhbH.html?reason=observed_ad
[2026-09-29 22:02:07] Sprawdzam: https://www.otomoto.pl/osobowe/oferta/volkswagen-scirocco-ID6IeoPJ.html?session_long_olx=19f5668af28xced6a111&session_olx=1a0ab7eb45cx47947b02
[2026-09-29 22:02:09] Gotowe. Zapisano 4 ofert do tracker.xlsx i index.html
[2026-09-29 23:02:14] Sprawdzam: https://www.otomoto.pl/osobowe/oferta/volkswagen-scirocco-ID6IeDKy.html
[2026-09-29 23:02:15] Sprawdzam: https://www.facebook.com/marketplace/item/1077529318369893
[2026-09-29 23:02:15] Sprawdzam: https://www.olx.pl/d/oferta/volkswagen-scirocco-2-0-tdi-242-km-6-biegow-xenon-szyberdach-skora-krajowy-CID5-ID1bYhbH.html?reason=observed_ad
[2026-09-29 23:02:16] Sprawdzam: https://www.otomoto.pl/osobowe/oferta/volkswagen-scirocco-ID6IeoPJ.html?session_long_olx=19f5668af28xced6a111&session_olx=1a0ab7eb45cx47947b02
[2026-09-29 23:02:17] Gotowe. Zapisano 4 ofert do tracker.xlsx i index.html
[2026-09-30 00:02:29] Sprawdzam: https://www.otomoto.pl/osobowe/oferta/volkswagen-scirocco-ID6IeDKy.html
[2026-09-30 00:02:31] Sprawdzam: https://www.facebook.com/marketplace/item/1077529318369893
[2026-09-30 00:02:32] Sprawdzam: https://www.olx.pl/d/oferta/volkswagen-scirocco-2-0-tdi-242-km-6-biegow-xenon-szyberdach-skora-krajowy-CID5-ID1bYhbH.html?reason=observed_ad
[2026-09-30 00:02:32] Sprawdzam: https://www.otomoto.pl/osobowe/oferta/volkswagen-scirocco-ID6IeoPJ.html?session_long_olx=19f5668af28xced6a111&session_olx=1a0ab7eb45cx47947b02
[2026-09-30 00:02:33] Gotowe. Zapisano 4 ofert do tracker.xlsx i index.html
[2026-09-30 01:05:16] Sprawdzam: https://www.otomoto.pl/osobowe/oferta/volkswagen-scirocco-ID6IeDKy.html
[2026-09-30 01:05:17] Sprawdzam: https://www.facebook.com/marketplace/item/1077529318369893
[2026-09-30 01:05:17] Sprawdzam: https://www.olx.pl/d/oferta/volkswagen-scirocco-2-0-tdi-242-km-6-biegow-xenon-szyberdach-skora-krajowy-CID5-ID1bYhbH.html?reason=observed_ad
[2026-09-30 01:05:17] Sprawdzam: https://www.otomoto.pl/osobowe/oferta/volkswagen-scirocco-ID6IeoPJ.html?session_long_olx=19f5668af28xced6a111&session_olx=1a0ab7eb45cx47947b02
[2026-09-30 01:05:18] Gotowe. Zapisano 4 ofert do tracker.xlsx i index.html
[2026-09-30 02:03:11] Sprawdzam: https://www.otomoto.pl/osobowe/oferta/volkswagen-scirocco-ID6IeDKy.html
[2026-09-30 02:03:11] Sprawdzam: https://www.facebook.com/marketplace/item/1077529318369893
[2026-09-30 02:03:12] Sprawdzam: https://www.olx.pl/d/oferta/volkswagen-scirocco-2-0-tdi-242-km-6-biegow-xenon-szyberdach-skora-krajowy-CID5-ID1bYhbH.html?reason=observed_ad
[2026-09-30 02:03:12] Sprawdzam: https://www.otomoto.pl/osobowe/oferta/volkswagen-scirocco-ID6IeoPJ.html?session_long_olx=19f5668af28xced6a111&session_olx=1a0ab7eb45cx47947b02
[2026-09-30 02:03:13] Gotowe. Zapisano 4 ofert do tracker.xlsx i index.html
[2026-09-30 03:02:46] Sprawdzam: https://www.otomoto.pl/osobowe/oferta/volkswagen-scirocco-ID6IeDKy.html
[2026-09-30 03:02:48] Sprawdzam: https://www.facebook.com/marketplace/item/1077529318369893
[2026-09-30 03:02:48] Sprawdzam: https://www.olx.pl/d/oferta/volkswagen-scirocco-2-0-tdi-242-km-6-biegow-xenon-szyberdach-skora-krajowy-CID5-ID1bYhbH.html?reason=observed_ad
[2026-09-30 03:02:48] Sprawdzam: https://www.otomoto.pl/osobowe/oferta/volkswagen-scirocco-ID6IeoPJ.html?session_long_olx=19f5668af28xced6a111&session_olx=1a0ab7eb45cx47947b02
[2026-09-30 03:02:49] Gotowe. Zapisano 4 ofert do tracker.xlsx i index.html
[2026-09-30 04:03:03] Sprawdzam: https://www.otomoto.pl/osobowe/oferta/volkswagen-scirocco-ID6IeDKy.html
[2026-09-30 04:03:04] Sprawdzam: https://www.facebook.com/marketplace/item/1077529318369893
[2026-09-30 04:03:04] Sprawdzam: https://www.olx.pl/d/oferta/volkswagen-scirocco-2-0-tdi-242-km-6-biegow-xenon-szyberdach-skora-krajowy-CID5-ID1bYhbH.html?reason=observed_ad
[2026-09-30 04:03:05] Sprawdzam: https://www.otomoto.pl/osobowe/oferta/volkswagen-scirocco-ID6IeoPJ.html?session_long_olx=19f5668af28xced6a111&session_olx=1a0ab7eb45cx47947b02
[2026-09-30 04:03:05] Gotowe. Zapisano 4 ofert do tracker.xlsx i index.html
[2026-09-30 05:03:19] Sprawdzam: https://www.otomoto.pl/osobowe/oferta/volkswagen-scirocco-ID6IeDKy.html
[2026-09-30 05:03:20] Sprawdzam: https://www.facebook.com/marketplace/item/1077529318369893
[2026-09-30 05:03:20] Sprawdzam: https://www.olx.pl/d/oferta/volkswagen-scirocco-2-0-tdi-242-km-6-biegow-xenon-szyberdach-skora-krajowy-CID5-ID1bYhbH.html?reason=observed_ad
[2026-09-30 05:03:20] Sprawdzam: https://www.otomoto.pl/osobowe/oferta/volkswagen-scirocco-ID6IeoPJ.html?session_long_olx=19f5668af28xced6a111&session_olx=1a0ab7eb45cx47947b02
[2026-09-30 05:03:21] Gotowe. Zapisano 4 ofert do tracker.xlsx i index.html
[2026-09-30 06:03:05] Sprawdzam: https://www.otomoto.pl/osobowe/oferta/volkswagen-scirocco-ID6IeDKy.html
[2026-09-30 06:03:05] Sprawdzam: https://www.facebook.com/marketplace/item/1077529318369893
[2026-09-30 06:03:06] Sprawdzam: https://www.olx.pl/d/oferta/volkswagen-scirocco-2-0-tdi-242-km-6-biegow-xenon-szyberdach-skora-krajowy-CID5-ID1bYhbH.html?reason=observed_ad
[2026-09-30 06:03:06] Sprawdzam: https://www.otomoto.pl/osobowe/oferta/volkswagen-scirocco-ID6IeoPJ.html?session_long_olx=19f5668af28xced6a111&session_olx=1a0ab7eb45cx47947b02
[2026-09-30 06:03:06] Gotowe. Zapisano 4 ofert do tracker.xlsx i index.html
[2026-09-30 07:05:14] Sprawdzam: https://www.otomoto.pl/osobowe/oferta/volkswagen-scirocco-ID6IeDKy.html
[2026-09-30 07:05:15] Sprawdzam: https://www.facebook.com/marketplace/item/1077529318369893
[2026-09-30 07:05:15] Sprawdzam: https://www.olx.pl/d/oferta/volkswagen-scirocco-2-0-tdi-242-km-6-biegow-xenon-szyberdach-skora-krajowy-CID5-ID1bYhbH.html?reason=observed_ad
[2026-09-30 07:05:15] Sprawdzam: https://www.otomoto.pl/osobowe/oferta/volkswagen-scirocco-ID6IeoPJ.html?session_long_olx=19f5668af28xced6a111&session_olx=1a0ab7eb45cx47947b02
[2026-09-30 07:05:16] Gotowe. Zapisano 4 ofert do tracker.xlsx i index.html
[2026-09-30 08:04:30] Sprawdzam: https://www.otomoto.pl/osobowe/oferta/volkswagen-scirocco-ID6IeDKy.html
[2026-09-30 08:04:31] Sprawdzam: https://www.facebook.com/marketplace/item/1077529318369893
[2026-09-30 08:04:31] Sprawdzam: https://www.olx.pl/d/oferta/volkswagen-scirocco-2-0-tdi-242-km-6-biegow-xenon-szyberdach-skora-krajowy-CID5-ID1bYhbH.html?reason=observed_ad
[2026-09-30 08:04:31] Sprawdzam: https://www.otomoto.pl/osobowe/oferta/volkswagen-scirocco-ID6IeoPJ.html?session_long_olx=19f5668af28xced6a111&session_olx=1a0ab7eb45cx47947b02
[2026-09-30 08:04:32] Gotowe. Zapisano 4 ofert do tracker.xlsx i index.html
[2026-09-30 09:03:08] Sprawdzam: https://www.otomoto.pl/osobowe/oferta/volkswagen-scirocco-ID6IeDKy.html
[2026-09-30 09:03:09] Sprawdzam: https://www.facebook.com/marketplace/item/1077529318369893
[2026-09-30 09:03:09] Sprawdzam: https://www.olx.pl/d/oferta/volkswagen-scirocco-2-0-tdi-242-km-6-biegow-xenon-szyberdach-skora-krajowy-CID5-ID1bYhbH.html?reason=observed_ad
[2026-09-30 09:03:09] Sprawdzam: https://www.otomoto.pl/osobowe/oferta/volkswagen-scirocco-ID6IeoPJ.html?session_long_olx=19f5668af28xced6a111&session_olx=1a0ab7eb45cx47947b02
[2026-09-30 09:03:10] Gotowe. Zapisano 4 ofert do tracker.xlsx i index.html
[2026-09-30 10:03:57] Sprawdzam: https://www.otomoto.pl/osobowe/oferta/volkswagen-scirocco-ID6IeDKy.html
[2026-09-30 10:03:58] Sprawdzam: https://www.facebook.com/marketplace/item/1077529318369893
[2026-09-30 10:03:59] Sprawdzam: https://www.olx.pl/d/oferta/volkswagen-scirocco-2-0-tdi-242-km-6-biegow-xenon-szyberdach-skora-krajowy-CID5-ID1bYhbH.html?reason=observed_ad
[2026-09-30 10:03:59] Sprawdzam: https://www.otomoto.pl/osobowe/oferta/volkswagen-scirocco-ID6IeoPJ.html?session_long_olx=19f5668af28xced6a111&session_olx=1a0ab7eb45cx47947b02
[2026-09-30 10:03:59] Gotowe. Zapisano 4 ofert do tracker.xlsx i index.html
[2026-09-30 11:03:19] Sprawdzam: https://www.otomoto.pl/osobowe/oferta/volkswagen-scirocco-ID6IeDKy.html
[2026-09-30 11:03:20] Sprawdzam: https://www.facebook.com/marketplace/item/1077529318369893
[2026-09-30 11:03:20] Sprawdzam: https://www.olx.pl/d/oferta/volkswagen-scirocco-2-0-tdi-242-km-6-biegow-xenon-szyberdach-skora-krajowy-CID5-ID1bYhbH.html?reason=observed_ad
[2026-09-30 11:03:20] Sprawdzam: https://www.otomoto.pl/osobowe/oferta/volkswagen-scirocco-ID6IeoPJ.html?session_long_olx=19f5668af28xced6a111&session_olx=1a0ab7eb45cx47947b02
[2026-09-30 11:03:21] Gotowe. Zapisano 4 ofert do tracker.xlsx i index.html
[2026-09-30 12:03:57] Sprawdzam: https://www.otomoto.pl/osobowe/oferta/volkswagen-scirocco-ID6IeDKy.html
[2026-09-30 12:03:58] Sprawdzam: https://www.facebook.com/marketplace/item/1077529318369893
[2026-09-30 12:03:59] Sprawdzam: https://www.olx.pl/d/oferta/volkswagen-scirocco-2-0-tdi-242-km-6-biegow-xenon-szyberdach-skora-krajowy-CID5-ID1bYhbH.html?reason=observed_ad
[2026-09-30 12:03:59] Sprawdzam: https://www.otomoto.pl/osobowe/oferta/volkswagen-scirocco-ID6IeoPJ.html?session_long_olx=19f5668af28xced6a111&session_olx=1a0ab7eb45cx47947b02
[2026-09-30 12:03:59] Gotowe. Zapisano 4 ofert do tracker.xlsx i index.html
[2026-09-30 13:07:15] Sprawdzam: https://www.otomoto.pl/osobowe/oferta/volkswagen-scirocco-ID6IeDKy.html
[2026-09-30 13:07:15] Sprawdzam: https://www.facebook.com/marketplace/item/1077529318369893
[2026-09-30 13:07:16] Sprawdzam: https://www.olx.pl/d/oferta/volkswagen-scirocco-2-0-tdi-242-km-6-biegow-xenon-szyberdach-skora-krajowy-CID5-ID1bYhbH.html?reason=observed_ad
[2026-09-30 13:07:16] Sprawdzam: https://www.otomoto.pl/osobowe/oferta/volkswagen-scirocco-ID6IeoPJ.html?session_long_olx=19f5668af28xced6a111&session_olx=1a0ab7eb45cx47947b02
[2026-09-30 13:07:16] Gotowe. Zapisano 4 ofert do tracker.xlsx i index.html
[2026-09-30 14:05:57] Sprawdzam: https://www.otomoto.pl/osobowe/oferta/volkswagen-scirocco-ID6IeDKy.html
[2026-09-30 14:05:58] Sprawdzam: https://www.facebook.com/marketplace/item/1077529318369893
[2026-09-30 14:05:59] Sprawdzam: https://www.olx.pl/d/oferta/volkswagen-scirocco-2-0-tdi-242-km-6-biegow-xenon-szyberdach-skora-krajowy-CID5-ID1bYhbH.html?reason=observed_ad
[2026-09-30 14:05:59] Sprawdzam: https://www.otomoto.pl/osobowe/oferta/volkswagen-scirocco-ID6IeoPJ.html?session_long_olx=19f5668af28xced6a111&session_olx=1a0ab7eb45cx47947b02
[2026-09-30 14:06:00] Gotowe. Zapisano 4 ofert do tracker.xlsx i index.html
[2026-09-30 15:06:51] Sprawdzam: https://www.otomoto.pl/osobowe/oferta/volkswagen-scirocco-ID6IeDKy.html
[2026-09-30 15:06:52] Sprawdzam: https://www.facebook.com/marketplace/item/1077529318369893
[2026-09-30 15:06:53] Sprawdzam: https://www.olx.pl/d/oferta/volkswagen-scirocco-2-0-tdi-242-km-6-biegow-xenon-szyberdach-skora-krajowy-CID5-ID1bYhbH.html?reason=observed_ad
[2026-09-30 15:06:53] Sprawdzam: https://www.otomoto.pl/osobowe/oferta/volkswagen-scirocco-ID6IeoPJ.html?session_long_olx=19f5668af28xced6a111&session_olx=1a0ab7eb45cx47947b02
[2026-09-30 15:06:53] Gotowe. Zapisano 4 ofert do tracker.xlsx i index.html
[2026-09-30 16:05:11] Sprawdzam: https://www.otomoto.pl/osobowe/oferta/volkswagen-scirocco-ID6IeDKy.html
[2026-09-30 16:05:13] Sprawdzam: https://www.facebook.com/marketplace/item/1077529318369893
[2026-09-30 16:05:13] Sprawdzam: https://www.olx.pl/d/oferta/volkswagen-scirocco-2-0-tdi-242-km-6-biegow-xenon-szyberdach-skora-krajowy-CID5-ID1bYhbH.html?reason=observed_ad
[2026-09-30 16:05:13] Sprawdzam: https://www.otomoto.pl/osobowe/oferta/volkswagen-scirocco-ID6IeoPJ.html?session_long_olx=19f5668af28xced6a111&session_olx=1a0ab7eb45cx47947b02
[2026-09-30 16:05:13] Gotowe. Zapisano 4 ofert do tracker.xlsx i index.html
[2026-09-30 17:03:41] Sprawdzam: https://www.otomoto.pl/osobowe/oferta/volkswagen-scirocco-ID6IeDKy.html
[2026-09-30 17:03:42] Sprawdzam: https://www.facebook.com/marketplace/item/1077529318369893
[2026-09-30 17:03:42] Sprawdzam: https://www.olx.pl/d/oferta/volkswagen-scirocco-2-0-tdi-242-km-6-biegow-xenon-szyberdach-skora-krajowy-CID5-ID1bYhbH.html?reason=observed_ad
[2026-09-30 17:03:42] Sprawdzam: https://www.otomoto.pl/osobowe/oferta/volkswagen-scirocco-ID6IeoPJ.html?session_long_olx=19f5668af28xced6a111&session_olx=1a0ab7eb45cx47947b02
[2026-09-30 17:03:43] Gotowe. Zapisano 4 ofert do tracker.xlsx i index.html
[2026-09-30 18:03:27] Sprawdzam: https://www.otomoto.pl/osobowe/oferta/volkswagen-scirocco-ID6IeDKy.html
[2026-09-30 18:03:28] Sprawdzam: https://www.facebook.com/marketplace/item/1077529318369893
[2026-09-30 18:03:28] Sprawdzam: https://www.olx.pl/d/oferta/volkswagen-scirocco-2-0-tdi-242-km-6-biegow-xenon-szyberdach-skora-krajowy-CID5-ID1bYhbH.html?reason=observed_ad
[2026-09-30 18:03:28] Sprawdzam: https://www.otomoto.pl/osobowe/oferta/volkswagen-scirocco-ID6IeoPJ.html?session_long_olx=19f5668af28xced6a111&session_olx=1a0ab7eb45cx47947b02
[2026-09-30 18:03:29] Gotowe. Zapisano 4 ofert do tracker.xlsx i index.html
[2026-09-30 19:05:21] Sprawdzam: https://www.otomoto.pl/osobowe/oferta/volkswagen-scirocco-ID6IeDKy.html
[2026-09-30 19:05:21] Sprawdzam: https://www.facebook.com/marketplace/item/1077529318369893
[2026-09-30 19:05:21] Sprawdzam: https://www.olx.pl/d/oferta/volkswagen-scirocco-2-0-tdi-242-km-6-biegow-xenon-szyberdach-skora-krajowy-CID5-ID1bYhbH.html?reason=observed_ad
[2026-09-30 19:05:21] Sprawdzam: https://www.otomoto.pl/osobowe/oferta/volkswagen-scirocco-ID6IeoPJ.html?session_long_olx=19f5668af28xced6a111&session_olx=1a0ab7eb45cx47947b02
[2026-09-30 19:05:22] Gotowe. Zapisano 4 ofert do tracker.xlsx i index.html
[2026-09-30 20:02:45] Sprawdzam: https://www.otomoto.pl/osobowe/oferta/volkswagen-scirocco-ID6IeDKy.html
[2026-09-30 20:02:45] Sprawdzam: https://www.facebook.com/marketplace/item/1077529318369893
[2026-09-30 20:02:46] Sprawdzam: https://www.olx.pl/d/oferta/volkswagen-scirocco-2-0-tdi-242-km-6-biegow-xenon-szyberdach-skora-krajowy-CID5-ID1bYhbH.html?reason=observed_ad
[2026-09-30 20:02:46] Sprawdzam: https://www.otomoto.pl/osobowe/oferta/volkswagen-scirocco-ID6IeoPJ.html?session_long_olx=19f5668af28xced6a111&session_olx=1a0ab7eb45cx47947b02
[2026-09-30 20:02:47] Gotowe. Zapisano 4 ofert do tracker.xlsx i index.html
[2026-09-30 21:02:25] Sprawdzam: https://www.otomoto.pl/osobowe/oferta/volkswagen-scirocco-ID6IeDKy.html
[2026-09-30 21:02:26] Sprawdzam: https://www.facebook.com/marketplace/item/1077529318369893
[2026-09-30 21:02:26] Sprawdzam: https://www.olx.pl/d/oferta/volkswagen-scirocco-2-0-tdi-242-km-6-biegow-xenon-szyberdach-skora-krajowy-CID5-ID1bYhbH.html?reason=observed_ad
[2026-09-30 21:02:26] Sprawdzam: https://www.otomoto.pl/osobowe/oferta/volkswagen-scirocco-ID6IeoPJ.html?session_long_olx=19f5668af28xced6a111&session_olx=1a0ab7eb45cx47947b02
[2026-09-30 21:02:27] Gotowe. Zapisano 4 ofert do tracker.xlsx i index.html
[2026-09-30 22:02:45] Sprawdzam: https://www.otomoto.pl/osobowe/oferta/volkswagen-scirocco-ID6IeDKy.html
[2026-09-30 22:02:47] Sprawdzam: https://www.facebook.com/marketplace/item/1077529318369893
[2026-09-30 22:02:47] Sprawdzam: https://www.olx.pl/d/oferta/volkswagen-scirocco-2-0-tdi-242-km-6-biegow-xenon-szyberdach-skora-krajowy-CID5-ID1bYhbH.html?reason=observed_ad
[2026-09-30 22:02:47] Sprawdzam: https://www.otomoto.pl/osobowe/oferta/volkswagen-scirocco-ID6IeoPJ.html?session_long_olx=19f5668af28xced6a111&session_olx=1a0ab7eb45cx47947b02
[2026-09-30 22:02:48] Gotowe. Zapisano 4 ofert do tracker.xlsx i index.html
[2026-09-30 23:02:05] Sprawdzam: https://www.otomoto.pl/osobowe/oferta/volkswagen-scirocco-ID6IeDKy.html
[2026-09-30 23:02:05] Sprawdzam: https://www.facebook.com/marketplace/item/1077529318369893
[2026-09-30 23:02:06] Sprawdzam: https://www.olx.pl/d/oferta/volkswagen-scirocco-2-0-tdi-242-km-6-biegow-xenon-szyberdach-skora-krajowy-CID5-ID1bYhbH.html?reason=observed_ad
[2026-09-30 23:02:06] Sprawdzam: https://www.otomoto.pl/osobowe/oferta/volkswagen-scirocco-ID6IeoPJ.html?session_long_olx=19f5668af28xced6a111&session_olx=1a0ab7eb45cx47947b02
[2026-09-30 23:02:06] Gotowe. Zapisano 4 ofert do tracker.xlsx i index.html
[2026-10-01 00:02:53] Sprawdzam: https://www.otomoto.pl/osobowe/oferta/volkswagen-scirocco-ID6IeDKy.html
[2026-10-01 00:02:55] Sprawdzam: https://www.facebook.com/marketplace/item/1077529318369893
[2026-10-01 00:02:55] Sprawdzam: https://www.olx.pl/d/oferta/volkswagen-scirocco-2-0-tdi-242-km-6-biegow-xenon-szyberdach-skora-krajowy-CID5-ID1bYhbH.html?reason=observed_ad
[2026-10-01 00:02:55] Sprawdzam: https://www.otomoto.pl/osobowe/oferta/volkswagen-scirocco-ID6IeoPJ.html?session_long_olx=19f5668af28xced6a111&session_olx=1a0ab7eb45cx47947b02
[2026-10-01 00:02:56] Gotowe. Zapisano 4 ofert do tracker.xlsx i index.html
[2026-10-01 01:05:47] Sprawdzam: https://www.otomoto.pl/osobowe/oferta/volkswagen-scirocco-ID6IeDKy.html
[2026-10-01 01:05:48] Sprawdzam: https://www.facebook.com/marketplace/item/1077529318369893
[2026-10-01 01:05:48] Sprawdzam: https://www.olx.pl/d/oferta/volkswagen-scirocco-2-0-tdi-242-km-6-biegow-xenon-szyberdach-skora-krajowy-CID5-ID1bYhbH.html?reason=observed_ad
[2026-10-01 01:05:48] Sprawdzam: https://www.otomoto.pl/osobowe/oferta/volkswagen-scirocco-ID6IeoPJ.html?session_long_olx=19f5668af28xced6a111&session_olx=1a0ab7eb45cx47947b02
[2026-10-01 01:05:49] Gotowe. Zapisano 4 ofert do tracker.xlsx i index.html
[2026-10-01 02:03:23] Sprawdzam: https://www.otomoto.pl/osobowe/oferta/volkswagen-scirocco-ID6IeDKy.html
[2026-10-01 02:03:23] Sprawdzam: https://www.facebook.com/marketplace/item/1077529318369893
[2026-10-01 02:03:24] Sprawdzam: https://www.olx.pl/d/oferta/volkswagen-scirocco-2-0-tdi-242-km-6-biegow-xenon-szyberdach-skora-krajowy-CID5-ID1bYhbH.html?reason=observed_ad
[2026-10-01 02:03:24] Sprawdzam: https://www.otomoto.pl/osobowe/oferta/volkswagen-scirocco-ID6IeoPJ.html?session_long_olx=19f5668af28xced6a111&session_olx=1a0ab7eb45cx47947b02
[2026-10-01 02:03:24] Gotowe. Zapisano 4 ofert do tracker.xlsx i index.html
[2026-10-01 03:03:04] Sprawdzam: https://www.otomoto.pl/osobowe/oferta/volkswagen-scirocco-ID6IeDKy.html
[2026-10-01 03:03:05] Sprawdzam: https://www.facebook.com/marketplace/item/1077529318369893
[2026-10-01 03:03:05] Sprawdzam: https://www.olx.pl/d/oferta/volkswagen-scirocco-2-0-tdi-242-km-6-biegow-xenon-szyberdach-skora-krajowy-CID5-ID1bYhbH.html?reason=observed_ad
[2026-10-01 03:03:05] Sprawdzam: https://www.otomoto.pl/osobowe/oferta/volkswagen-scirocco-ID6IeoPJ.html?session_long_olx=19f5668af28xced6a111&session_olx=1a0ab7eb45cx47947b02
[2026-10-01 03:03:06] Gotowe. Zapisano 4 ofert do tracker.xlsx i index.html
[2026-10-01 04:03:54] Sprawdzam: https://www.otomoto.pl/osobowe/oferta/volkswagen-scirocco-ID6IeDKy.html
[2026-10-01 04:03:55] Sprawdzam: https://www.facebook.com/marketplace/item/1077529318369893
[2026-10-01 04:03:56] Sprawdzam: https://www.olx.pl/d/oferta/volkswagen-scirocco-2-0-tdi-242-km-6-biegow-xenon-szyberdach-skora-krajowy-CID5-ID1bYhbH.html?reason=observed_ad
[2026-10-01 04:03:56] Sprawdzam: https://www.otomoto.pl/osobowe/oferta/volkswagen-scirocco-ID6IeoPJ.html?session_long_olx=19f5668af28xced6a111&session_olx=1a0ab7eb45cx47947b02
[2026-10-01 04:03:57] Gotowe. Zapisano 4 ofert do tracker.xlsx i index.html
[2026-10-01 05:03:25] Sprawdzam: https://www.otomoto.pl/osobowe/oferta/volkswagen-scirocco-ID6IeDKy.html
[2026-10-01 05:03:26] Sprawdzam: https://www.facebook.com/marketplace/item/1077529318369893
[2026-10-01 05:03:26] Sprawdzam: https://www.olx.pl/d/oferta/volkswagen-scirocco-2-0-tdi-242-km-6-biegow-xenon-szyberdach-skora-krajowy-CID5-ID1bYhbH.html?reason=observed_ad
[2026-10-01 05:03:26] Sprawdzam: https://www.otomoto.pl/osobowe/oferta/volkswagen-scirocco-ID6IeoPJ.html?session_long_olx=19f5668af28xced6a111&session_olx=1a0ab7eb45cx47947b02
[2026-10-01 05:03:27] Gotowe. Zapisano 4 ofert do tracker.xlsx i index.html
[2026-10-01 06:05:05] Sprawdzam: https://www.otomoto.pl/osobowe/oferta/volkswagen-scirocco-ID6IeDKy.html
[2026-10-01 06:05:05] Sprawdzam: https://www.facebook.com/marketplace/item/1077529318369893
[2026-10-01 06:05:05] Sprawdzam: https://www.olx.pl/d/oferta/volkswagen-scirocco-2-0-tdi-242-km-6-biegow-xenon-szyberdach-skora-krajowy-CID5-ID1bYhbH.html?reason=observed_ad
[2026-10-01 06:05:05] Sprawdzam: https://www.otomoto.pl/osobowe/oferta/volkswagen-scirocco-ID6IeoPJ.html?session_long_olx=19f5668af28xced6a111&session_olx=1a0ab7eb45cx47947b02
[2026-10-01 06:05:06] Gotowe. Zapisano 4 ofert do tracker.xlsx i index.html
[2026-10-01 07:05:23] Sprawdzam: https://www.otomoto.pl/osobowe/oferta/volkswagen-scirocco-ID6IeDKy.html
[2026-10-01 07:05:24] Sprawdzam: https://www.facebook.com/marketplace/item/1077529318369893
[2026-10-01 07:05:24] Sprawdzam: https://www.olx.pl/d/oferta/volkswagen-scirocco-2-0-tdi-242-km-6-biegow-xenon-szyberdach-skora-krajowy-CID5-ID1bYhbH.html?reason=observed_ad
[2026-10-01 07:05:25] Sprawdzam: https://www.otomoto.pl/osobowe/oferta/volkswagen-scirocco-ID6IeoPJ.html?session_long_olx=19f5668af28xced6a111&session_olx=1a0ab7eb45cx47947b02
[2026-10-01 07:05:26] Gotowe. Zapisano 4 ofert do tracker.xlsx i index.html
[2026-10-01 08:04:31] Sprawdzam: https://www.otomoto.pl/osobowe/oferta/volkswagen-scirocco-ID6IeDKy.html
[2026-10-01 08:04:32] Sprawdzam: https://www.facebook.com/marketplace/item/1077529318369893
[2026-10-01 08:04:32] Sprawdzam: https://www.olx.pl/d/oferta/volkswagen-scirocco-2-0-tdi-242-km-6-biegow-xenon-szyberdach-skora-krajowy-CID5-ID1bYhbH.html?reason=observed_ad
[2026-10-01 08:04:32] Sprawdzam: https://www.otomoto.pl/osobowe/oferta/volkswagen-scirocco-ID6IeoPJ.html?session_long_olx=19f5668af28xced6a111&session_olx=1a0ab7eb45cx47947b02
[2026-10-01 08:04:32] Gotowe. Zapisano 4 ofert do tracker.xlsx i index.html
[2026-10-01 09:03:58] Sprawdzam: https://www.otomoto.pl/osobowe/oferta/volkswagen-scirocco-ID6IeDKy.html
[2026-10-01 09:03:59] Sprawdzam: https://www.facebook.com/marketplace/item/1077529318369893
[2026-10-01 09:03:59] Sprawdzam: https://www.olx.pl/d/oferta/volkswagen-scirocco-2-0-tdi-242-km-6-biegow-xenon-szyberdach-skora-krajowy-CID5-ID1bYhbH.html?reason=observed_ad
[2026-10-01 09:03:59] Sprawdzam: https://www.otomoto.pl/osobowe/oferta/volkswagen-scirocco-ID6IeoPJ.html?session_long_olx=19f5668af28xced6a111&session_olx=1a0ab7eb45cx47947b02
[2026-10-01 09:04:00] Gotowe. Zapisano 4 ofert do tracker.xlsx i index.html
[2026-10-01 10:04:50] Sprawdzam: https://www.otomoto.pl/osobowe/oferta/volkswagen-scirocco-ID6IeDKy.html
[2026-10-01 10:04:52] Sprawdzam: https://www.facebook.com/marketplace/item/1077529318369893
[2026-10-01 10:04:52] Sprawdzam: https://www.olx.pl/d/oferta/volkswagen-scirocco-2-0-tdi-242-km-6-biegow-xenon-szyberdach-skora-krajowy-CID5-ID1bYhbH.html?reason=observed_ad
[2026-10-01 10:04:52] Sprawdzam: https://www.otomoto.pl/osobowe/oferta/volkswagen-scirocco-ID6IeoPJ.html?session_long_olx=19f5668af28xced6a111&session_olx=1a0ab7eb45cx47947b02
[2026-10-01 10:04:53] Gotowe. Zapisano 4 ofert do tracker.xlsx i index.html
[2026-10-01 11:04:05] Sprawdzam: https://www.otomoto.pl/osobowe/oferta/volkswagen-scirocco-ID6IeDKy.html
[2026-10-01 11:04:06] Sprawdzam: https://www.facebook.com/marketplace/item/1077529318369893
[2026-10-01 11:04:06] Sprawdzam: https://www.olx.pl/d/oferta/volkswagen-scirocco-2-0-tdi-242-km-6-biegow-xenon-szyberdach-skora-krajowy-CID5-ID1bYhbH.html?reason=observed_ad
[2026-10-01 11:04:06] Sprawdzam: https://www.otomoto.pl/osobowe/oferta/volkswagen-scirocco-ID6IeoPJ.html?session_long_olx=19f5668af28xced6a111&session_olx=1a0ab7eb45cx47947b02
[2026-10-01 11:04:07] Gotowe. Zapisano 4 ofert do tracker.xlsx i index.html
[2026-10-01 12:05:04] Sprawdzam: https://www.otomoto.pl/osobowe/oferta/volkswagen-scirocco-ID6IeDKy.html
[2026-10-01 12:05:05] Sprawdzam: https://www.facebook.com/marketplace/item/1077529318369893
[2026-10-01 12:05:05] Sprawdzam: https://www.olx.pl/d/oferta/volkswagen-scirocco-2-0-tdi-242-km-6-biegow-xenon-szyberdach-skora-krajowy-CID5-ID1bYhbH.html?reason=observed_ad
[2026-10-01 12:05:05] Sprawdzam: https://www.otomoto.pl/osobowe/oferta/volkswagen-scirocco-ID6IeoPJ.html?session_long_olx=19f5668af28xced6a111&session_olx=1a0ab7eb45cx47947b02
[2026-10-01 12:05:06] Gotowe. Zapisano 4 ofert do tracker.xlsx i index.html
[2026-10-01 13:06:02] Sprawdzam: https://www.otomoto.pl/osobowe/oferta/volkswagen-scirocco-ID6IeDKy.html
[2026-10-01 13:06:03] Sprawdzam: https://www.facebook.com/marketplace/item/1077529318369893
[2026-10-01 13:06:03] Sprawdzam: https://www.olx.pl/d/oferta/volkswagen-scirocco-2-0-tdi-242-km-6-biegow-xenon-szyberdach-skora-krajowy-CID5-ID1bYhbH.html?reason=observed_ad
[2026-10-01 13:06:04] Sprawdzam: https://www.otomoto.pl/osobowe/oferta/volkswagen-scirocco-ID6IeoPJ.html?session_long_olx=19f5668af28xced6a111&session_olx=1a0ab7eb45cx47947b02
[2026-10-01 13:06:04] Gotowe. Zapisano 4 ofert do tracker.xlsx i index.html
[2026-10-01 14:05:18] Sprawdzam: https://www.otomoto.pl/osobowe/oferta/volkswagen-scirocco-ID6IeDKy.html
[2026-10-01 14:05:19] Sprawdzam: https://www.facebook.com/marketplace/item/1077529318369893
[2026-10-01 14:05:19] Sprawdzam: https://www.olx.pl/d/oferta/volkswagen-scirocco-2-0-tdi-242-km-6-biegow-xenon-szyberdach-skora-krajowy-CID5-ID1bYhbH.html?reason=observed_ad
[2026-10-01 14:05:19] Sprawdzam: https://www.otomoto.pl/osobowe/oferta/volkswagen-scirocco-ID6IeoPJ.html?session_long_olx=19f5668af28xced6a111&session_olx=1a0ab7eb45cx47947b02
[2026-10-01 14:05:20] Gotowe. Zapisano 4 ofert do tracker.xlsx i index.html
[2026-10-01 15:03:39] Sprawdzam: https://www.otomoto.pl/osobowe/oferta/volkswagen-scirocco-ID6IeDKy.html
[2026-10-01 15:03:40] Sprawdzam: https://www.facebook.com/marketplace/item/1077529318369893
[2026-10-01 15:03:40] Sprawdzam: https://www.olx.pl/d/oferta/volkswagen-scirocco-2-0-tdi-242-km-6-biegow-xenon-szyberdach-skora-krajowy-CID5-ID1bYhbH.html?reason=observed_ad
[2026-10-01 15:03:41] Sprawdzam: https://www.otomoto.pl/osobowe/oferta/volkswagen-scirocco-ID6IeoPJ.html?session_long_olx=19f5668af28xced6a111&session_olx=1a0ab7eb45cx47947b02
[2026-10-01 15:03:42] Gotowe. Zapisano 4 ofert do tracker.xlsx i index.html
[2026-10-01 16:03:28] Sprawdzam: https://www.otomoto.pl/osobowe/oferta/volkswagen-scirocco-ID6IeDKy.html
[2026-10-01 16:03:29] Sprawdzam: https://www.facebook.com/marketplace/item/1077529318369893
[2026-10-01 16:03:30] Sprawdzam: https://www.olx.pl/d/oferta/volkswagen-scirocco-2-0-tdi-242-km-6-biegow-xenon-szyberdach-skora-krajowy-CID5-ID1bYhbH.html?reason=observed_ad
[2026-10-01 16:03:30] Sprawdzam: https://www.otomoto.pl/osobowe/oferta/volkswagen-scirocco-ID6IeoPJ.html?session_long_olx=19f5668af28xced6a111&session_olx=1a0ab7eb45cx47947b02
[2026-10-01 16:03:31] Gotowe. Zapisano 4 ofert do tracker.xlsx i index.html
[2026-10-01 17:04:58] Sprawdzam: https://www.otomoto.pl/osobowe/oferta/volkswagen-scirocco-ID6IeDKy.html
[2026-10-01 17:04:59] Sprawdzam: https://www.facebook.com/marketplace/item/1077529318369893
[2026-10-01 17:04:59] Sprawdzam: https://www.olx.pl/d/oferta/volkswagen-scirocco-2-0-tdi-242-km-6-biegow-xenon-szyberdach-skora-krajowy-CID5-ID1bYhbH.html?reason=observed_ad
[2026-10-01 17:05:00] Sprawdzam: https://www.otomoto.pl/osobowe/oferta/volkswagen-scirocco-ID6IeoPJ.html?session_long_olx=19f5668af28xced6a111&session_olx=1a0ab7eb45cx47947b02
[2026-10-01 17:05:00] Gotowe. Zapisano 4 ofert do tracker.xlsx i index.html
[2026-10-01 18:04:36] Sprawdzam: https://www.otomoto.pl/osobowe/oferta/volkswagen-scirocco-ID6IeDKy.html
[2026-10-01 18:04:38] Sprawdzam: https://www.facebook.com/marketplace/item/1077529318369893
[2026-10-01 18:04:38] Sprawdzam: https://www.olx.pl/d/oferta/volkswagen-scirocco-2-0-tdi-242-km-6-biegow-xenon-szyberdach-skora-krajowy-CID5-ID1bYhbH.html?reason=observed_ad
[2026-10-01 18:04:39] Sprawdzam: https://www.otomoto.pl/osobowe/oferta/volkswagen-scirocco-ID6IeoPJ.html?session_long_olx=19f5668af28xced6a111&session_olx=1a0ab7eb45cx47947b02
[2026-10-01 18:04:39] Gotowe. Zapisano 4 ofert do tracker.xlsx i index.html
[2026-10-01 19:03:08] Sprawdzam: https://www.otomoto.pl/osobowe/oferta/volkswagen-scirocco-ID6IeDKy.html
[2026-10-01 19:03:09] Sprawdzam: https://www.facebook.com/marketplace/item/1077529318369893
[2026-10-01 19:03:09] Sprawdzam: https://www.olx.pl/d/oferta/volkswagen-scirocco-2-0-tdi-242-km-6-biegow-xenon-szyberdach-skora-krajowy-CID5-ID1bYhbH.html?reason=observed_ad
[2026-10-01 19:03:10] Sprawdzam: https://www.otomoto.pl/osobowe/oferta/volkswagen-scirocco-ID6IeoPJ.html?session_long_olx=19f5668af28xced6a111&session_olx=1a0ab7eb45cx47947b02
[2026-10-01 19:03:10] Gotowe. Zapisano 4 ofert do tracker.xlsx i index.html
[2026-10-01 20:02:38] Sprawdzam: https://www.otomoto.pl/osobowe/oferta/volkswagen-scirocco-ID6IeDKy.html
[2026-10-01 20:02:39] Sprawdzam: https://www.facebook.com/marketplace/item/1077529318369893
[2026-10-01 20:02:39] Sprawdzam: https://www.olx.pl/d/oferta/volkswagen-scirocco-2-0-tdi-242-km-6-biegow-xenon-szyberdach-skora-krajowy-CID5-ID1bYhbH.html?reason=observed_ad
[2026-10-01 20:02:39] Sprawdzam: https://www.otomoto.pl/osobowe/oferta/volkswagen-scirocco-ID6IeoPJ.html?session_long_olx=19f5668af28xced6a111&session_olx=1a0ab7eb45cx47947b02
[2026-10-01 20:02:40] Gotowe. Zapisano 4 ofert do tracker.xlsx i index.html
[2026-10-01 21:02:09] Sprawdzam: https://www.otomoto.pl/osobowe/oferta/volkswagen-scirocco-ID6IeDKy.html
[2026-10-01 21:02:10] Sprawdzam: https://www.facebook.com/marketplace/item/1077529318369893
[2026-10-01 21:02:10] Sprawdzam: https://www.olx.pl/d/oferta/volkswagen-scirocco-2-0-tdi-242-km-6-biegow-xenon-szyberdach-skora-krajowy-CID5-ID1bYhbH.html?reason=observed_ad
[2026-10-01 21:02:10] Sprawdzam: https://www.otomoto.pl/osobowe/oferta/volkswagen-scirocco-ID6IeoPJ.html?session_long_olx=19f5668af28xced6a111&session_olx=1a0ab7eb45cx47947b02
[2026-10-01 21:02:11] Gotowe. Zapisano 4 ofert do tracker.xlsx i index.html
[2026-10-01 22:02:07] Sprawdzam: https://www.otomoto.pl/osobowe/oferta/volkswagen-scirocco-ID6IeDKy.html
[2026-10-01 22:02:07] Sprawdzam: https://www.facebook.com/marketplace/item/1077529318369893
[2026-10-01 22:02:07] Sprawdzam: https://www.olx.pl/d/oferta/volkswagen-scirocco-2-0-tdi-242-km-6-biegow-xenon-szyberdach-skora-krajowy-CID5-ID1bYhbH.html?reason=observed_ad
[2026-10-01 22:02:07] Sprawdzam: https://www.otomoto.pl/osobowe/oferta/volkswagen-scirocco-ID6IeoPJ.html?session_long_olx=19f5668af28xced6a111&session_olx=1a0ab7eb45cx47947b02
[2026-10-01 22:02:08] Gotowe. Zapisano 4 ofert do tracker.xlsx i index.html
[2026-10-01 23:01:41] Sprawdzam: https://www.otomoto.pl/osobowe/oferta/volkswagen-scirocco-ID6IeDKy.html
[2026-10-01 23:01:43] Sprawdzam: https://www.facebook.com/marketplace/item/1077529318369893
[2026-10-01 23:01:43] Sprawdzam: https://www.olx.pl/d/oferta/volkswagen-scirocco-2-0-tdi-242-km-6-biegow-xenon-szyberdach-skora-krajowy-CID5-ID1bYhbH.html?reason=observed_ad
[2026-10-01 23:01:43] Sprawdzam: https://www.otomoto.pl/osobowe/oferta/volkswagen-scirocco-ID6IeoPJ.html?session_long_olx=19f5668af28xced6a111&session_olx=1a0ab7eb45cx47947b02
[2026-10-01 23:01:44] Gotowe. Zapisano 4 ofert do tracker.xlsx i index.html
[2026-10-02 00:02:26] Sprawdzam: https://www.otomoto.pl/osobowe/oferta/volkswagen-scirocco-ID6IeDKy.html
[2026-10-02 00:02:27] Sprawdzam: https://www.facebook.com/marketplace/item/1077529318369893
[2026-10-02 00:02:27] Sprawdzam: https://www.olx.pl/d/oferta/volkswagen-scirocco-2-0-tdi-242-km-6-biegow-xenon-szyberdach-skora-krajowy-CID5-ID1bYhbH.html?reason=observed_ad
[2026-10-02 00:02:27] Sprawdzam: https://www.otomoto.pl/osobowe/oferta/volkswagen-scirocco-ID6IeoPJ.html?session_long_olx=19f5668af28xced6a111&session_olx=1a0ab7eb45cx47947b02
[2026-10-02 00:02:27] Gotowe. Zapisano 4 ofert do tracker.xlsx i index.html
[2026-10-02 01:04:47] Sprawdzam: https://www.otomoto.pl/osobowe/oferta/volkswagen-scirocco-ID6IeDKy.html
[2026-10-02 01:04:48] Sprawdzam: https://www.facebook.com/marketplace/item/1077529318369893
[2026-10-02 01:04:48] Sprawdzam: https://www.olx.pl/d/oferta/volkswagen-scirocco-2-0-tdi-242-km-6-biegow-xenon-szyberdach-skora-krajowy-CID5-ID1bYhbH.html?reason=observed_ad
[2026-10-02 01:04:49] Sprawdzam: https://www.otomoto.pl/osobowe/oferta/volkswagen-scirocco-ID6IeoPJ.html?session_long_olx=19f5668af28xced6a111&session_olx=1a0ab7eb45cx47947b02
[2026-10-02 01:04:50] Gotowe. Zapisano 4 ofert do tracker.xlsx i index.html
[2026-10-02 02:03:34] Sprawdzam: https://www.otomoto.pl/osobowe/oferta/volkswagen-scirocco-ID6IeDKy.html
[2026-10-02 02:03:35] Sprawdzam: https://www.facebook.com/marketplace/item/1077529318369893
[2026-10-02 02:03:36] Sprawdzam: https://www.olx.pl/d/oferta/volkswagen-scirocco-2-0-tdi-242-km-6-biegow-xenon-szyberdach-skora-krajowy-CID5-ID1bYhbH.html?reason=observed_ad
[2026-10-02 02:03:36] Sprawdzam: https://www.otomoto.pl/osobowe/oferta/volkswagen-scirocco-ID6IeoPJ.html?session_long_olx=19f5668af28xced6a111&session_olx=1a0ab7eb45cx47947b02
[2026-10-02 02:03:37] Gotowe. Zapisano 4 ofert do tracker.xlsx i index.html
[2026-10-02 03:03:36] Sprawdzam: https://www.otomoto.pl/osobowe/oferta/volkswagen-scirocco-ID6IeDKy.html
[2026-10-02 03:03:37] Sprawdzam: https://www.facebook.com/marketplace/item/1077529318369893
[2026-10-02 03:03:37] Sprawdzam: https://www.olx.pl/d/oferta/volkswagen-scirocco-2-0-tdi-242-km-6-biegow-xenon-szyberdach-skora-krajowy-CID5-ID1bYhbH.html?reason=observed_ad
[2026-10-02 03:03:37] Sprawdzam: https://www.otomoto.pl/osobowe/oferta/volkswagen-scirocco-ID6IeoPJ.html?session_long_olx=19f5668af28xced6a111&session_olx=1a0ab7eb45cx47947b02
[2026-10-02 03:03:38] Gotowe. Zapisano 4 ofert do tracker.xlsx i index.html
[2026-10-02 04:03:22] Sprawdzam: https://www.otomoto.pl/osobowe/oferta/volkswagen-scirocco-ID6IeDKy.html
[2026-10-02 04:03:23] Sprawdzam: https://www.facebook.com/marketplace/item/1077529318369893
[2026-10-02 04:03:23] Sprawdzam: https://www.olx.pl/d/oferta/volkswagen-scirocco-2-0-tdi-242-km-6-biegow-xenon-szyberdach-skora-krajowy-CID5-ID1bYhbH.html?reason=observed_ad
[2026-10-02 04:03:24] Sprawdzam: https://www.otomoto.pl/osobowe/oferta/volkswagen-scirocco-ID6IeoPJ.html?session_long_olx=19f5668af28xced6a111&session_olx=1a0ab7eb45cx47947b02
[2026-10-02 04:03:24] Gotowe. Zapisano 4 ofert do tracker.xlsx i index.html
[2026-10-02 05:03:05] Sprawdzam: https://www.otomoto.pl/osobowe/oferta/volkswagen-scirocco-ID6IeDKy.html
[2026-10-02 05:03:06] Sprawdzam: https://www.facebook.com/marketplace/item/1077529318369893
[2026-10-02 05:03:06] Sprawdzam: https://www.olx.pl/d/oferta/volkswagen-scirocco-2-0-tdi-242-km-6-biegow-xenon-szyberdach-skora-krajowy-CID5-ID1bYhbH.html?reason=observed_ad
[2026-10-02 05:03:07] Sprawdzam: https://www.otomoto.pl/osobowe/oferta/volkswagen-scirocco-ID6IeoPJ.html?session_long_olx=19f5668af28xced6a111&session_olx=1a0ab7eb45cx47947b02
[2026-10-02 05:03:08] Gotowe. Zapisano 4 ofert do tracker.xlsx i index.html
[2026-10-02 06:03:26] Sprawdzam: https://www.otomoto.pl/osobowe/oferta/volkswagen-scirocco-ID6IeDKy.html
[2026-10-02 06:03:27] Sprawdzam: https://www.facebook.com/marketplace/item/1077529318369893
[2026-10-02 06:03:27] Sprawdzam: https://www.olx.pl/d/oferta/volkswagen-scirocco-2-0-tdi-242-km-6-biegow-xenon-szyberdach-skora-krajowy-CID5-ID1bYhbH.html?reason=observed_ad
[2026-10-02 06:03:27] Sprawdzam: https://www.otomoto.pl/osobowe/oferta/volkswagen-scirocco-ID6IeoPJ.html?session_long_olx=19f5668af28xced6a111&session_olx=1a0ab7eb45cx47947b02
[2026-10-02 06:03:28] Gotowe. Zapisano 4 ofert do tracker.xlsx i index.html
[2026-10-02 07:05:19] Sprawdzam: https://www.otomoto.pl/osobowe/oferta/volkswagen-scirocco-ID6IeDKy.html
[2026-10-02 07:05:20] Sprawdzam: https://www.facebook.com/marketplace/item/1077529318369893
[2026-10-02 07:05:20] Sprawdzam: https://www.olx.pl/d/oferta/volkswagen-scirocco-2-0-tdi-242-km-6-biegow-xenon-szyberdach-skora-krajowy-CID5-ID1bYhbH.html?reason=observed_ad
[2026-10-02 07:05:20] Sprawdzam: https://www.otomoto.pl/osobowe/oferta/volkswagen-scirocco-ID6IeoPJ.html?session_long_olx=19f5668af28xced6a111&session_olx=1a0ab7eb45cx47947b02
[2026-10-02 07:05:21] Gotowe. Zapisano 4 ofert do tracker.xlsx i index.html
[2026-10-02 08:04:07] Sprawdzam: https://www.otomoto.pl/osobowe/oferta/volkswagen-scirocco-ID6IeDKy.html
[2026-10-02 08:04:09] Sprawdzam: https://www.facebook.com/marketplace/item/1077529318369893
[2026-10-02 08:04:09] Sprawdzam: https://www.olx.pl/d/oferta/volkswagen-scirocco-2-0-tdi-242-km-6-biegow-xenon-szyberdach-skora-krajowy-CID5-ID1bYhbH.html?reason=observed_ad
[2026-10-02 08:04:09] Sprawdzam: https://www.otomoto.pl/osobowe/oferta/volkswagen-scirocco-ID6IeoPJ.html?session_long_olx=19f5668af28xced6a111&session_olx=1a0ab7eb45cx47947b02
[2026-10-02 08:04:10] Gotowe. Zapisano 4 ofert do tracker.xlsx i index.html
[2026-10-02 09:04:04] Sprawdzam: https://www.otomoto.pl/osobowe/oferta/volkswagen-scirocco-ID6IeDKy.html
[2026-10-02 09:04:05] Sprawdzam: https://www.facebook.com/marketplace/item/1077529318369893
[2026-10-02 09:04:05] Sprawdzam: https://www.olx.pl/d/oferta/volkswagen-scirocco-2-0-tdi-242-km-6-biegow-xenon-szyberdach-skora-krajowy-CID5-ID1bYhbH.html?reason=observed_ad
[2026-10-02 09:04:05] Sprawdzam: https://www.otomoto.pl/osobowe/oferta/volkswagen-scirocco-ID6IeoPJ.html?session_long_olx=19f5668af28xced6a111&session_olx=1a0ab7eb45cx47947b02
[2026-10-02 09:04:06] Gotowe. Zapisano 4 ofert do tracker.xlsx i index.html
[2026-10-02 10:02:16] Sprawdzam: https://www.otomoto.pl/osobowe/oferta/volkswagen-scirocco-ID6IeDKy.html
[2026-10-02 10:02:17] Sprawdzam: https://www.facebook.com/marketplace/item/1077529318369893
[2026-10-02 10:02:17] Sprawdzam: https://www.olx.pl/d/oferta/volkswagen-scirocco-2-0-tdi-242-km-6-biegow-xenon-szyberdach-skora-krajowy-CID5-ID1bYhbH.html?reason=observed_ad
[2026-10-02 10:02:17] Sprawdzam: https://www.otomoto.pl/osobowe/oferta/volkswagen-scirocco-ID6IeoPJ.html?session_long_olx=19f5668af28xced6a111&session_olx=1a0ab7eb45cx47947b02
[2026-10-02 10:02:18] Gotowe. Zapisano 4 ofert do tracker.xlsx i index.html
[2026-10-02 11:02:33] Sprawdzam: https://www.otomoto.pl/osobowe/oferta/volkswagen-scirocco-ID6IeDKy.html
[2026-10-02 11:02:34] Sprawdzam: https://www.facebook.com/marketplace/item/1077529318369893
[2026-10-02 11:02:34] Sprawdzam: https://www.olx.pl/d/oferta/volkswagen-scirocco-2-0-tdi-242-km-6-biegow-xenon-szyberdach-skora-krajowy-CID5-ID1bYhbH.html?reason=observed_ad
[2026-10-02 11:02:34] Sprawdzam: https://www.otomoto.pl/osobowe/oferta/volkswagen-scirocco-ID6IeoPJ.html?session_long_olx=19f5668af28xced6a111&session_olx=1a0ab7eb45cx47947b02
[2026-10-02 11:02:35] Gotowe. Zapisano 4 ofert do tracker.xlsx i index.html
[2026-10-02 12:03:27] Sprawdzam: https://www.otomoto.pl/osobowe/oferta/volkswagen-scirocco-ID6IeDKy.html
[2026-10-02 12:03:29] Sprawdzam: https://www.facebook.com/marketplace/item/1077529318369893
[2026-10-02 12:03:29] Sprawdzam: https://www.olx.pl/d/oferta/volkswagen-scirocco-2-0-tdi-242-km-6-biegow-xenon-szyberdach-skora-krajowy-CID5-ID1bYhbH.html?reason=observed_ad
[2026-10-02 12:03:29] Sprawdzam: https://www.otomoto.pl/osobowe/oferta/volkswagen-scirocco-ID6IeoPJ.html?session_long_olx=19f5668af28xced6a111&session_olx=1a0ab7eb45cx47947b02
[2026-10-02 12:03:30] Gotowe. Zapisano 4 ofert do tracker.xlsx i index.html
[2026-10-02 13:05:18] Sprawdzam: https://www.otomoto.pl/osobowe/oferta/volkswagen-scirocco-ID6IeDKy.html
[2026-10-02 13:05:19] Sprawdzam: https://www.facebook.com/marketplace/item/1077529318369893
[2026-10-02 13:05:19] Sprawdzam: https://www.olx.pl/d/oferta/volkswagen-scirocco-2-0-tdi-242-km-6-biegow-xenon-szyberdach-skora-krajowy-CID5-ID1bYhbH.html?reason=observed_ad
[2026-10-02 13:05:20] Sprawdzam: https://www.otomoto.pl/osobowe/oferta/volkswagen-scirocco-ID6IeoPJ.html?session_long_olx=19f5668af28xced6a111&session_olx=1a0ab7eb45cx47947b02
[2026-10-02 13:05:20] Gotowe. Zapisano 4 ofert do tracker.xlsx i index.html
[2026-10-02 14:04:36] Sprawdzam: https://www.otomoto.pl/osobowe/oferta/volkswagen-scirocco-ID6IeDKy.html
[2026-10-02 14:04:37] Sprawdzam: https://www.facebook.com/marketplace/item/1077529318369893
[2026-10-02 14:04:37] Sprawdzam: https://www.olx.pl/d/oferta/volkswagen-scirocco-2-0-tdi-242-km-6-biegow-xenon-szyberdach-skora-krajowy-CID5-ID1bYhbH.html?reason=observed_ad
[2026-10-02 14:04:37] Sprawdzam: https://www.otomoto.pl/osobowe/oferta/volkswagen-scirocco-ID6IeoPJ.html?session_long_olx=19f5668af28xced6a111&session_olx=1a0ab7eb45cx47947b02
[2026-10-02 14:04:38] Gotowe. Zapisano 4 ofert do tracker.xlsx i index.html
[2026-10-02 15:04:29] Sprawdzam: https://www.otomoto.pl/osobowe/oferta/volkswagen-scirocco-ID6IeDKy.html
[2026-10-02 15:04:29] Sprawdzam: https://www.facebook.com/marketplace/item/1077529318369893
[2026-10-02 15:04:30] Sprawdzam: https://www.olx.pl/d/oferta/volkswagen-scirocco-2-0-tdi-242-km-6-biegow-xenon-szyberdach-skora-krajowy-CID5-ID1bYhbH.html?reason=observed_ad
[2026-10-02 15:04:30] Sprawdzam: https://www.otomoto.pl/osobowe/oferta/volkswagen-scirocco-ID6IeoPJ.html?session_long_olx=19f5668af28xced6a111&session_olx=1a0ab7eb45cx47947b02
[2026-10-02 15:04:31] Gotowe. Zapisano 4 ofert do tracker.xlsx i index.html
[2026-10-02 16:03:08] Sprawdzam: https://www.otomoto.pl/osobowe/oferta/volkswagen-scirocco-ID6IeDKy.html
[2026-10-02 16:03:09] Sprawdzam: https://www.facebook.com/marketplace/item/1077529318369893
[2026-10-02 16:03:09] Sprawdzam: https://www.olx.pl/d/oferta/volkswagen-scirocco-2-0-tdi-242-km-6-biegow-xenon-szyberdach-skora-krajowy-CID5-ID1bYhbH.html?reason=observed_ad
[2026-10-02 16:03:09] Sprawdzam: https://www.otomoto.pl/osobowe/oferta/volkswagen-scirocco-ID6IeoPJ.html?session_long_olx=19f5668af28xced6a111&session_olx=1a0ab7eb45cx47947b02
[2026-10-02 16:03:10] Gotowe. Zapisano 4 ofert do tracker.xlsx i index.html
[2026-10-02 17:03:07] Sprawdzam: https://www.otomoto.pl/osobowe/oferta/volkswagen-scirocco-ID6IeDKy.html
[2026-10-02 17:03:08] Sprawdzam: https://www.facebook.com/marketplace/item/1077529318369893
[2026-10-02 17:03:08] Sprawdzam: https://www.olx.pl/d/oferta/volkswagen-scirocco-2-0-tdi-242-km-6-biegow-xenon-szyberdach-skora-krajowy-CID5-ID1bYhbH.html?reason=observed_ad
[2026-10-02 17:03:09] Sprawdzam: https://www.otomoto.pl/osobowe/oferta/volkswagen-scirocco-ID6IeoPJ.html?session_long_olx=19f5668af28xced6a111&session_olx=1a0ab7eb45cx47947b02
[2026-10-02 17:03:09] Gotowe. Zapisano 4 ofert do tracker.xlsx i index.html
[2026-10-02 18:03:48] Sprawdzam: https://www.otomoto.pl/osobowe/oferta/volkswagen-scirocco-ID6IeDKy.html
[2026-10-02 18:03:48] Sprawdzam: https://www.facebook.com/marketplace/item/1077529318369893
[2026-10-02 18:03:49] Sprawdzam: https://www.olx.pl/d/oferta/volkswagen-scirocco-2-0-tdi-242-km-6-biegow-xenon-szyberdach-skora-krajowy-CID5-ID1bYhbH.html?reason=observed_ad
[2026-10-02 18:03:49] Sprawdzam: https://www.otomoto.pl/osobowe/oferta/volkswagen-scirocco-ID6IeoPJ.html?session_long_olx=19f5668af28xced6a111&session_olx=1a0ab7eb45cx47947b02
[2026-10-02 18:03:49] Gotowe. Zapisano 4 ofert do tracker.xlsx i index.html
[2026-10-02 19:04:03] Sprawdzam: https://www.otomoto.pl/osobowe/oferta/volkswagen-scirocco-ID6IeDKy.html
[2026-10-02 19:04:04] Sprawdzam: https://www.facebook.com/marketplace/item/1077529318369893
[2026-10-02 19:04:04] Sprawdzam: https://www.olx.pl/d/oferta/volkswagen-scirocco-2-0-tdi-242-km-6-biegow-xenon-szyberdach-skora-krajowy-CID5-ID1bYhbH.html?reason=observed_ad
[2026-10-02 19:04:04] Sprawdzam: https://www.otomoto.pl/osobowe/oferta/volkswagen-scirocco-ID6IeoPJ.html?session_long_olx=19f5668af28xced6a111&session_olx=1a0ab7eb45cx47947b02
[2026-10-02 19:04:05] Gotowe. Zapisano 4 ofert do tracker.xlsx i index.html
[2026-10-02 20:02:32] Sprawdzam: https://www.otomoto.pl/osobowe/oferta/volkswagen-scirocco-ID6IeDKy.html
[2026-10-02 20:02:32] Sprawdzam: https://www.facebook.com/marketplace/item/1077529318369893
[2026-10-02 20:02:33] Sprawdzam: https://www.olx.pl/d/oferta/volkswagen-scirocco-2-0-tdi-242-km-6-biegow-xenon-szyberdach-skora-krajowy-CID5-ID1bYhbH.html?reason=observed_ad
[2026-10-02 20:02:33] Sprawdzam: https://www.otomoto.pl/osobowe/oferta/volkswagen-scirocco-ID6IeoPJ.html?session_long_olx=19f5668af28xced6a111&session_olx=1a0ab7eb45cx47947b02
[2026-10-02 20:02:33] Gotowe. Zapisano 4 ofert do tracker.xlsx i index.html
[2026-10-02 21:03:04] Sprawdzam: https://www.otomoto.pl/osobowe/oferta/volkswagen-scirocco-ID6IeDKy.html
[2026-10-02 21:03:04] Sprawdzam: https://www.facebook.com/marketplace/item/1077529318369893
[2026-10-02 21:03:05] Sprawdzam: https://www.olx.pl/d/oferta/volkswagen-scirocco-2-0-tdi-242-km-6-biegow-xenon-szyberdach-skora-krajowy-CID5-ID1bYhbH.html?reason=observed_ad
[2026-10-02 21:03:05] Sprawdzam: https://www.otomoto.pl/osobowe/oferta/volkswagen-scirocco-ID6IeoPJ.html?session_long_olx=19f5668af28xced6a111&session_olx=1a0ab7eb45cx47947b02
[2026-10-02 21:03:05] Gotowe. Zapisano 4 ofert do tracker.xlsx i index.html
[2026-10-02 22:01:40] Sprawdzam: https://www.otomoto.pl/osobowe/oferta/volkswagen-scirocco-ID6IeDKy.html
[2026-10-02 22:01:41] Sprawdzam: https://www.facebook.com/marketplace/item/1077529318369893
[2026-10-02 22:01:41] Sprawdzam: https://www.olx.pl/d/oferta/volkswagen-scirocco-2-0-tdi-242-km-6-biegow-xenon-szyberdach-skora-krajowy-CID5-ID1bYhbH.html?reason=observed_ad
[2026-10-02 22:01:41] Sprawdzam: https://www.otomoto.pl/osobowe/oferta/volkswagen-scirocco-ID6IeoPJ.html?session_long_olx=19f5668af28xced6a111&session_olx=1a0ab7eb45cx47947b02
[2026-10-02 22:01:42] Gotowe. Zapisano 4 ofert do tracker.xlsx i index.html
[2026-10-02 23:01:23] Sprawdzam: https://www.otomoto.pl/osobowe/oferta/volkswagen-scirocco-ID6IeDKy.html
[2026-10-02 23:01:23] Sprawdzam: https://www.facebook.com/marketplace/item/1077529318369893
[2026-10-02 23:01:24] Sprawdzam: https://www.olx.pl/d/oferta/volkswagen-scirocco-2-0-tdi-242-km-6-biegow-xenon-szyberdach-skora-krajowy-CID5-ID1bYhbH.html?reason=observed_ad
[2026-10-02 23:01:24] Sprawdzam: https://www.otomoto.pl/osobowe/oferta/volkswagen-scirocco-ID6IeoPJ.html?session_long_olx=19f5668af28xced6a111&session_olx=1a0ab7eb45cx47947b02
[2026-10-02 23:01:24] Gotowe. Zapisano 4 ofert do tracker.xlsx i index.html
[2026-10-03 00:02:37] Sprawdzam: https://www.otomoto.pl/osobowe/oferta/volkswagen-scirocco-ID6IeDKy.html
[2026-10-03 00:02:37] Sprawdzam: https://www.facebook.com/marketplace/item/1077529318369893
[2026-10-03 00:02:38] Sprawdzam: https://www.olx.pl/d/oferta/volkswagen-scirocco-2-0-tdi-242-km-6-biegow-xenon-szyberdach-skora-krajowy-CID5-ID1bYhbH.html?reason=observed_ad
[2026-10-03 00:02:38] Sprawdzam: https://www.otomoto.pl/osobowe/oferta/volkswagen-scirocco-ID6IeoPJ.html?session_long_olx=19f5668af28xced6a111&session_olx=1a0ab7eb45cx47947b02
[2026-10-03 00:02:38] Gotowe. Zapisano 4 ofert do tracker.xlsx i index.html
[2026-10-03 01:03:51] Sprawdzam: https://www.otomoto.pl/osobowe/oferta/volkswagen-scirocco-ID6IeDKy.html
[2026-10-03 01:03:52] Sprawdzam: https://www.facebook.com/marketplace/item/1077529318369893
[2026-10-03 01:03:52] Sprawdzam: https://www.olx.pl/d/oferta/volkswagen-scirocco-2-0-tdi-242-km-6-biegow-xenon-szyberdach-skora-krajowy-CID5-ID1bYhbH.html?reason=observed_ad
[2026-10-03 01:03:52] Sprawdzam: https://www.otomoto.pl/osobowe/oferta/volkswagen-scirocco-ID6IeoPJ.html?session_long_olx=19f5668af28xced6a111&session_olx=1a0ab7eb45cx47947b02
[2026-10-03 01:03:53] Gotowe. Zapisano 4 ofert do tracker.xlsx i index.html
[2026-10-03 02:01:52] Sprawdzam: https://www.otomoto.pl/osobowe/oferta/volkswagen-scirocco-ID6IeDKy.html
[2026-10-03 02:01:53] Sprawdzam: https://www.facebook.com/marketplace/item/1077529318369893
[2026-10-03 02:01:53] Sprawdzam: https://www.olx.pl/d/oferta/volkswagen-scirocco-2-0-tdi-242-km-6-biegow-xenon-szyberdach-skora-krajowy-CID5-ID1bYhbH.html?reason=observed_ad
[2026-10-03 02:01:53] Sprawdzam: https://www.otomoto.pl/osobowe/oferta/volkswagen-scirocco-ID6IeoPJ.html?session_long_olx=19f5668af28xced6a111&session_olx=1a0ab7eb45cx47947b02
[2026-10-03 02:01:54] Gotowe. Zapisano 4 ofert do tracker.xlsx i index.html
[2026-10-03 03:12:58] Sprawdzam: https://www.otomoto.pl/osobowe/oferta/volkswagen-scirocco-ID6IeDKy.html
[2026-10-03 03:12:59] Sprawdzam: https://www.facebook.com/marketplace/item/1077529318369893
[2026-10-03 03:12:59] Sprawdzam: https://www.olx.pl/d/oferta/volkswagen-scirocco-2-0-tdi-242-km-6-biegow-xenon-szyberdach-skora-krajowy-CID5-ID1bYhbH.html?reason=observed_ad
[2026-10-03 03:12:59] Sprawdzam: https://www.otomoto.pl/osobowe/oferta/volkswagen-scirocco-ID6IeoPJ.html?session_long_olx=19f5668af28xced6a111&session_olx=1a0ab7eb45cx47947b02
[2026-10-03 03:12:59] Gotowe. Zapisano 4 ofert do tracker.xlsx i index.html
[2026-10-03 04:08:00] Sprawdzam: https://www.otomoto.pl/osobowe/oferta/volkswagen-scirocco-ID6IeDKy.html
[2026-10-03 04:08:01] Sprawdzam: https://www.facebook.com/marketplace/item/1077529318369893
[2026-10-03 04:08:01] Sprawdzam: https://www.olx.pl/d/oferta/volkswagen-scirocco-2-0-tdi-242-km-6-biegow-xenon-szyberdach-skora-krajowy-CID5-ID1bYhbH.html?reason=observed_ad
[2026-10-03 04:08:01] Sprawdzam: https://www.otomoto.pl/osobowe/oferta/volkswagen-scirocco-ID6IeoPJ.html?session_long_olx=19f5668af28xced6a111&session_olx=1a0ab7eb45cx47947b02
[2026-10-03 04:08:02] Gotowe. Zapisano 4 ofert do tracker.xlsx i index.html
[2026-10-03 05:02:20] Sprawdzam: https://www.otomoto.pl/osobowe/oferta/volkswagen-scirocco-ID6IeDKy.html
[2026-10-03 05:02:21] Sprawdzam: https://www.facebook.com/marketplace/item/1077529318369893
[2026-10-03 05:02:21] Sprawdzam: https://www.olx.pl/d/oferta/volkswagen-scirocco-2-0-tdi-242-km-6-biegow-xenon-szyberdach-skora-krajowy-CID5-ID1bYhbH.html?reason=observed_ad
[2026-10-03 05:02:21] Sprawdzam: https://www.otomoto.pl/osobowe/oferta/volkswagen-scirocco-ID6IeoPJ.html?session_long_olx=19f5668af28xced6a111&session_olx=1a0ab7eb45cx47947b02
[2026-10-03 05:02:22] Gotowe. Zapisano 4 ofert do tracker.xlsx i index.html
[2026-10-03 06:08:41] Sprawdzam: https://www.otomoto.pl/osobowe/oferta/volkswagen-scirocco-ID6IeDKy.html
[2026-10-03 06:08:42] Sprawdzam: https://www.facebook.com/marketplace/item/1077529318369893
[2026-10-03 06:08:42] Sprawdzam: https://www.olx.pl/d/oferta/volkswagen-scirocco-2-0-tdi-242-km-6-biegow-xenon-szyberdach-skora-krajowy-CID5-ID1bYhbH.html?reason=observed_ad
[2026-10-03 06:08:42] Sprawdzam: https://www.otomoto.pl/osobowe/oferta/volkswagen-scirocco-ID6IeoPJ.html?session_long_olx=19f5668af28xced6a111&session_olx=1a0ab7eb45cx47947b02
[2026-10-03 06:08:43] Gotowe. Zapisano 4 ofert do tracker.xlsx i index.html
[2026-10-03 07:09:20] Sprawdzam: https://www.otomoto.pl/osobowe/oferta/volkswagen-scirocco-ID6IeDKy.html
[2026-10-03 07:09:21] Sprawdzam: https://www.facebook.com/marketplace/item/1077529318369893
[2026-10-03 07:09:21] Sprawdzam: https://www.olx.pl/d/oferta/volkswagen-scirocco-2-0-tdi-242-km-6-biegow-xenon-szyberdach-skora-krajowy-CID5-ID1bYhbH.html?reason=observed_ad
[2026-10-03 07:09:22] Sprawdzam: https://www.otomoto.pl/osobowe/oferta/volkswagen-scirocco-ID6IeoPJ.html?session_long_olx=19f5668af28xced6a111&session_olx=1a0ab7eb45cx47947b02
[2026-10-03 07:09:22] Gotowe. Zapisano 4 ofert do tracker.xlsx i index.html
[2026-10-03 08:02:31] Sprawdzam: https://www.otomoto.pl/osobowe/oferta/volkswagen-scirocco-ID6IeDKy.html
[2026-10-03 08:02:33] Sprawdzam: https://www.facebook.com/marketplace/item/1077529318369893
[2026-10-03 08:02:33] Sprawdzam: https://www.olx.pl/d/oferta/volkswagen-scirocco-2-0-tdi-242-km-6-biegow-xenon-szyberdach-skora-krajowy-CID5-ID1bYhbH.html?reason=observed_ad
[2026-10-03 08:02:33] Sprawdzam: https://www.otomoto.pl/osobowe/oferta/volkswagen-scirocco-ID6IeoPJ.html?session_long_olx=19f5668af28xced6a111&session_olx=1a0ab7eb45cx47947b02
[2026-10-03 08:02:36] Gotowe. Zapisano 4 ofert do tracker.xlsx i index.html
[2026-10-03 09:04:40] Sprawdzam: https://www.otomoto.pl/osobowe/oferta/volkswagen-scirocco-ID6IeDKy.html
[2026-10-03 09:04:41] Sprawdzam: https://www.facebook.com/marketplace/item/1077529318369893
[2026-10-03 09:04:42] Sprawdzam: https://www.olx.pl/d/oferta/volkswagen-scirocco-2-0-tdi-242-km-6-biegow-xenon-szyberdach-skora-krajowy-CID5-ID1bYhbH.html?reason=observed_ad
[2026-10-03 09:04:42] Sprawdzam: https://www.otomoto.pl/osobowe/oferta/volkswagen-scirocco-ID6IeoPJ.html?session_long_olx=19f5668af28xced6a111&session_olx=1a0ab7eb45cx47947b02
[2026-10-03 09:04:42] Gotowe. Zapisano 4 ofert do tracker.xlsx i index.html
[2026-10-03 10:01:53] Sprawdzam: https://www.otomoto.pl/osobowe/oferta/volkswagen-scirocco-ID6IeDKy.html
[2026-10-03 10:01:54] Sprawdzam: https://www.facebook.com/marketplace/item/1077529318369893
[2026-10-03 10:01:54] Sprawdzam: https://www.olx.pl/d/oferta/volkswagen-scirocco-2-0-tdi-242-km-6-biegow-xenon-szyberdach-skora-krajowy-CID5-ID1bYhbH.html?reason=observed_ad
[2026-10-03 10:01:55] Sprawdzam: https://www.otomoto.pl/osobowe/oferta/volkswagen-scirocco-ID6IeoPJ.html?session_long_olx=19f5668af28xced6a111&session_olx=1a0ab7eb45cx47947b02
[2026-10-03 10:01:55] Gotowe. Zapisano 4 ofert do tracker.xlsx i index.html
[2026-10-03 11:24:53] Sprawdzam: https://www.otomoto.pl/osobowe/oferta/volkswagen-scirocco-ID6IeDKy.html
[2026-10-03 11:24:54] Sprawdzam: https://www.facebook.com/marketplace/item/1077529318369893
[2026-10-03 11:24:54] Sprawdzam: https://www.olx.pl/d/oferta/volkswagen-scirocco-2-0-tdi-242-km-6-biegow-xenon-szyberdach-skora-krajowy-CID5-ID1bYhbH.html?reason=observed_ad
[2026-10-03 11:24:55] Sprawdzam: https://www.otomoto.pl/osobowe/oferta/volkswagen-scirocco-ID6IeoPJ.html?session_long_olx=19f5668af28xced6a111&session_olx=1a0ab7eb45cx47947b02
[2026-10-03 11:24:56] Gotowe. Zapisano 4 ofert do tracker.xlsx i index.html
[2026-10-03 14:50:03] Sprawdzam: https://www.otomoto.pl/osobowe/oferta/volkswagen-scirocco-ID6IeDKy.html
[2026-10-03 14:50:04] Sprawdzam: https://www.facebook.com/marketplace/item/1077529318369893
[2026-10-03 14:50:05] Sprawdzam: https://www.olx.pl/d/oferta/volkswagen-scirocco-2-0-tdi-242-km-6-biegow-xenon-szyberdach-skora-krajowy-CID5-ID1bYhbH.html?reason=observed_ad
[2026-10-03 14:50:05] Sprawdzam: https://www.otomoto.pl/osobowe/oferta/volkswagen-scirocco-ID6IeoPJ.html?session_long_olx=19f5668af28xced6a111&session_olx=1a0ab7eb45cx47947b02
[2026-10-03 14:50:05] Gotowe. Zapisano 4 ofert do tracker.xlsx i index.html
[2026-10-03 18:47:11] Sprawdzam: https://www.otomoto.pl/osobowe/oferta/volkswagen-scirocco-ID6IeDKy.html
[2026-10-03 18:47:12] Sprawdzam: https://www.facebook.com/marketplace/item/1077529318369893
[2026-10-03 18:47:13] Sprawdzam: https://www.olx.pl/d/oferta/volkswagen-scirocco-2-0-tdi-242-km-6-biegow-xenon-szyberdach-skora-krajowy-CID5-ID1bYhbH.html?reason=observed_ad
[2026-10-03 18:47:13] Sprawdzam: https://www.otomoto.pl/osobowe/oferta/volkswagen-scirocco-ID6IeoPJ.html?session_long_olx=19f5668af28xced6a111&session_olx=1a0ab7eb45cx47947b02
[2026-10-03 18:47:14] Gotowe. Zapisano 4 ofert do tracker.xlsx i index.html
[2026-10-04 02:23:37] Sprawdzam: https://www.otomoto.pl/osobowe/oferta/volkswagen-scirocco-ID6IeDKy.html
[2026-10-04 02:23:38] Sprawdzam: https://www.facebook.com/marketplace/item/1077529318369893
[2026-10-04 02:23:39] Sprawdzam: https://www.olx.pl/d/oferta/volkswagen-scirocco-2-0-tdi-242-km-6-biegow-xenon-szyberdach-skora-krajowy-CID5-ID1bYhbH.html?reason=observed_ad
[2026-10-04 02:23:39] Sprawdzam: https://www.otomoto.pl/osobowe/oferta/volkswagen-scirocco-ID6IeoPJ.html?session_long_olx=19f5668af28xced6a111&session_olx=1a0ab7eb45cx47947b02
[2026-10-04 02:23:40] Gotowe. Zapisano 4 ofert do tracker.xlsx i index.html
[2026-10-04 04:32:07] Sprawdzam: https://www.otomoto.pl/osobowe/oferta/volkswagen-scirocco-ID6IeDKy.html
[2026-10-04 04:32:08] Sprawdzam: https://www.facebook.com/marketplace/item/1077529318369893
[2026-10-04 04:32:08] Sprawdzam: https://www.olx.pl/d/oferta/volkswagen-scirocco-2-0-tdi-242-km-6-biegow-xenon-szyberdach-skora-krajowy-CID5-ID1bYhbH.html?reason=observed_ad
[2026-10-04 04:32:08] Sprawdzam: https://www.otomoto.pl/osobowe/oferta/volkswagen-scirocco-ID6IeoPJ.html?session_long_olx=19f5668af28xced6a111&session_olx=1a0ab7eb45cx47947b02
[2026-10-04 04:32:09] Gotowe. Zapisano 4 ofert do tracker.xlsx i index.html
[2026-10-04 10:57:00] Sprawdzam: https://www.otomoto.pl/osobowe/oferta/volkswagen-scirocco-ID6IeDKy.html
[2026-10-04 10:57:01] Sprawdzam: https://www.facebook.com/marketplace/item/1077529318369893
[2026-10-04 10:57:01] Sprawdzam: https://www.olx.pl/d/oferta/volkswagen-scirocco-2-0-tdi-242-km-6-biegow-xenon-szyberdach-skora-krajowy-CID5-ID1bYhbH.html?reason=observed_ad
[2026-10-04 10:57:01] Sprawdzam: https://www.otomoto.pl/osobowe/oferta/volkswagen-scirocco-ID6IeoPJ.html?session_long_olx=19f5668af28xced6a111&session_olx=1a0ab7eb45cx47947b02
[2026-10-04 10:57:03] Gotowe. Zapisano 4 ofert do tracker.xlsx i index.html
[2026-10-04 17:21:40] Sprawdzam: https://www.otomoto.pl/osobowe/oferta/volkswagen-scirocco-ID6IeDKy.html
[2026-10-04 17:21:41] Sprawdzam: https://www.facebook.com/marketplace/item/1077529318369893
[2026-10-04 17:21:41] Sprawdzam: https://www.olx.pl/d/oferta/volkswagen-scirocco-2-0-tdi-242-km-6-biegow-xenon-szyberdach-skora-krajowy-CID5-ID1bYhbH.html?reason=observed_ad
[2026-10-04 17:21:42] Sprawdzam: https://www.otomoto.pl/osobowe/oferta/volkswagen-scirocco-ID6IeoPJ.html?session_long_olx=19f5668af28xced6a111&session_olx=1a0ab7eb45cx47947b02
[2026-10-04 17:21:42] Gotowe. Zapisano 4 ofert do tracker.xlsx i index.html
[2026-10-04 21:05:44] Sprawdzam: https://www.otomoto.pl/osobowe/oferta/volkswagen-scirocco-ID6IeDKy.html
[2026-10-04 21:05:46] Sprawdzam: https://www.facebook.com/marketplace/item/1077529318369893
[2026-10-04 21:05:46] Sprawdzam: https://www.olx.pl/d/oferta/volkswagen-scirocco-2-0-tdi-242-km-6-biegow-xenon-szyberdach-skora-krajowy-CID5-ID1bYhbH.html?reason=observed_ad
[2026-10-04 21:05:46] Sprawdzam: https://www.otomoto.pl/osobowe/oferta/volkswagen-scirocco-ID6IeoPJ.html?session_long_olx=19f5668af28xced6a111&session_olx=1a0ab7eb45cx47947b02
[2026-10-04 21:05:47] Gotowe. Zapisano 4 ofert do tracker.xlsx i index.html
[2026-10-04 22:03:20] Sprawdzam: https://www.otomoto.pl/osobowe/oferta/volkswagen-scirocco-ID6IeDKy.html
[2026-10-04 22:03:21] Sprawdzam: https://www.facebook.com/marketplace/item/1077529318369893
[2026-10-04 22:03:21] Sprawdzam: https://www.olx.pl/d/oferta/volkswagen-scirocco-2-0-tdi-242-km-6-biegow-xenon-szyberdach-skora-krajowy-CID5-ID1bYhbH.html?reason=observed_ad
[2026-10-04 22:03:22] Sprawdzam: https://www.otomoto.pl/osobowe/oferta/volkswagen-scirocco-ID6IeoPJ.html?session_long_olx=19f5668af28xced6a111&session_olx=1a0ab7eb45cx47947b02
[2026-10-04 22:03:22] Gotowe. Zapisano 4 ofert do tracker.xlsx i index.html
[2026-10-04 23:01:55] Sprawdzam: https://www.otomoto.pl/osobowe/oferta/volkswagen-scirocco-ID6IeDKy.html
[2026-10-04 23:01:56] Sprawdzam: https://www.facebook.com/marketplace/item/1077529318369893
[2026-10-04 23:01:56] Sprawdzam: https://www.olx.pl/d/oferta/volkswagen-scirocco-2-0-tdi-242-km-6-biegow-xenon-szyberdach-skora-krajowy-CID5-ID1bYhbH.html?reason=observed_ad
[2026-10-04 23:01:56] Sprawdzam: https://www.otomoto.pl/osobowe/oferta/volkswagen-scirocco-ID6IeoPJ.html?session_long_olx=19f5668af28xced6a111&session_olx=1a0ab7eb45cx47947b02
[2026-10-04 23:01:57] Gotowe. Zapisano 4 ofert do tracker.xlsx i index.html
[2026-10-05 00:02:31] Sprawdzam: https://www.otomoto.pl/osobowe/oferta/volkswagen-scirocco-ID6IeDKy.html
[2026-10-05 00:02:32] Sprawdzam: https://www.facebook.com/marketplace/item/1077529318369893
[2026-10-05 00:02:33] Sprawdzam: https://www.olx.pl/d/oferta/volkswagen-scirocco-2-0-tdi-242-km-6-biegow-xenon-szyberdach-skora-krajowy-CID5-ID1bYhbH.html?reason=observed_ad
[2026-10-05 00:02:33] Sprawdzam: https://www.otomoto.pl/osobowe/oferta/volkswagen-scirocco-ID6IeoPJ.html?session_long_olx=19f5668af28xced6a111&session_olx=1a0ab7eb45cx47947b02
[2026-10-05 00:02:33] Gotowe. Zapisano 4 ofert do tracker.xlsx i index.html
[2026-10-05 01:06:25] Sprawdzam: https://www.otomoto.pl/osobowe/oferta/volkswagen-scirocco-ID6IeDKy.html
[2026-10-05 01:06:26] Sprawdzam: https://www.facebook.com/marketplace/item/1077529318369893
[2026-10-05 01:06:26] Sprawdzam: https://www.olx.pl/d/oferta/volkswagen-scirocco-2-0-tdi-242-km-6-biegow-xenon-szyberdach-skora-krajowy-CID5-ID1bYhbH.html?reason=observed_ad
[2026-10-05 01:06:26] Sprawdzam: https://www.otomoto.pl/osobowe/oferta/volkswagen-scirocco-ID6IeoPJ.html?session_long_olx=19f5668af28xced6a111&session_olx=1a0ab7eb45cx47947b02
[2026-10-05 01:06:27] Gotowe. Zapisano 4 ofert do tracker.xlsx i index.html
[2026-10-05 02:03:06] Sprawdzam: https://www.otomoto.pl/osobowe/oferta/volkswagen-scirocco-ID6IeDKy.html
[2026-10-05 02:03:07] Sprawdzam: https://www.facebook.com/marketplace/item/1077529318369893
[2026-10-05 02:03:07] Sprawdzam: https://www.olx.pl/d/oferta/volkswagen-scirocco-2-0-tdi-242-km-6-biegow-xenon-szyberdach-skora-krajowy-CID5-ID1bYhbH.html?reason=observed_ad
[2026-10-05 02:03:08] Sprawdzam: https://www.otomoto.pl/osobowe/oferta/volkswagen-scirocco-ID6IeoPJ.html?session_long_olx=19f5668af28xced6a111&session_olx=1a0ab7eb45cx47947b02
[2026-10-05 02:03:09] Gotowe. Zapisano 4 ofert do tracker.xlsx i index.html
[2026-10-05 03:04:00] Sprawdzam: https://www.otomoto.pl/osobowe/oferta/volkswagen-scirocco-ID6IeDKy.html
[2026-10-05 03:04:01] Sprawdzam: https://www.facebook.com/marketplace/item/1077529318369893
[2026-10-05 03:04:01] Sprawdzam: https://www.olx.pl/d/oferta/volkswagen-scirocco-2-0-tdi-242-km-6-biegow-xenon-szyberdach-skora-krajowy-CID5-ID1bYhbH.html?reason=observed_ad
[2026-10-05 03:04:01] Sprawdzam: https://www.otomoto.pl/osobowe/oferta/volkswagen-scirocco-ID6IeoPJ.html?session_long_olx=19f5668af28xced6a111&session_olx=1a0ab7eb45cx47947b02
[2026-10-05 03:04:02] Gotowe. Zapisano 4 ofert do tracker.xlsx i index.html
[2026-10-05 04:06:44] Sprawdzam: https://www.otomoto.pl/osobowe/oferta/volkswagen-scirocco-ID6IeDKy.html
[2026-10-05 04:06:45] Sprawdzam: https://www.facebook.com/marketplace/item/1077529318369893
[2026-10-05 04:06:45] Sprawdzam: https://www.olx.pl/d/oferta/volkswagen-scirocco-2-0-tdi-242-km-6-biegow-xenon-szyberdach-skora-krajowy-CID5-ID1bYhbH.html?reason=observed_ad
[2026-10-05 04:06:45] Sprawdzam: https://www.otomoto.pl/osobowe/oferta/volkswagen-scirocco-ID6IeoPJ.html?session_long_olx=19f5668af28xced6a111&session_olx=1a0ab7eb45cx47947b02
[2026-10-05 04:06:46] Gotowe. Zapisano 4 ofert do tracker.xlsx i index.html
[2026-10-05 05:17:04] Sprawdzam: https://www.otomoto.pl/osobowe/oferta/volkswagen-scirocco-ID6IeDKy.html
[2026-10-05 05:17:05] Sprawdzam: https://www.facebook.com/marketplace/item/1077529318369893
[2026-10-05 05:17:06] Sprawdzam: https://www.olx.pl/d/oferta/volkswagen-scirocco-2-0-tdi-242-km-6-biegow-xenon-szyberdach-skora-krajowy-CID5-ID1bYhbH.html?reason=observed_ad
[2026-10-05 05:17:06] Sprawdzam: https://www.otomoto.pl/osobowe/oferta/volkswagen-scirocco-ID6IeoPJ.html?session_long_olx=19f5668af28xced6a111&session_olx=1a0ab7eb45cx47947b02
[2026-10-05 05:17:06] Gotowe. Zapisano 4 ofert do tracker.xlsx i index.html
[2026-10-05 06:06:46] Sprawdzam: https://www.otomoto.pl/osobowe/oferta/volkswagen-scirocco-ID6IeDKy.html
[2026-10-05 06:06:47] Sprawdzam: https://www.facebook.com/marketplace/item/1077529318369893
[2026-10-05 06:06:47] Sprawdzam: https://www.olx.pl/d/oferta/volkswagen-scirocco-2-0-tdi-242-km-6-biegow-xenon-szyberdach-skora-krajowy-CID5-ID1bYhbH.html?reason=observed_ad
[2026-10-05 06:06:47] Sprawdzam: https://www.otomoto.pl/osobowe/oferta/volkswagen-scirocco-ID6IeoPJ.html?session_long_olx=19f5668af28xced6a111&session_olx=1a0ab7eb45cx47947b02
[2026-10-05 06:06:48] Gotowe. Zapisano 4 ofert do tracker.xlsx i index.html
[2026-10-05 07:09:36] Sprawdzam: https://www.otomoto.pl/osobowe/oferta/volkswagen-scirocco-ID6IeDKy.html
[2026-10-05 07:09:36] Sprawdzam: https://www.facebook.com/marketplace/item/1077529318369893
[2026-10-05 07:09:37] Sprawdzam: https://www.olx.pl/d/oferta/volkswagen-scirocco-2-0-tdi-242-km-6-biegow-xenon-szyberdach-skora-krajowy-CID5-ID1bYhbH.html?reason=observed_ad
[2026-10-05 07:09:37] Sprawdzam: https://www.otomoto.pl/osobowe/oferta/volkswagen-scirocco-ID6IeoPJ.html?session_long_olx=19f5668af28xced6a111&session_olx=1a0ab7eb45cx47947b02
[2026-10-05 07:09:37] Gotowe. Zapisano 4 ofert do tracker.xlsx i index.html
[2026-10-05 08:04:43] Sprawdzam: https://www.otomoto.pl/osobowe/oferta/volkswagen-scirocco-ID6IeDKy.html
[2026-10-05 08:04:43] Sprawdzam: https://www.facebook.com/marketplace/item/1077529318369893
[2026-10-05 08:04:44] Sprawdzam: https://www.olx.pl/d/oferta/volkswagen-scirocco-2-0-tdi-242-km-6-biegow-xenon-szyberdach-skora-krajowy-CID5-ID1bYhbH.html?reason=observed_ad
[2026-10-05 08:04:44] Sprawdzam: https://www.otomoto.pl/osobowe/oferta/volkswagen-scirocco-ID6IeoPJ.html?session_long_olx=19f5668af28xced6a111&session_olx=1a0ab7eb45cx47947b02
[2026-10-05 08:04:45] Gotowe. Zapisano 4 ofert do tracker.xlsx i index.html
[2026-10-05 09:04:57] Sprawdzam: https://www.otomoto.pl/osobowe/oferta/volkswagen-scirocco-ID6IeDKy.html
[2026-10-05 09:04:58] Sprawdzam: https://www.facebook.com/marketplace/item/1077529318369893
[2026-10-05 09:04:58] Sprawdzam: https://www.olx.pl/d/oferta/volkswagen-scirocco-2-0-tdi-242-km-6-biegow-xenon-szyberdach-skora-krajowy-CID5-ID1bYhbH.html?reason=observed_ad
[2026-10-05 09:04:58] Sprawdzam: https://www.otomoto.pl/osobowe/oferta/volkswagen-scirocco-ID6IeoPJ.html?session_long_olx=19f5668af28xced6a111&session_olx=1a0ab7eb45cx47947b02
[2026-10-05 09:04:59] Gotowe. Zapisano 4 ofert do tracker.xlsx i index.html
[2026-10-05 10:05:56] Sprawdzam: https://www.otomoto.pl/osobowe/oferta/volkswagen-scirocco-ID6IeDKy.html
[2026-10-05 10:05:57] Sprawdzam: https://www.facebook.com/marketplace/item/1077529318369893
[2026-10-05 10:05:58] Sprawdzam: https://www.olx.pl/d/oferta/volkswagen-scirocco-2-0-tdi-242-km-6-biegow-xenon-szyberdach-skora-krajowy-CID5-ID1bYhbH.html?reason=observed_ad
[2026-10-05 10:05:58] Sprawdzam: https://www.otomoto.pl/osobowe/oferta/volkswagen-scirocco-ID6IeoPJ.html?session_long_olx=19f5668af28xced6a111&session_olx=1a0ab7eb45cx47947b02
[2026-10-05 10:05:58] Gotowe. Zapisano 4 ofert do tracker.xlsx i index.html
[2026-10-05 11:04:30] Sprawdzam: https://www.otomoto.pl/osobowe/oferta/volkswagen-scirocco-ID6IeDKy.html
[2026-10-05 11:04:31] Sprawdzam: https://www.facebook.com/marketplace/item/1077529318369893
[2026-10-05 11:04:31] Sprawdzam: https://www.olx.pl/d/oferta/volkswagen-scirocco-2-0-tdi-242-km-6-biegow-xenon-szyberdach-skora-krajowy-CID5-ID1bYhbH.html?reason=observed_ad
[2026-10-05 11:04:31] Sprawdzam: https://www.otomoto.pl/osobowe/oferta/volkswagen-scirocco-ID6IeoPJ.html?session_long_olx=19f5668af28xced6a111&session_olx=1a0ab7eb45cx47947b02
[2026-10-05 11:04:33] Gotowe. Zapisano 4 ofert do tracker.xlsx i index.html
[2026-10-05 12:04:18] Sprawdzam: https://www.otomoto.pl/osobowe/oferta/volkswagen-scirocco-ID6IeDKy.html
[2026-10-05 12:04:19] Sprawdzam: https://www.facebook.com/marketplace/item/1077529318369893
[2026-10-05 12:04:19] Sprawdzam: https://www.olx.pl/d/oferta/volkswagen-scirocco-2-0-tdi-242-km-6-biegow-xenon-szyberdach-skora-krajowy-CID5-ID1bYhbH.html?reason=observed_ad
[2026-10-05 12:04:19] Sprawdzam: https://www.otomoto.pl/osobowe/oferta/volkswagen-scirocco-ID6IeoPJ.html?session_long_olx=19f5668af28xced6a111&session_olx=1a0ab7eb45cx47947b02
[2026-10-05 12:04:20] Gotowe. Zapisano 4 ofert do tracker.xlsx i index.html
[2026-10-05 13:08:15] Sprawdzam: https://www.otomoto.pl/osobowe/oferta/volkswagen-scirocco-ID6IeDKy.html
[2026-10-05 13:08:16] Sprawdzam: https://www.facebook.com/marketplace/item/1077529318369893
[2026-10-05 13:08:16] Sprawdzam: https://www.olx.pl/d/oferta/volkswagen-scirocco-2-0-tdi-242-km-6-biegow-xenon-szyberdach-skora-krajowy-CID5-ID1bYhbH.html?reason=observed_ad
[2026-10-05 13:08:17] Sprawdzam: https://www.otomoto.pl/osobowe/oferta/volkswagen-scirocco-ID6IeoPJ.html?session_long_olx=19f5668af28xced6a111&session_olx=1a0ab7eb45cx47947b02
[2026-10-05 13:08:18] Gotowe. Zapisano 4 ofert do tracker.xlsx i index.html
[2026-10-05 14:06:24] Sprawdzam: https://www.otomoto.pl/osobowe/oferta/volkswagen-scirocco-ID6IeDKy.html
[2026-10-05 14:06:25] Sprawdzam: https://www.facebook.com/marketplace/item/1077529318369893
[2026-10-05 14:06:25] Sprawdzam: https://www.olx.pl/d/oferta/volkswagen-scirocco-2-0-tdi-242-km-6-biegow-xenon-szyberdach-skora-krajowy-CID5-ID1bYhbH.html?reason=observed_ad
[2026-10-05 14:06:25] Sprawdzam: https://www.otomoto.pl/osobowe/oferta/volkswagen-scirocco-ID6IeoPJ.html?session_long_olx=19f5668af28xced6a111&session_olx=1a0ab7eb45cx47947b02
[2026-10-05 14:06:26] Gotowe. Zapisano 4 ofert do tracker.xlsx i index.html
[2026-10-05 15:06:15] Sprawdzam: https://www.otomoto.pl/osobowe/oferta/volkswagen-scirocco-ID6IeDKy.html
[2026-10-05 15:06:16] Sprawdzam: https://www.facebook.com/marketplace/item/1077529318369893
[2026-10-05 15:06:17] Sprawdzam: https://www.olx.pl/d/oferta/volkswagen-scirocco-2-0-tdi-242-km-6-biegow-xenon-szyberdach-skora-krajowy-CID5-ID1bYhbH.html?reason=observed_ad
[2026-10-05 15:06:17] Sprawdzam: https://www.otomoto.pl/osobowe/oferta/volkswagen-scirocco-ID6IeoPJ.html?session_long_olx=19f5668af28xced6a111&session_olx=1a0ab7eb45cx47947b02
[2026-10-05 15:06:18] Gotowe. Zapisano 4 ofert do tracker.xlsx i index.html
[2026-10-05 16:03:40] Sprawdzam: https://www.otomoto.pl/osobowe/oferta/volkswagen-scirocco-ID6IeDKy.html
[2026-10-05 16:03:40] Sprawdzam: https://www.facebook.com/marketplace/item/1077529318369893
[2026-10-05 16:03:40] Sprawdzam: https://www.olx.pl/d/oferta/volkswagen-scirocco-2-0-tdi-242-km-6-biegow-xenon-szyberdach-skora-krajowy-CID5-ID1bYhbH.html?reason=observed_ad
[2026-10-05 16:03:40] Sprawdzam: https://www.otomoto.pl/osobowe/oferta/volkswagen-scirocco-ID6IeoPJ.html?session_long_olx=19f5668af28xced6a111&session_olx=1a0ab7eb45cx47947b02
[2026-10-05 16:03:41] Gotowe. Zapisano 4 ofert do tracker.xlsx i index.html
[2026-10-05 17:03:26] Sprawdzam: https://www.otomoto.pl/osobowe/oferta/volkswagen-scirocco-ID6IeDKy.html
[2026-10-05 17:03:27] Sprawdzam: https://www.facebook.com/marketplace/item/1077529318369893
[2026-10-05 17:03:27] Sprawdzam: https://www.olx.pl/d/oferta/volkswagen-scirocco-2-0-tdi-242-km-6-biegow-xenon-szyberdach-skora-krajowy-CID5-ID1bYhbH.html?reason=observed_ad
[2026-10-05 17:03:27] Sprawdzam: https://www.otomoto.pl/osobowe/oferta/volkswagen-scirocco-ID6IeoPJ.html?session_long_olx=19f5668af28xced6a111&session_olx=1a0ab7eb45cx47947b02
[2026-10-05 17:03:28] Gotowe. Zapisano 4 ofert do tracker.xlsx i index.html
[2026-10-05 18:04:57] Sprawdzam: https://www.otomoto.pl/osobowe/oferta/volkswagen-scirocco-ID6IeDKy.html
[2026-10-05 18:04:57] Sprawdzam: https://www.facebook.com/marketplace/item/1077529318369893
[2026-10-05 18:04:58] Sprawdzam: https://www.olx.pl/d/oferta/volkswagen-scirocco-2-0-tdi-242-km-6-biegow-xenon-szyberdach-skora-krajowy-CID5-ID1bYhbH.html?reason=observed_ad
[2026-10-05 18:04:58] Sprawdzam: https://www.otomoto.pl/osobowe/oferta/volkswagen-scirocco-ID6IeoPJ.html?session_long_olx=19f5668af28xced6a111&session_olx=1a0ab7eb45cx47947b02
[2026-10-05 18:04:58] Gotowe. Zapisano 4 ofert do tracker.xlsx i index.html
[2026-10-05 22:03:21] Sprawdzam: https://www.otomoto.pl/osobowe/oferta/volkswagen-scirocco-ID6IeDKy.html
[2026-10-05 22:03:22] Sprawdzam: https://www.facebook.com/marketplace/item/1077529318369893
[2026-10-05 22:03:22] Sprawdzam: https://www.olx.pl/d/oferta/volkswagen-scirocco-2-0-tdi-242-km-6-biegow-xenon-szyberdach-skora-krajowy-CID5-ID1bYhbH.html?reason=observed_ad
[2026-10-05 22:03:23] Sprawdzam: https://www.otomoto.pl/osobowe/oferta/volkswagen-scirocco-ID6IeoPJ.html?session_long_olx=19f5668af28xced6a111&session_olx=1a0ab7eb45cx47947b02
[2026-10-05 22:03:24] Gotowe. Zapisano 4 ofert do tracker.xlsx i index.html
[2026-10-05 23:02:16] Sprawdzam: https://www.otomoto.pl/osobowe/oferta/volkswagen-scirocco-ID6IeDKy.html
[2026-10-05 23:02:17] Sprawdzam: https://www.facebook.com/marketplace/item/1077529318369893
[2026-10-05 23:02:17] Sprawdzam: https://www.olx.pl/d/oferta/volkswagen-scirocco-2-0-tdi-242-km-6-biegow-xenon-szyberdach-skora-krajowy-CID5-ID1bYhbH.html?reason=observed_ad
[2026-10-05 23:02:18] Sprawdzam: https://www.otomoto.pl/osobowe/oferta/volkswagen-scirocco-ID6IeoPJ.html?session_long_olx=19f5668af28xced6a111&session_olx=1a0ab7eb45cx47947b02
[2026-10-05 23:02:18] Gotowe. Zapisano 4 ofert do tracker.xlsx i index.html
[2026-10-06 00:02:40] Sprawdzam: https://www.otomoto.pl/osobowe/oferta/volkswagen-scirocco-ID6IeDKy.html
[2026-10-06 00:02:40] Sprawdzam: https://www.facebook.com/marketplace/item/1077529318369893
[2026-10-06 00:02:40] Sprawdzam: https://www.olx.pl/d/oferta/volkswagen-scirocco-2-0-tdi-242-km-6-biegow-xenon-szyberdach-skora-krajowy-CID5-ID1bYhbH.html?reason=observed_ad
[2026-10-06 00:02:41] Sprawdzam: https://www.otomoto.pl/osobowe/oferta/volkswagen-scirocco-ID6IeoPJ.html?session_long_olx=19f5668af28xced6a111&session_olx=1a0ab7eb45cx47947b02
[2026-10-06 00:02:41] Gotowe. Zapisano 4 ofert do tracker.xlsx i index.html
[2026-10-06 01:05:30] Sprawdzam: https://www.otomoto.pl/osobowe/oferta/volkswagen-scirocco-ID6IeDKy.html
[2026-10-06 01:05:31] Sprawdzam: https://www.facebook.com/marketplace/item/1077529318369893
[2026-10-06 01:05:31] Sprawdzam: https://www.olx.pl/d/oferta/volkswagen-scirocco-2-0-tdi-242-km-6-biegow-xenon-szyberdach-skora-krajowy-CID5-ID1bYhbH.html?reason=observed_ad
[2026-10-06 01:05:31] Sprawdzam: https://www.otomoto.pl/osobowe/oferta/volkswagen-scirocco-ID6IeoPJ.html?session_long_olx=19f5668af28xced6a111&session_olx=1a0ab7eb45cx47947b02
[2026-10-06 01:05:32] Gotowe. Zapisano 4 ofert do tracker.xlsx i index.html
[2026-10-06 02:02:48] Sprawdzam: https://www.otomoto.pl/osobowe/oferta/volkswagen-scirocco-ID6IeDKy.html
[2026-10-06 02:02:50] Sprawdzam: https://www.facebook.com/marketplace/item/1077529318369893
[2026-10-06 02:02:50] Sprawdzam: https://www.olx.pl/d/oferta/volkswagen-scirocco-2-0-tdi-242-km-6-biegow-xenon-szyberdach-skora-krajowy-CID5-ID1bYhbH.html?reason=observed_ad
[2026-10-06 02:02:50] Sprawdzam: https://www.otomoto.pl/osobowe/oferta/volkswagen-scirocco-ID6IeoPJ.html?session_long_olx=19f5668af28xced6a111&session_olx=1a0ab7eb45cx47947b02
[2026-10-06 02:02:51] Gotowe. Zapisano 4 ofert do tracker.xlsx i index.html
[2026-10-06 03:03:01] Sprawdzam: https://www.otomoto.pl/osobowe/oferta/volkswagen-scirocco-ID6IeDKy.html
[2026-10-06 03:03:01] Sprawdzam: https://www.facebook.com/marketplace/item/1077529318369893
[2026-10-06 03:03:02] Sprawdzam: https://www.olx.pl/d/oferta/volkswagen-scirocco-2-0-tdi-242-km-6-biegow-xenon-szyberdach-skora-krajowy-CID5-ID1bYhbH.html?reason=observed_ad
[2026-10-06 03:03:02] Sprawdzam: https://www.otomoto.pl/osobowe/oferta/volkswagen-scirocco-ID6IeoPJ.html?session_long_olx=19f5668af28xced6a111&session_olx=1a0ab7eb45cx47947b02
[2026-10-06 03:03:02] Gotowe. Zapisano 4 ofert do tracker.xlsx i index.html
[2026-10-06 04:04:08] Sprawdzam: https://www.otomoto.pl/osobowe/oferta/volkswagen-scirocco-ID6IeDKy.html
[2026-10-06 04:04:08] Sprawdzam: https://www.facebook.com/marketplace/item/1077529318369893
[2026-10-06 04:04:09] Sprawdzam: https://www.olx.pl/d/oferta/volkswagen-scirocco-2-0-tdi-242-km-6-biegow-xenon-szyberdach-skora-krajowy-CID5-ID1bYhbH.html?reason=observed_ad
[2026-10-06 04:04:09] Sprawdzam: https://www.otomoto.pl/osobowe/oferta/volkswagen-scirocco-ID6IeoPJ.html?session_long_olx=19f5668af28xced6a111&session_olx=1a0ab7eb45cx47947b02
[2026-10-06 04:04:09] Gotowe. Zapisano 4 ofert do tracker.xlsx i index.html
[2026-10-06 05:04:03] Sprawdzam: https://www.otomoto.pl/osobowe/oferta/volkswagen-scirocco-ID6IeDKy.html
[2026-10-06 05:04:04] Sprawdzam: https://www.facebook.com/marketplace/item/1077529318369893
[2026-10-06 05:04:04] Sprawdzam: https://www.olx.pl/d/oferta/volkswagen-scirocco-2-0-tdi-242-km-6-biegow-xenon-szyberdach-skora-krajowy-CID5-ID1bYhbH.html?reason=observed_ad
[2026-10-06 05:04:04] Sprawdzam: https://www.otomoto.pl/osobowe/oferta/volkswagen-scirocco-ID6IeoPJ.html?session_long_olx=19f5668af28xced6a111&session_olx=1a0ab7eb45cx47947b02
[2026-10-06 05:04:05] Gotowe. Zapisano 4 ofert do tracker.xlsx i index.html
[2026-10-06 06:03:40] Sprawdzam: https://www.otomoto.pl/osobowe/oferta/volkswagen-scirocco-ID6IeDKy.html
[2026-10-06 06:03:41] Sprawdzam: https://www.facebook.com/marketplace/item/1077529318369893
[2026-10-06 06:03:42] Sprawdzam: https://www.olx.pl/d/oferta/volkswagen-scirocco-2-0-tdi-242-km-6-biegow-xenon-szyberdach-skora-krajowy-CID5-ID1bYhbH.html?reason=observed_ad
[2026-10-06 06:03:42] Sprawdzam: https://www.otomoto.pl/osobowe/oferta/volkswagen-scirocco-ID6IeoPJ.html?session_long_olx=19f5668af28xced6a111&session_olx=1a0ab7eb45cx47947b02
[2026-10-06 06:03:42] Gotowe. Zapisano 4 ofert do tracker.xlsx i index.html
[2026-10-06 07:06:05] Sprawdzam: https://www.otomoto.pl/osobowe/oferta/volkswagen-scirocco-ID6IeDKy.html
[2026-10-06 07:06:06] Sprawdzam: https://www.facebook.com/marketplace/item/1077529318369893
[2026-10-06 07:06:06] Sprawdzam: https://www.olx.pl/d/oferta/volkswagen-scirocco-2-0-tdi-242-km-6-biegow-xenon-szyberdach-skora-krajowy-CID5-ID1bYhbH.html?reason=observed_ad
[2026-10-06 07:06:07] Sprawdzam: https://www.otomoto.pl/osobowe/oferta/volkswagen-scirocco-ID6IeoPJ.html?session_long_olx=19f5668af28xced6a111&session_olx=1a0ab7eb45cx47947b02
[2026-10-06 07:06:07] Gotowe. Zapisano 4 ofert do tracker.xlsx i index.html
[2026-10-06 08:06:31] Sprawdzam: https://www.otomoto.pl/osobowe/oferta/volkswagen-scirocco-ID6IeDKy.html
[2026-10-06 08:06:32] Sprawdzam: https://www.facebook.com/marketplace/item/1077529318369893
[2026-10-06 08:06:32] Sprawdzam: https://www.olx.pl/d/oferta/volkswagen-scirocco-2-0-tdi-242-km-6-biegow-xenon-szyberdach-skora-krajowy-CID5-ID1bYhbH.html?reason=observed_ad
[2026-10-06 08:06:32] Sprawdzam: https://www.otomoto.pl/osobowe/oferta/volkswagen-scirocco-ID6IeoPJ.html?session_long_olx=19f5668af28xced6a111&session_olx=1a0ab7eb45cx47947b02
[2026-10-06 08:06:33] Gotowe. Zapisano 4 ofert do tracker.xlsx i index.html
[2026-10-06 09:04:07] Sprawdzam: https://www.otomoto.pl/osobowe/oferta/volkswagen-scirocco-ID6IeDKy.html
[2026-10-06 09:04:08] Sprawdzam: https://www.facebook.com/marketplace/item/1077529318369893
[2026-10-06 09:04:08] Sprawdzam: https://www.olx.pl/d/oferta/volkswagen-scirocco-2-0-tdi-242-km-6-biegow-xenon-szyberdach-skora-krajowy-CID5-ID1bYhbH.html?reason=observed_ad
[2026-10-06 09:04:08] Sprawdzam: https://www.otomoto.pl/osobowe/oferta/volkswagen-scirocco-ID6IeoPJ.html?session_long_olx=19f5668af28xced6a111&session_olx=1a0ab7eb45cx47947b02
[2026-10-06 09:04:09] Gotowe. Zapisano 4 ofert do tracker.xlsx i index.html
[2026-10-06 10:03:47] Sprawdzam: https://www.otomoto.pl/osobowe/oferta/volkswagen-scirocco-ID6IeDKy.html
[2026-10-06 10:03:48] Sprawdzam: https://www.facebook.com/marketplace/item/1077529318369893
[2026-10-06 10:03:48] Sprawdzam: https://www.olx.pl/d/oferta/volkswagen-scirocco-2-0-tdi-242-km-6-biegow-xenon-szyberdach-skora-krajowy-CID5-ID1bYhbH.html?reason=observed_ad
[2026-10-06 10:03:48] Sprawdzam: https://www.otomoto.pl/osobowe/oferta/volkswagen-scirocco-ID6IeoPJ.html?session_long_olx=19f5668af28xced6a111&session_olx=1a0ab7eb45cx47947b02
[2026-10-06 10:03:49] Gotowe. Zapisano 4 ofert do tracker.xlsx i index.html
[2026-10-06 11:04:03] Sprawdzam: https://www.otomoto.pl/osobowe/oferta/volkswagen-scirocco-ID6IeDKy.html
[2026-10-06 11:04:03] Sprawdzam: https://www.facebook.com/marketplace/item/1077529318369893
[2026-10-06 11:04:03] Sprawdzam: https://www.olx.pl/d/oferta/volkswagen-scirocco-2-0-tdi-242-km-6-biegow-xenon-szyberdach-skora-krajowy-CID5-ID1bYhbH.html?reason=observed_ad
[2026-10-06 11:04:04] Sprawdzam: https://www.otomoto.pl/osobowe/oferta/volkswagen-scirocco-ID6IeoPJ.html?session_long_olx=19f5668af28xced6a111&session_olx=1a0ab7eb45cx47947b02
[2026-10-06 11:04:04] Gotowe. Zapisano 4 ofert do tracker.xlsx i index.html
[2026-10-06 12:03:59] Sprawdzam: https://www.otomoto.pl/osobowe/oferta/volkswagen-scirocco-ID6IeDKy.html
[2026-10-06 12:04:00] Sprawdzam: https://www.facebook.com/marketplace/item/1077529318369893
[2026-10-06 12:04:00] Sprawdzam: https://www.olx.pl/d/oferta/volkswagen-scirocco-2-0-tdi-242-km-6-biegow-xenon-szyberdach-skora-krajowy-CID5-ID1bYhbH.html?reason=observed_ad
[2026-10-06 12:04:01] Sprawdzam: https://www.otomoto.pl/osobowe/oferta/volkswagen-scirocco-ID6IeoPJ.html?session_long_olx=19f5668af28xced6a111&session_olx=1a0ab7eb45cx47947b02
[2026-10-06 12:04:02] Gotowe. Zapisano 4 ofert do tracker.xlsx i index.html
[2026-10-06 13:05:40] Sprawdzam: https://www.otomoto.pl/osobowe/oferta/volkswagen-scirocco-ID6IeDKy.html
[2026-10-06 13:05:41] Sprawdzam: https://www.facebook.com/marketplace/item/1077529318369893
[2026-10-06 13:05:41] Sprawdzam: https://www.olx.pl/d/oferta/volkswagen-scirocco-2-0-tdi-242-km-6-biegow-xenon-szyberdach-skora-krajowy-CID5-ID1bYhbH.html?reason=observed_ad
[2026-10-06 13:05:41] Sprawdzam: https://www.otomoto.pl/osobowe/oferta/volkswagen-scirocco-ID6IeoPJ.html?session_long_olx=19f5668af28xced6a111&session_olx=1a0ab7eb45cx47947b02
[2026-10-06 13:05:42] Gotowe. Zapisano 4 ofert do tracker.xlsx i index.html
[2026-10-06 14:06:00] Sprawdzam: https://www.otomoto.pl/osobowe/oferta/volkswagen-scirocco-ID6IeDKy.html
[2026-10-06 14:06:01] Sprawdzam: https://www.facebook.com/marketplace/item/1077529318369893
[2026-10-06 14:06:01] Sprawdzam: https://www.olx.pl/d/oferta/volkswagen-scirocco-2-0-tdi-242-km-6-biegow-xenon-szyberdach-skora-krajowy-CID5-ID1bYhbH.html?reason=observed_ad
[2026-10-06 14:06:01] Sprawdzam: https://www.otomoto.pl/osobowe/oferta/volkswagen-scirocco-ID6IeoPJ.html?session_long_olx=19f5668af28xced6a111&session_olx=1a0ab7eb45cx47947b02
[2026-10-06 14:06:02] Gotowe. Zapisano 4 ofert do tracker.xlsx i index.html
[2026-10-06 15:06:15] Sprawdzam: https://www.otomoto.pl/osobowe/oferta/volkswagen-scirocco-ID6IeDKy.html
[2026-10-06 15:06:16] Sprawdzam: https://www.facebook.com/marketplace/item/1077529318369893
[2026-10-06 15:06:16] Sprawdzam: https://www.olx.pl/d/oferta/volkswagen-scirocco-2-0-tdi-242-km-6-biegow-xenon-szyberdach-skora-krajowy-CID5-ID1bYhbH.html?reason=observed_ad
[2026-10-06 15:06:16] Sprawdzam: https://www.otomoto.pl/osobowe/oferta/volkswagen-scirocco-ID6IeoPJ.html?session_long_olx=19f5668af28xced6a111&session_olx=1a0ab7eb45cx47947b02
[2026-10-06 15:06:17] Gotowe. Zapisano 4 ofert do tracker.xlsx i index.html
[2026-10-06 16:04:39] Sprawdzam: https://www.otomoto.pl/osobowe/oferta/volkswagen-scirocco-ID6IeDKy.html
[2026-10-06 16:04:40] Sprawdzam: https://www.facebook.com/marketplace/item/1077529318369893
[2026-10-06 16:04:40] Sprawdzam: https://www.olx.pl/d/oferta/volkswagen-scirocco-2-0-tdi-242-km-6-biegow-xenon-szyberdach-skora-krajowy-CID5-ID1bYhbH.html?reason=observed_ad
[2026-10-06 16:04:40] Sprawdzam: https://www.otomoto.pl/osobowe/oferta/volkswagen-scirocco-ID6IeoPJ.html?session_long_olx=19f5668af28xced6a111&session_olx=1a0ab7eb45cx47947b02
[2026-10-06 16:04:40] Gotowe. Zapisano 4 ofert do tracker.xlsx i index.html
[2026-10-06 17:03:54] Sprawdzam: https://www.otomoto.pl/osobowe/oferta/volkswagen-scirocco-ID6IeDKy.html
[2026-10-06 17:03:55] Sprawdzam: https://www.facebook.com/marketplace/item/1077529318369893
[2026-10-06 17:03:55] Sprawdzam: https://www.olx.pl/d/oferta/volkswagen-scirocco-2-0-tdi-242-km-6-biegow-xenon-szyberdach-skora-krajowy-CID5-ID1bYhbH.html?reason=observed_ad
[2026-10-06 17:03:55] Sprawdzam: https://www.otomoto.pl/osobowe/oferta/volkswagen-scirocco-ID6IeoPJ.html?session_long_olx=19f5668af28xced6a111&session_olx=1a0ab7eb45cx47947b02
[2026-10-06 17:03:56] Gotowe. Zapisano 4 ofert do tracker.xlsx i index.html
[2026-10-06 18:02:46] Sprawdzam: https://www.otomoto.pl/osobowe/oferta/volkswagen-scirocco-ID6IeDKy.html
[2026-10-06 18:02:47] Sprawdzam: https://www.facebook.com/marketplace/item/1077529318369893
[2026-10-06 18:02:47] Sprawdzam: https://www.olx.pl/d/oferta/volkswagen-scirocco-2-0-tdi-242-km-6-biegow-xenon-szyberdach-skora-krajowy-CID5-ID1bYhbH.html?reason=observed_ad
[2026-10-06 18:02:48] Sprawdzam: https://www.otomoto.pl/osobowe/oferta/volkswagen-scirocco-ID6IeoPJ.html?session_long_olx=19f5668af28xced6a111&session_olx=1a0ab7eb45cx47947b02
[2026-10-06 18:02:48] Gotowe. Zapisano 4 ofert do tracker.xlsx i index.html
[2026-10-06 19:03:25] Sprawdzam: https://www.otomoto.pl/osobowe/oferta/volkswagen-scirocco-ID6IeDKy.html
[2026-10-06 19:03:25] Sprawdzam: https://www.facebook.com/marketplace/item/1077529318369893
[2026-10-06 19:03:26] Sprawdzam: https://www.olx.pl/d/oferta/volkswagen-scirocco-2-0-tdi-242-km-6-biegow-xenon-szyberdach-skora-krajowy-CID5-ID1bYhbH.html?reason=observed_ad
[2026-10-06 19:03:26] Sprawdzam: https://www.otomoto.pl/osobowe/oferta/volkswagen-scirocco-ID6IeoPJ.html?session_long_olx=19f5668af28xced6a111&session_olx=1a0ab7eb45cx47947b02
[2026-10-06 19:03:26] Gotowe. Zapisano 4 ofert do tracker.xlsx i index.html
[2026-10-06 20:02:13] Sprawdzam: https://www.otomoto.pl/osobowe/oferta/volkswagen-scirocco-ID6IeDKy.html
[2026-10-06 20:02:14] Sprawdzam: https://www.facebook.com/marketplace/item/1077529318369893
[2026-10-06 20:02:14] Sprawdzam: https://www.olx.pl/d/oferta/volkswagen-scirocco-2-0-tdi-242-km-6-biegow-xenon-szyberdach-skora-krajowy-CID5-ID1bYhbH.html?reason=observed_ad
[2026-10-06 20:02:14] Sprawdzam: https://www.otomoto.pl/osobowe/oferta/volkswagen-scirocco-ID6IeoPJ.html?session_long_olx=19f5668af28xced6a111&session_olx=1a0ab7eb45cx47947b02
[2026-10-06 20:02:15] Gotowe. Zapisano 4 ofert do tracker.xlsx i index.html
[2026-10-06 21:02:11] Sprawdzam: https://www.otomoto.pl/osobowe/oferta/volkswagen-scirocco-ID6IeDKy.html
[2026-10-06 21:02:12] Sprawdzam: https://www.facebook.com/marketplace/item/1077529318369893
[2026-10-06 21:02:12] Sprawdzam: https://www.olx.pl/d/oferta/volkswagen-scirocco-2-0-tdi-242-km-6-biegow-xenon-szyberdach-skora-krajowy-CID5-ID1bYhbH.html?reason=observed_ad
[2026-10-06 21:02:12] Sprawdzam: https://www.otomoto.pl/osobowe/oferta/volkswagen-scirocco-ID6IeoPJ.html?session_long_olx=19f5668af28xced6a111&session_olx=1a0ab7eb45cx47947b02
[2026-10-06 21:02:12] Gotowe. Zapisano 4 ofert do tracker.xlsx i index.html
[2026-10-06 22:01:56] Sprawdzam: https://www.otomoto.pl/osobowe/oferta/volkswagen-scirocco-ID6IeDKy.html
[2026-10-06 22:01:56] Sprawdzam: https://www.facebook.com/marketplace/item/1077529318369893
[2026-10-06 22:01:57] Sprawdzam: https://www.olx.pl/d/oferta/volkswagen-scirocco-2-0-tdi-242-km-6-biegow-xenon-szyberdach-skora-krajowy-CID5-ID1bYhbH.html?reason=observed_ad
[2026-10-06 22:01:57] Sprawdzam: https://www.otomoto.pl/osobowe/oferta/volkswagen-scirocco-ID6IeoPJ.html?session_long_olx=19f5668af28xced6a111&session_olx=1a0ab7eb45cx47947b02
[2026-10-06 22:01:58] Gotowe. Zapisano 4 ofert do tracker.xlsx i index.html
[2026-10-06 23:02:05] Sprawdzam: https://www.otomoto.pl/osobowe/oferta/volkswagen-scirocco-ID6IeDKy.html
[2026-10-06 23:02:06] Sprawdzam: https://www.facebook.com/marketplace/item/1077529318369893
[2026-10-06 23:02:06] Sprawdzam: https://www.olx.pl/d/oferta/volkswagen-scirocco-2-0-tdi-242-km-6-biegow-xenon-szyberdach-skora-krajowy-CID5-ID1bYhbH.html?reason=observed_ad
[2026-10-06 23:02:07] Sprawdzam: https://www.otomoto.pl/osobowe/oferta/volkswagen-scirocco-ID6IeoPJ.html?session_long_olx=19f5668af28xced6a111&session_olx=1a0ab7eb45cx47947b02
[2026-10-06 23:02:07] Gotowe. Zapisano 4 ofert do tracker.xlsx i index.html
[2026-10-07 00:03:08] Sprawdzam: https://www.otomoto.pl/osobowe/oferta/volkswagen-scirocco-ID6IeDKy.html
[2026-10-07 00:03:09] Sprawdzam: https://www.facebook.com/marketplace/item/1077529318369893
[2026-10-07 00:03:10] Sprawdzam: https://www.olx.pl/d/oferta/volkswagen-scirocco-2-0-tdi-242-km-6-biegow-xenon-szyberdach-skora-krajowy-CID5-ID1bYhbH.html?reason=observed_ad
[2026-10-07 00:03:10] Sprawdzam: https://www.otomoto.pl/osobowe/oferta/volkswagen-scirocco-ID6IeoPJ.html?session_long_olx=19f5668af28xced6a111&session_olx=1a0ab7eb45cx47947b02
[2026-10-07 00:03:10] Gotowe. Zapisano 4 ofert do tracker.xlsx i index.html
[2026-10-07 01:07:24] Sprawdzam: https://www.otomoto.pl/osobowe/oferta/volkswagen-scirocco-ID6IeDKy.html
[2026-10-07 01:07:25] Sprawdzam: https://www.facebook.com/marketplace/item/1077529318369893
[2026-10-07 01:07:25] Sprawdzam: https://www.olx.pl/d/oferta/volkswagen-scirocco-2-0-tdi-242-km-6-biegow-xenon-szyberdach-skora-krajowy-CID5-ID1bYhbH.html?reason=observed_ad
[2026-10-07 01:07:25] Sprawdzam: https://www.otomoto.pl/osobowe/oferta/volkswagen-scirocco-ID6IeoPJ.html?session_long_olx=19f5668af28xced6a111&session_olx=1a0ab7eb45cx47947b02
[2026-10-07 01:07:26] Gotowe. Zapisano 4 ofert do tracker.xlsx i index.html
[2026-10-07 02:04:03] Sprawdzam: https://www.otomoto.pl/osobowe/oferta/volkswagen-scirocco-ID6IeDKy.html
[2026-10-07 02:04:03] Sprawdzam: https://www.facebook.com/marketplace/item/1077529318369893
[2026-10-07 02:04:04] Sprawdzam: https://www.olx.pl/d/oferta/volkswagen-scirocco-2-0-tdi-242-km-6-biegow-xenon-szyberdach-skora-krajowy-CID5-ID1bYhbH.html?reason=observed_ad
[2026-10-07 02:04:04] Sprawdzam: https://www.otomoto.pl/osobowe/oferta/volkswagen-scirocco-ID6IeoPJ.html?session_long_olx=19f5668af28xced6a111&session_olx=1a0ab7eb45cx47947b02
[2026-10-07 02:04:04] Gotowe. Zapisano 4 ofert do tracker.xlsx i index.html
[2026-10-07 03:03:44] Sprawdzam: https://www.otomoto.pl/osobowe/oferta/volkswagen-scirocco-ID6IeDKy.html
[2026-10-07 03:03:45] Sprawdzam: https://www.facebook.com/marketplace/item/1077529318369893
[2026-10-07 03:03:45] Sprawdzam: https://www.olx.pl/d/oferta/volkswagen-scirocco-2-0-tdi-242-km-6-biegow-xenon-szyberdach-skora-krajowy-CID5-ID1bYhbH.html?reason=observed_ad
[2026-10-07 03:03:45] Sprawdzam: https://www.otomoto.pl/osobowe/oferta/volkswagen-scirocco-ID6IeoPJ.html?session_long_olx=19f5668af28xced6a111&session_olx=1a0ab7eb45cx47947b02
[2026-10-07 03:03:46] Gotowe. Zapisano 4 ofert do tracker.xlsx i index.html
[2026-10-07 04:03:50] Sprawdzam: https://www.otomoto.pl/osobowe/oferta/volkswagen-scirocco-ID6IeDKy.html
[2026-10-07 04:03:52] Sprawdzam: https://www.facebook.com/marketplace/item/1077529318369893
[2026-10-07 04:03:52] Sprawdzam: https://www.olx.pl/d/oferta/volkswagen-scirocco-2-0-tdi-242-km-6-biegow-xenon-szyberdach-skora-krajowy-CID5-ID1bYhbH.html?reason=observed_ad
[2026-10-07 04:03:52] Sprawdzam: https://www.otomoto.pl/osobowe/oferta/volkswagen-scirocco-ID6IeoPJ.html?session_long_olx=19f5668af28xced6a111&session_olx=1a0ab7eb45cx47947b02
[2026-10-07 04:03:53] Gotowe. Zapisano 4 ofert do tracker.xlsx i index.html
[2026-10-07 05:04:28] Sprawdzam: https://www.otomoto.pl/osobowe/oferta/volkswagen-scirocco-ID6IeDKy.html
[2026-10-07 05:04:29] Sprawdzam: https://www.facebook.com/marketplace/item/1077529318369893
[2026-10-07 05:04:29] Sprawdzam: https://www.olx.pl/d/oferta/volkswagen-scirocco-2-0-tdi-242-km-6-biegow-xenon-szyberdach-skora-krajowy-CID5-ID1bYhbH.html?reason=observed_ad
[2026-10-07 05:04:29] Sprawdzam: https://www.otomoto.pl/osobowe/oferta/volkswagen-scirocco-ID6IeoPJ.html?session_long_olx=19f5668af28xced6a111&session_olx=1a0ab7eb45cx47947b02
[2026-10-07 05:04:30] Gotowe. Zapisano 4 ofert do tracker.xlsx i index.html
[2026-10-07 06:03:16] Sprawdzam: https://www.otomoto.pl/osobowe/oferta/volkswagen-scirocco-ID6IeDKy.html
[2026-10-07 06:03:19] Sprawdzam: https://www.facebook.com/marketplace/item/1077529318369893
[2026-10-07 06:03:19] Sprawdzam: https://www.olx.pl/d/oferta/volkswagen-scirocco-2-0-tdi-242-km-6-biegow-xenon-szyberdach-skora-krajowy-CID5-ID1bYhbH.html?reason=observed_ad
[2026-10-07 06:03:19] Sprawdzam: https://www.otomoto.pl/osobowe/oferta/volkswagen-scirocco-ID6IeoPJ.html?session_long_olx=19f5668af28xced6a111&session_olx=1a0ab7eb45cx47947b02
[2026-10-07 06:03:20] Gotowe. Zapisano 4 ofert do tracker.xlsx i index.html
[2026-10-07 07:06:33] Sprawdzam: https://www.otomoto.pl/osobowe/oferta/volkswagen-scirocco-ID6IeDKy.html
[2026-10-07 07:06:34] Sprawdzam: https://www.facebook.com/marketplace/item/1077529318369893
[2026-10-07 07:06:34] Sprawdzam: https://www.olx.pl/d/oferta/volkswagen-scirocco-2-0-tdi-242-km-6-biegow-xenon-szyberdach-skora-krajowy-CID5-ID1bYhbH.html?reason=observed_ad
[2026-10-07 07:06:34] Sprawdzam: https://www.otomoto.pl/osobowe/oferta/volkswagen-scirocco-ID6IeoPJ.html?session_long_olx=19f5668af28xced6a111&session_olx=1a0ab7eb45cx47947b02
[2026-10-07 07:06:35] Gotowe. Zapisano 4 ofert do tracker.xlsx i index.html
[2026-10-07 08:05:42] Sprawdzam: https://www.otomoto.pl/osobowe/oferta/volkswagen-scirocco-ID6IeDKy.html
[2026-10-07 08:05:43] Sprawdzam: https://www.facebook.com/marketplace/item/1077529318369893
[2026-10-07 08:05:43] Sprawdzam: https://www.olx.pl/d/oferta/volkswagen-scirocco-2-0-tdi-242-km-6-biegow-xenon-szyberdach-skora-krajowy-CID5-ID1bYhbH.html?reason=observed_ad
[2026-10-07 08:05:44] Sprawdzam: https://www.otomoto.pl/osobowe/oferta/volkswagen-scirocco-ID6IeoPJ.html?session_long_olx=19f5668af28xced6a111&session_olx=1a0ab7eb45cx47947b02
[2026-10-07 08:05:45] Gotowe. Zapisano 4 ofert do tracker.xlsx i index.html
[2026-10-07 09:04:19] Sprawdzam: https://www.otomoto.pl/osobowe/oferta/volkswagen-scirocco-ID6IeDKy.html
[2026-10-07 09:04:20] Sprawdzam: https://www.facebook.com/marketplace/item/1077529318369893
[2026-10-07 09:04:21] Sprawdzam: https://www.olx.pl/d/oferta/volkswagen-scirocco-2-0-tdi-242-km-6-biegow-xenon-szyberdach-skora-krajowy-CID5-ID1bYhbH.html?reason=observed_ad
[2026-10-07 09:04:21] Sprawdzam: https://www.otomoto.pl/osobowe/oferta/volkswagen-scirocco-ID6IeoPJ.html?session_long_olx=19f5668af28xced6a111&session_olx=1a0ab7eb45cx47947b02
[2026-10-07 09:04:21] Gotowe. Zapisano 4 ofert do tracker.xlsx i index.html
[2026-10-07 10:05:11] Sprawdzam: https://www.otomoto.pl/osobowe/oferta/volkswagen-scirocco-ID6IeDKy.html
[2026-10-07 10:05:12] Sprawdzam: https://www.facebook.com/marketplace/item/1077529318369893
[2026-10-07 10:05:12] Sprawdzam: https://www.olx.pl/d/oferta/volkswagen-scirocco-2-0-tdi-242-km-6-biegow-xenon-szyberdach-skora-krajowy-CID5-ID1bYhbH.html?reason=observed_ad
[2026-10-07 10:05:12] Sprawdzam: https://www.otomoto.pl/osobowe/oferta/volkswagen-scirocco-ID6IeoPJ.html?session_long_olx=19f5668af28xced6a111&session_olx=1a0ab7eb45cx47947b02
[2026-10-07 10:05:13] Gotowe. Zapisano 4 ofert do tracker.xlsx i index.html
[2026-10-07 11:04:32] Sprawdzam: https://www.otomoto.pl/osobowe/oferta/volkswagen-scirocco-ID6IeDKy.html
[2026-10-07 11:04:33] Sprawdzam: https://www.facebook.com/marketplace/item/1077529318369893
[2026-10-07 11:04:33] Sprawdzam: https://www.olx.pl/d/oferta/volkswagen-scirocco-2-0-tdi-242-km-6-biegow-xenon-szyberdach-skora-krajowy-CID5-ID1bYhbH.html?reason=observed_ad
[2026-10-07 11:04:33] Sprawdzam: https://www.otomoto.pl/osobowe/oferta/volkswagen-scirocco-ID6IeoPJ.html?session_long_olx=19f5668af28xced6a111&session_olx=1a0ab7eb45cx47947b02
[2026-10-07 11:04:34] Gotowe. Zapisano 4 ofert do tracker.xlsx i index.html
[2026-10-07 12:04:57] Sprawdzam: https://www.otomoto.pl/osobowe/oferta/volkswagen-scirocco-ID6IeDKy.html
[2026-10-07 12:04:58] Sprawdzam: https://www.facebook.com/marketplace/item/1077529318369893
[2026-10-07 12:04:59] Sprawdzam: https://www.olx.pl/d/oferta/volkswagen-scirocco-2-0-tdi-242-km-6-biegow-xenon-szyberdach-skora-krajowy-CID5-ID1bYhbH.html?reason=observed_ad
[2026-10-07 12:04:59] Sprawdzam: https://www.otomoto.pl/osobowe/oferta/volkswagen-scirocco-ID6IeoPJ.html?session_long_olx=19f5668af28xced6a111&session_olx=1a0ab7eb45cx47947b02
[2026-10-07 12:05:00] Gotowe. Zapisano 4 ofert do tracker.xlsx i index.html
[2026-10-07 13:09:03] Sprawdzam: https://www.otomoto.pl/osobowe/oferta/volkswagen-scirocco-ID6IeDKy.html
[2026-10-07 13:09:04] Sprawdzam: https://www.facebook.com/marketplace/item/1077529318369893
[2026-10-07 13:09:04] Sprawdzam: https://www.olx.pl/d/oferta/volkswagen-scirocco-2-0-tdi-242-km-6-biegow-xenon-szyberdach-skora-krajowy-CID5-ID1bYhbH.html?reason=observed_ad
[2026-10-07 13:09:05] Sprawdzam: https://www.otomoto.pl/osobowe/oferta/volkswagen-scirocco-ID6IeoPJ.html?session_long_olx=19f5668af28xced6a111&session_olx=1a0ab7eb45cx47947b02
[2026-10-07 13:09:05] Gotowe. Zapisano 4 ofert do tracker.xlsx i index.html
[2026-10-07 14:04:06] Sprawdzam: https://www.otomoto.pl/osobowe/oferta/volkswagen-scirocco-ID6IeDKy.html
[2026-10-07 14:04:07] Sprawdzam: https://www.facebook.com/marketplace/item/1077529318369893
[2026-10-07 14:04:07] Sprawdzam: https://www.olx.pl/d/oferta/volkswagen-scirocco-2-0-tdi-242-km-6-biegow-xenon-szyberdach-skora-krajowy-CID5-ID1bYhbH.html?reason=observed_ad
[2026-10-07 14:04:07] Sprawdzam: https://www.otomoto.pl/osobowe/oferta/volkswagen-scirocco-ID6IeoPJ.html?session_long_olx=19f5668af28xced6a111&session_olx=1a0ab7eb45cx47947b02
[2026-10-07 14:04:08] Gotowe. Zapisano 4 ofert do tracker.xlsx i index.html
[2026-10-07 15:06:13] Sprawdzam: https://www.otomoto.pl/osobowe/oferta/volkswagen-scirocco-ID6IeDKy.html
[2026-10-07 15:06:14] Sprawdzam: https://www.facebook.com/marketplace/item/1077529318369893
[2026-10-07 15:06:14] Sprawdzam: https://www.olx.pl/d/oferta/volkswagen-scirocco-2-0-tdi-242-km-6-biegow-xenon-szyberdach-skora-krajowy-CID5-ID1bYhbH.html?reason=observed_ad
[2026-10-07 15:06:14] Sprawdzam: https://www.otomoto.pl/osobowe/oferta/volkswagen-scirocco-ID6IeoPJ.html?session_long_olx=19f5668af28xced6a111&session_olx=1a0ab7eb45cx47947b02
[2026-10-07 15:06:15] Gotowe. Zapisano 4 ofert do tracker.xlsx i index.html
[2026-10-07 16:07:19] Sprawdzam: https://www.otomoto.pl/osobowe/oferta/volkswagen-scirocco-ID6IeDKy.html
[2026-10-07 16:07:20] Sprawdzam: https://www.facebook.com/marketplace/item/1077529318369893
[2026-10-07 16:07:20] Sprawdzam: https://www.olx.pl/d/oferta/volkswagen-scirocco-2-0-tdi-242-km-6-biegow-xenon-szyberdach-skora-krajowy-CID5-ID1bYhbH.html?reason=observed_ad
[2026-10-07 16:07:21] Sprawdzam: https://www.otomoto.pl/osobowe/oferta/volkswagen-scirocco-ID6IeoPJ.html?session_long_olx=19f5668af28xced6a111&session_olx=1a0ab7eb45cx47947b02
[2026-10-07 16:07:21] Gotowe. Zapisano 4 ofert do tracker.xlsx i index.html
[2026-10-07 17:13:42] Sprawdzam: https://www.otomoto.pl/osobowe/oferta/volkswagen-scirocco-ID6IeDKy.html
[2026-10-07 17:13:43] Sprawdzam: https://www.facebook.com/marketplace/item/1077529318369893
[2026-10-07 17:13:43] Sprawdzam: https://www.olx.pl/d/oferta/volkswagen-scirocco-2-0-tdi-242-km-6-biegow-xenon-szyberdach-skora-krajowy-CID5-ID1bYhbH.html?reason=observed_ad
[2026-10-07 17:13:43] Sprawdzam: https://www.otomoto.pl/osobowe/oferta/volkswagen-scirocco-ID6IeoPJ.html?session_long_olx=19f5668af28xced6a111&session_olx=1a0ab7eb45cx47947b02
[2026-10-07 17:13:44] Gotowe. Zapisano 4 ofert do tracker.xlsx i index.html
[2026-10-07 18:04:21] Sprawdzam: https://www.otomoto.pl/osobowe/oferta/volkswagen-scirocco-ID6IeDKy.html
[2026-10-07 18:04:23] Sprawdzam: https://www.facebook.com/marketplace/item/1077529318369893
[2026-10-07 18:04:23] Sprawdzam: https://www.olx.pl/d/oferta/volkswagen-scirocco-2-0-tdi-242-km-6-biegow-xenon-szyberdach-skora-krajowy-CID5-ID1bYhbH.html?reason=observed_ad
[2026-10-07 18:04:24] Sprawdzam: https://www.otomoto.pl/osobowe/oferta/volkswagen-scirocco-ID6IeoPJ.html?session_long_olx=19f5668af28xced6a111&session_olx=1a0ab7eb45cx47947b02
[2026-10-07 18:04:24] Gotowe. Zapisano 4 ofert do tracker.xlsx i index.html
[2026-10-07 19:06:08] Sprawdzam: https://www.otomoto.pl/osobowe/oferta/volkswagen-scirocco-ID6IeDKy.html
[2026-10-07 19:06:09] Sprawdzam: https://www.facebook.com/marketplace/item/1077529318369893
[2026-10-07 19:06:09] Sprawdzam: https://www.olx.pl/d/oferta/volkswagen-scirocco-2-0-tdi-242-km-6-biegow-xenon-szyberdach-skora-krajowy-CID5-ID1bYhbH.html?reason=observed_ad
[2026-10-07 19:06:09] Sprawdzam: https://www.otomoto.pl/osobowe/oferta/volkswagen-scirocco-ID6IeoPJ.html?session_long_olx=19f5668af28xced6a111&session_olx=1a0ab7eb45cx47947b02
[2026-10-07 19:06:10] Gotowe. Zapisano 4 ofert do tracker.xlsx i index.html
[2026-10-07 20:02:40] Sprawdzam: https://www.otomoto.pl/osobowe/oferta/volkswagen-scirocco-ID6IeDKy.html
[2026-10-07 20:02:41] Sprawdzam: https://www.facebook.com/marketplace/item/1077529318369893
[2026-10-07 20:02:41] Sprawdzam: https://www.olx.pl/d/oferta/volkswagen-scirocco-2-0-tdi-242-km-6-biegow-xenon-szyberdach-skora-krajowy-CID5-ID1bYhbH.html?reason=observed_ad
[2026-10-07 20:02:41] Sprawdzam: https://www.otomoto.pl/osobowe/oferta/volkswagen-scirocco-ID6IeoPJ.html?session_long_olx=19f5668af28xced6a111&session_olx=1a0ab7eb45cx47947b02
[2026-10-07 20:02:42] Gotowe. Zapisano 4 ofert do tracker.xlsx i index.html
[2026-10-07 21:03:47] Sprawdzam: https://www.otomoto.pl/osobowe/oferta/volkswagen-scirocco-ID6IeDKy.html
[2026-10-07 21:03:48] Sprawdzam: https://www.facebook.com/marketplace/item/1077529318369893
[2026-10-07 21:03:48] Sprawdzam: https://www.olx.pl/d/oferta/volkswagen-scirocco-2-0-tdi-242-km-6-biegow-xenon-szyberdach-skora-krajowy-CID5-ID1bYhbH.html?reason=observed_ad
[2026-10-07 21:03:48] Sprawdzam: https://www.otomoto.pl/osobowe/oferta/volkswagen-scirocco-ID6IeoPJ.html?session_long_olx=19f5668af28xced6a111&session_olx=1a0ab7eb45cx47947b02
[2026-10-07 21:03:49] Gotowe. Zapisano 4 ofert do tracker.xlsx i index.html
[2026-10-07 22:03:07] Sprawdzam: https://www.otomoto.pl/osobowe/oferta/volkswagen-scirocco-ID6IeDKy.html
[2026-10-07 22:03:09] Sprawdzam: https://www.facebook.com/marketplace/item/1077529318369893
[2026-10-07 22:03:10] Sprawdzam: https://www.olx.pl/d/oferta/volkswagen-scirocco-2-0-tdi-242-km-6-biegow-xenon-szyberdach-skora-krajowy-CID5-ID1bYhbH.html?reason=observed_ad
[2026-10-07 22:03:10] Sprawdzam: https://www.otomoto.pl/osobowe/oferta/volkswagen-scirocco-ID6IeoPJ.html?session_long_olx=19f5668af28xced6a111&session_olx=1a0ab7eb45cx47947b02
[2026-10-07 22:03:10] Gotowe. Zapisano 4 ofert do tracker.xlsx i index.html
[2026-10-07 23:02:02] Sprawdzam: https://www.otomoto.pl/osobowe/oferta/volkswagen-scirocco-ID6IeDKy.html
[2026-10-07 23:02:03] Sprawdzam: https://www.facebook.com/marketplace/item/1077529318369893
[2026-10-07 23:02:04] Sprawdzam: https://www.olx.pl/d/oferta/volkswagen-scirocco-2-0-tdi-242-km-6-biegow-xenon-szyberdach-skora-krajowy-CID5-ID1bYhbH.html?reason=observed_ad
[2026-10-07 23:02:04] Sprawdzam: https://www.otomoto.pl/osobowe/oferta/volkswagen-scirocco-ID6IeoPJ.html?session_long_olx=19f5668af28xced6a111&session_olx=1a0ab7eb45cx47947b02
[2026-10-07 23:02:04] Gotowe. Zapisano 4 ofert do tracker.xlsx i index.html
[2026-10-08 00:02:35] Sprawdzam: https://www.otomoto.pl/osobowe/oferta/volkswagen-scirocco-ID6IeDKy.html
[2026-10-08 00:02:37] Sprawdzam: https://www.facebook.com/marketplace/item/1077529318369893
[2026-10-08 00:02:37] Sprawdzam: https://www.olx.pl/d/oferta/volkswagen-scirocco-2-0-tdi-242-km-6-biegow-xenon-szyberdach-skora-krajowy-CID5-ID1bYhbH.html?reason=observed_ad
[2026-10-08 00:02:37] Sprawdzam: https://www.otomoto.pl/osobowe/oferta/volkswagen-scirocco-ID6IeoPJ.html?session_long_olx=19f5668af28xced6a111&session_olx=1a0ab7eb45cx47947b02
[2026-10-08 00:02:38] Gotowe. Zapisano 4 ofert do tracker.xlsx i index.html
[2026-10-08 01:07:52] Sprawdzam: https://www.otomoto.pl/osobowe/oferta/volkswagen-scirocco-ID6IeDKy.html
[2026-10-08 01:07:54] Sprawdzam: https://www.facebook.com/marketplace/item/1077529318369893
[2026-10-08 01:07:54] Sprawdzam: https://www.olx.pl/d/oferta/volkswagen-scirocco-2-0-tdi-242-km-6-biegow-xenon-szyberdach-skora-krajowy-CID5-ID1bYhbH.html?reason=observed_ad
[2026-10-08 01:07:54] Sprawdzam: https://www.otomoto.pl/osobowe/oferta/volkswagen-scirocco-ID6IeoPJ.html?session_long_olx=19f5668af28xced6a111&session_olx=1a0ab7eb45cx47947b02
[2026-10-08 01:07:55] Gotowe. Zapisano 4 ofert do tracker.xlsx i index.html
[2026-10-08 02:04:05] Sprawdzam: https://www.otomoto.pl/osobowe/oferta/volkswagen-scirocco-ID6IeDKy.html
[2026-10-08 02:04:06] Sprawdzam: https://www.facebook.com/marketplace/item/1077529318369893
[2026-10-08 02:04:06] Sprawdzam: https://www.olx.pl/d/oferta/volkswagen-scirocco-2-0-tdi-242-km-6-biegow-xenon-szyberdach-skora-krajowy-CID5-ID1bYhbH.html?reason=observed_ad
[2026-10-08 02:04:06] Sprawdzam: https://www.otomoto.pl/osobowe/oferta/volkswagen-scirocco-ID6IeoPJ.html?session_long_olx=19f5668af28xced6a111&session_olx=1a0ab7eb45cx47947b02
[2026-10-08 02:04:07] Gotowe. Zapisano 4 ofert do tracker.xlsx i index.html
[2026-10-08 03:03:44] Sprawdzam: https://www.otomoto.pl/osobowe/oferta/volkswagen-scirocco-ID6IeDKy.html
[2026-10-08 03:03:45] Sprawdzam: https://www.facebook.com/marketplace/item/1077529318369893
[2026-10-08 03:03:45] Sprawdzam: https://www.olx.pl/d/oferta/volkswagen-scirocco-2-0-tdi-242-km-6-biegow-xenon-szyberdach-skora-krajowy-CID5-ID1bYhbH.html?reason=observed_ad
[2026-10-08 03:03:45] Sprawdzam: https://www.otomoto.pl/osobowe/oferta/volkswagen-scirocco-ID6IeoPJ.html?session_long_olx=19f5668af28xced6a111&session_olx=1a0ab7eb45cx47947b02
[2026-10-08 03:03:46] Gotowe. Zapisano 4 ofert do tracker.xlsx i index.html
[2026-10-08 04:04:15] Sprawdzam: https://www.otomoto.pl/osobowe/oferta/volkswagen-scirocco-ID6IeDKy.html
[2026-10-08 04:04:16] Sprawdzam: https://www.facebook.com/marketplace/item/1077529318369893
[2026-10-08 04:04:16] Sprawdzam: https://www.olx.pl/d/oferta/volkswagen-scirocco-2-0-tdi-242-km-6-biegow-xenon-szyberdach-skora-krajowy-CID5-ID1bYhbH.html?reason=observed_ad
[2026-10-08 04:04:16] Sprawdzam: https://www.otomoto.pl/osobowe/oferta/volkswagen-scirocco-ID6IeoPJ.html?session_long_olx=19f5668af28xced6a111&session_olx=1a0ab7eb45cx47947b02
[2026-10-08 04:04:17] Gotowe. Zapisano 4 ofert do tracker.xlsx i index.html
[2026-10-08 05:04:13] Sprawdzam: https://www.otomoto.pl/osobowe/oferta/volkswagen-scirocco-ID6IeDKy.html
[2026-10-08 05:04:14] Sprawdzam: https://www.facebook.com/marketplace/item/1077529318369893
[2026-10-08 05:04:14] Sprawdzam: https://www.olx.pl/d/oferta/volkswagen-scirocco-2-0-tdi-242-km-6-biegow-xenon-szyberdach-skora-krajowy-CID5-ID1bYhbH.html?reason=observed_ad
[2026-10-08 05:04:15] Sprawdzam: https://www.otomoto.pl/osobowe/oferta/volkswagen-scirocco-ID6IeoPJ.html?session_long_olx=19f5668af28xced6a111&session_olx=1a0ab7eb45cx47947b02
[2026-10-08 05:04:15] Gotowe. Zapisano 4 ofert do tracker.xlsx i index.html
[2026-10-08 06:04:37] Sprawdzam: https://www.otomoto.pl/osobowe/oferta/volkswagen-scirocco-ID6IeDKy.html
[2026-10-08 06:04:37] Sprawdzam: https://www.facebook.com/marketplace/item/1077529318369893
[2026-10-08 06:04:37] Sprawdzam: https://www.olx.pl/d/oferta/volkswagen-scirocco-2-0-tdi-242-km-6-biegow-xenon-szyberdach-skora-krajowy-CID5-ID1bYhbH.html?reason=observed_ad
[2026-10-08 06:04:38] Sprawdzam: https://www.otomoto.pl/osobowe/oferta/volkswagen-scirocco-ID6IeoPJ.html?session_long_olx=19f5668af28xced6a111&session_olx=1a0ab7eb45cx47947b02
[2026-10-08 06:04:39] Gotowe. Zapisano 4 ofert do tracker.xlsx i index.html
[2026-10-08 07:08:05] Sprawdzam: https://www.otomoto.pl/osobowe/oferta/volkswagen-scirocco-ID6IeDKy.html
[2026-10-08 07:08:07] Sprawdzam: https://www.facebook.com/marketplace/item/1077529318369893
[2026-10-08 07:08:07] Sprawdzam: https://www.olx.pl/d/oferta/volkswagen-scirocco-2-0-tdi-242-km-6-biegow-xenon-szyberdach-skora-krajowy-CID5-ID1bYhbH.html?reason=observed_ad
[2026-10-08 07:08:07] Sprawdzam: https://www.otomoto.pl/osobowe/oferta/volkswagen-scirocco-ID6IeoPJ.html?session_long_olx=19f5668af28xced6a111&session_olx=1a0ab7eb45cx47947b02
[2026-10-08 07:08:08] Gotowe. Zapisano 4 ofert do tracker.xlsx i index.html
[2026-10-08 08:05:01] Sprawdzam: https://www.otomoto.pl/osobowe/oferta/volkswagen-scirocco-ID6IeDKy.html
[2026-10-08 08:05:02] Sprawdzam: https://www.facebook.com/marketplace/item/1077529318369893
[2026-10-08 08:05:02] Sprawdzam: https://www.olx.pl/d/oferta/volkswagen-scirocco-2-0-tdi-242-km-6-biegow-xenon-szyberdach-skora-krajowy-CID5-ID1bYhbH.html?reason=observed_ad
[2026-10-08 08:05:02] Sprawdzam: https://www.otomoto.pl/osobowe/oferta/volkswagen-scirocco-ID6IeoPJ.html?session_long_olx=19f5668af28xced6a111&session_olx=1a0ab7eb45cx47947b02
[2026-10-08 08:05:03] Gotowe. Zapisano 4 ofert do tracker.xlsx i index.html
[2026-10-08 09:04:55] Sprawdzam: https://www.otomoto.pl/osobowe/oferta/volkswagen-scirocco-ID6IeDKy.html
[2026-10-08 09:04:56] Sprawdzam: https://www.facebook.com/marketplace/item/1077529318369893
[2026-10-08 09:04:56] Sprawdzam: https://www.olx.pl/d/oferta/volkswagen-scirocco-2-0-tdi-242-km-6-biegow-xenon-szyberdach-skora-krajowy-CID5-ID1bYhbH.html?reason=observed_ad
[2026-10-08 09:04:57] Sprawdzam: https://www.otomoto.pl/osobowe/oferta/volkswagen-scirocco-ID6IeoPJ.html?session_long_olx=19f5668af28xced6a111&session_olx=1a0ab7eb45cx47947b02
[2026-10-08 09:04:57] Gotowe. Zapisano 4 ofert do tracker.xlsx i index.html
[2026-10-08 10:05:41] Sprawdzam: https://www.otomoto.pl/osobowe/oferta/volkswagen-scirocco-ID6IeDKy.html
[2026-10-08 10:05:43] Sprawdzam: https://www.facebook.com/marketplace/item/1077529318369893
[2026-10-08 10:05:43] Sprawdzam: https://www.olx.pl/d/oferta/volkswagen-scirocco-2-0-tdi-242-km-6-biegow-xenon-szyberdach-skora-krajowy-CID5-ID1bYhbH.html?reason=observed_ad
[2026-10-08 10:05:43] Sprawdzam: https://www.otomoto.pl/osobowe/oferta/volkswagen-scirocco-ID6IeoPJ.html?session_long_olx=19f5668af28xced6a111&session_olx=1a0ab7eb45cx47947b02
[2026-10-08 10:05:44] Gotowe. Zapisano 4 ofert do tracker.xlsx i index.html
